날짜,주차,차종,사출도번,등급,단가,매출단가,원재료,원재료금액,공정사출,공정사출금액,자재창고,자재창고금액,지그삽입전,지그삽입전금액,지그삽입후,지그삽입후금액,AS사출,AS사출금액,사출 총 수량,사출 총 금액,도장완료,도장완료 금액,공정창고,레이저전,인쇄,완제품 총수량,완제품 총금액,AS완제품,AS완제품금액,총수량,총금액,주간매출,주간계획,변동 수량,변동 금액
2026-08-18,34,SP2(SORENTO),299227064,A/S,34.0,100.0,0,0.0,50,1685.0,33,1123.4,12,401.2,9,321.0,38,1292.0,118,4012.0,29,986.0,6,17,7,144,4896.0,50,1700.0,291,9894.0,24,26,4,136.0
2026-08-18,34,DH(G80),299790230,A/S,31.0,102.0,0,0.0,8,247.4,5,164.9,2,58.9,2,47.1,6,186.0,19,589.0,5,155.0,1,3,1,23,713.0,8,248.0,47,1457.0,3,3,7,217.0
2026-08-18,34,PAINT,299349781,원재료,52.0,,995,51740.0,0,0.0,0,0.0,0,0.0,0,0.0,0,0.0,0,0.0,0,0.0,0,0,0,0,0.0,0,0.0,995,51740.0,0,0,-23,-1196.0
2026-08-18,34,JX1,299139477,A/S,161.0,,0,0.0,265,42735.8,177,28490.6,63,10175.2,51,8140.2,223,35903.0,632,101752.0,158,25438.0,31,93,39,771,124131.0,296,47656.0,1561,251321.0,104,114,25,4025.0
2026-08-18,34,QL(TUCSON),299355055,A/S,174.0,658.0,0,0.0,470,81776.5,313,54517.7,112,19470.6,90,15576.5,289,50286.0,1119,194706.0,280,48720.0,55,164,68,1365,237510.0,383,66642.0,2764,480936.0,138,152,280,48720.0
2026-08-18,34,CK(STINGER),299236093,A/S,73.0,,0,0.0,60,4415.0,40,2943.4,14,1051.2,12,841.0,44,3212.0,144,10512.0,36,2628.0,7,21,9,175,12775.0,59,4307.0,355,25915.0,26,29,-30,-2190.0
2026-08-18,34,CK(STINGER),299405468,A/S,86.0,313.0,0,0.0,413,35506.0,275,23670.6,98,8453.8,79,6763.0,301,25886.0,983,84538.0,246,21156.0,48,144,60,1199,103114.0,399,34314.0,2428,208808.0,139,153,66,5676.0
2026-08-18,34,QL(TUCSON),299207672,A/S,,,0,0.0,426,27283.2,284,18188.8,102,6496.0,81,5196.8,306,19584.0,1015,64960.0,254,16256.0,50,149,62,1239,79296.0,405,25920.0,2508,160512.0,112,123,62,3968.0
2026-08-18,34,TQ(STAREX),299701760,D,136.0,,0,0.0,1920,261152.6,1280,174101.8,457,62179.2,366,49743.4,213,28968.0,4572,621792.0,1143,155448.0,223,670,279,5580,758880.0,282,38352.0,11295,1536120.0,756,832,98,13328.0
2026-08-18,34,OS(KONA),299741949,A/S,104.0,,0,0.0,653,67878.7,435,45252.5,155,16161.6,124,12929.3,499,51896.0,1554,161616.0,389,40456.0,76,228,95,1897,197288.0,661,68744.0,3840,399360.0,220,242,253,26312.0
2026-08-18,34,JX1,299145856,A/S,87.0,332.0,0,0.0,55,4823.3,37,3215.5,13,1148.4,11,918.7,43,3741.0,132,11484.0,33,2871.0,6,19,8,161,14007.0,57,4959.0,326,28362.0,21,23,-13,-1131.0
2026-08-18,34,AE(IONIQ),299915149,A/S,48.0,166.0,0,0.0,185,8870.4,123,5913.6,44,2112.0,35,1689.6,144,6912.0,440,21120.0,110,5280.0,21,64,27,537,25776.0,192,9216.0,1087,52176.0,68,75,32,1536.0
2026-08-18,34,CN7(AVANTE),206661703,A/S,88.0,332.0,0,0.0,260,22915.2,174,15276.8,62,5456.0,50,4364.8,196,17248.0,620,54560.0,155,13640.0,30,91,38,757,66616.0,260,22880.0,1532,134816.0,56,62,-62,-5456.0
2026-08-18,34,DH(G80),202917852,A/S,88.0,299.0,0,0.0,434,38179.7,289,25453.1,103,9090.4,83,7272.3,350,30800.0,1033,90904.0,258,22704.0,50,151,63,1261,110968.0,463,40744.0,2552,224576.0,202,222,117,10296.0
2026-08-18,34,ON(TELLURIDE),206405939,A/S,89.0,341.0,0,0.0,29,2541.8,19,1694.6,7,605.2,5,484.2,21,1869.0,68,6052.0,17,1513.0,3,10,4,83,7387.0,28,2492.0,168,14952.0,9,10,-4,-356.0
2026-08-18,34,JX1,299745105,A/S,36.0,,0,0.0,14,499.0,9,332.6,3,118.8,3,95.0,11,396.0,33,1188.0,8,288.0,2,5,2,41,1476.0,15,540.0,82,2952.0,4,4,-5,-180.0
2026-08-18,34,EG,299624555,C,89.0,105.0,0,0.0,1256,111766.2,837,74510.8,299,26611.0,239,21288.8,174,15486.0,2990,266110.0,747,66483.0,146,438,182,3650,324850.0,231,20559.0,7387,657443.0,305,336,-517,-46013.0
2026-08-18,34,JB,299960052,E,41.0,,0,0.0,448,18373.7,299,12249.2,107,4374.7,85,3499.8,51,2091.0,1067,43747.0,267,10947.0,52,156,65,1303,53423.0,68,2788.0,2637,108117.0,144,158,-159,-6519.0
2026-08-18,34,GN7(GRANDUER),299166075,A/S,19.0,,0,0.0,24,454.9,16,303.2,6,108.3,5,86.6,21,399.0,57,1083.0,14,266.0,3,8,3,69,1311.0,27,513.0,140,2660.0,11,12,4,76.0
2026-08-18,34,LX2(PALISADE),299678174,A/S,64.0,243.0,0,0.0,8,483.8,5,322.6,2,115.2,1,92.2,6,384.0,18,1152.0,4,256.0,1,3,1,22,1408.0,7,448.0,44,2816.0,2,2,2,128.0
2026-08-18,34,SG2,299949815,,25.0,22.0,0,0.0,193,4830.0,129,3220.0,46,1150.0,37,920.0,24,600.0,460,11500.0,115,2875.0,22,67,28,562,14050.0,31,775.0,1137,28425.0,35,38,-71,-1775.0
2026-08-18,34,HG(GRANDUER),299768714,D,102.0,90.0,0,0.0,182,18592.6,122,12395.0,43,4426.8,35,3541.4,23,2346.0,434,44268.0,108,11016.0,21,63,26,529,53958.0,30,3060.0,1071,109242.0,55,61,-58,-5916.0
2026-08-18,34,NX4-PE(TUCSON),299903589,B,84.0,88.0,0,0.0,276,23214.2,184,15476.2,66,5527.2,53,4421.8,36,3024.0,658,55272.0,164,13776.0,32,96,40,803,67452.0,48,4032.0,1625,136500.0,95,105,-215,-18060.0
2026-08-18,34,NX4-PE(TUCSON),299576472,A/S,64.0,239.0,0,0.0,192,12311.0,128,8207.4,46,2931.2,37,2345.0,143,9152.0,458,29312.0,114,7296.0,22,67,28,559,35776.0,189,12096.0,1131,72384.0,47,52,44,2816.0
2026-08-18,34,VQ,299315119,A/S,62.0,234.0,0,0.0,284,17577.0,189,11718.0,68,4185.0,54,3348.0,235,14570.0,675,41850.0,169,10478.0,33,99,41,824,51088.0,311,19282.0,1668,103416.0,93,102,-29,-1798.0
2026-08-18,34,RG3(K9),299982016,D,30.0,29.0,0,0.0,47,1398.6,31,932.4,11,333.0,9,266.4,6,180.0,111,3330.0,28,840.0,5,16,7,136,4080.0,7,210.0,275,8250.0,12,13,11,330.0
2026-08-18,34,JB,299219508,A/S,101.0,413.0,0,0.0,404,40850.5,270,27233.6,96,9726.3,77,7781.0,305,30805.0,963,97263.0,241,24341.0,47,141,59,1175,118675.0,404,40804.0,2379,240279.0,130,143,229,23129.0
2026-08-18,34,EG,299834732,D,39.0,,0,0.0,534,20819.0,356,13879.3,127,4956.9,102,3965.5,66,2574.0,1271,49569.0,318,12402.0,62,186,78,1552,60528.0,88,3432.0,3141,122499.0,176,194,-11,-429.0
2026-08-18,34,JX1,299215237,A/S,188.0,,0,0.0,86,16186.8,57,10791.2,20,3854.0,16,3083.2,56,10528.0,205,38540.0,51,9588.0,10,30,12,250,47000.0,75,14100.0,506,95128.0,33,36,44,8272.0
2026-08-18,34,M-300,299136771,A/S,111.0,473.0,0,0.0,108,11934.7,72,7956.5,26,2841.6,20,2273.3,88,9768.0,256,28416.0,64,7104.0,12,37,16,312,34632.0,117,12987.0,632,70152.0,33,36,-20,-2220.0
2026-08-18,34,CV,299103388,A/S,105.0,,0,0.0,293,30781.8,195,20521.2,70,7329.0,56,5863.2,238,24990.0,698,73290.0,174,18270.0,34,102,43,851,89355.0,315,33075.0,1723,180915.0,64,70,41,4305.0
2026-08-18,34,M-300,299864208,A/S,,389.0,0,0.0,274,17525.8,183,11683.8,65,4172.8,52,3338.2,206,13184.0,652,41728.0,163,10432.0,32,96,40,796,50944.0,272,17408.0,1611,103104.0,105,116,140,8960.0
2026-08-18,34,GN7(GRANDUER),299889857,A/S,30.0,119.0,0,0.0,100,2998.8,67,1999.2,24,714.0,19,571.2,85,2550.0,238,7140.0,59,1770.0,12,35,14,290,8700.0,113,3390.0,587,17610.0,31,34,-58,-1740.0
2026-08-18,34,VQ,299982294,D,,45.0,0,0.0,643,41126.4,428,27417.6,153,9792.0,122,7833.6,85,5440.0,1530,97920.0,383,24512.0,75,224,93,1868,119552.0,112,7168.0,3781,241984.0,190,209,-145,-9280.0
2026-08-18,34,QL(TUCSON),299561431,A/S,54.0,213.0,0,0.0,128,6894.7,85,4596.5,30,1641.6,24,1313.3,92,4968.0,304,16416.0,76,4104.0,15,45,19,371,20034.0,121,6534.0,751,40554.0,39,43,38,2052.0
2026-08-18,34,AE-PE(IONIQ),299472224,B,63.0,,0,0.0,548,34530.3,365,23020.2,130,8221.5,104,6577.2,69,4347.0,1305,82215.0,326,20538.0,64,191,80,1592,100296.0,92,5796.0,3223,203049.0,127,140,-352,-22176.0
2026-08-18,34,GN7(GRANDUER),792W42213,C,12.0,14.0,0,0.0,59,710.6,39,473.8,14,169.2,11,135.4,8,96.0,141,1692.0,35,420.0,7,21,9,172,2064.0,10,120.0,348,4176.0,24,26,-6,-72.0
2026-08-18,34,ON(TELLURIDE),299253486,A/S,,2101.0,0,0.0,173,11074.6,115,7383.0,41,2636.8,33,2109.4,136,8704.0,412,26368.0,103,6592.0,20,60,25,503,32192.0,181,11584.0,1018,65152.0,53,58,4,256.0
2026-08-18,34,"SX2(KONA,HMC)",299670741,E,50.0,,0,0.0,1276,63798.0,851,42532.0,304,15190.0,243,12152.0,161,8050.0,3038,151900.0,759,37950.0,148,445,185,3708,185400.0,214,10700.0,7505,375250.0,316,348,-766,-38300.0
2026-08-18,34,NX4-PE(TUCSON),299271689,C,100.0,,0,0.0,2080,207984.0,1387,138656.0,495,49520.0,396,39616.0,253,25300.0,4952,495200.0,1238,123800.0,242,725,302,6045,604500.0,335,33500.0,12235,1223500.0,734,807,-229,-22900.0
2026-08-18,34,AE-PE(IONIQ),201464978,A/S,73.0,,0,0.0,56,4108.4,38,2739.0,13,978.2,11,782.6,45,3285.0,134,9782.0,34,2482.0,7,20,8,164,11972.0,59,4307.0,332,24236.0,17,19,6,438.0
2026-08-18,34,HG(GRANDUER),299979861,C,113.0,,0,0.0,360,40720.7,240,27147.1,86,9695.4,69,7756.3,41,4633.0,858,96954.0,214,24182.0,42,126,52,1047,118311.0,54,6102.0,2119,239447.0,98,108,-30,-3390.0
2026-08-18,34,QL(TUCSON),299491510,C,80.0,,0,0.0,2291,183254.4,1527,122169.6,545,43632.0,436,34905.6,254,20320.0,5454,436320.0,1364,109120.0,266,799,333,6658,532640.0,337,26960.0,13476,1078080.0,635,698,-110,-8800.0
2026-08-18,34,SM,299902195,A/S,51.0,174.0,0,0.0,114,5826.2,76,3884.2,27,1387.2,22,1109.8,79,4029.0,272,13872.0,68,3468.0,13,40,17,332,16932.0,105,5355.0,672,34272.0,57,63,-18,-918.0
2026-08-18,34,RG3(K9),299284211,C,325.0,,0,0.0,1500,487441.5,1000,324961.0,357,116057.5,286,92846.0,179,58175.0,3571,1160575.0,893,290225.0,174,523,218,4359,1416675.0,237,77025.0,8823,2867475.0,663,729,-417,-135525.0
2026-08-18,34,DH(G80),299549154,A/S,30.0,131.0,0,0.0,18,541.8,12,361.2,4,129.0,3,103.2,15,450.0,43,1290.0,11,330.0,2,6,3,52,1560.0,20,600.0,106,3180.0,6,7,5,150.0
2026-08-18,34,PAINT,206548709,원재료,99.0,117.0,3521,348579.0,0,0.0,0,0.0,0,0.0,0,0.0,0,0.0,0,0.0,0,0.0,0,0,0,0,0.0,0,0.0,3521,348579.0,0,0,-118,-11682.0
2026-08-18,34,PAINT,299928577,원재료,30.0,29.0,1857,55710.0,0,0.0,0,0.0,0,0.0,0,0.0,0,0.0,0,0.0,0,0.0,0,0,0,0,0.0,0,0.0,1857,55710.0,0,0,-14,-420.0
2026-08-18,34,OS(KONA),299347089,A/S,100.0,400.0,0,0.0,142,14154.0,94,9436.0,34,3370.0,27,2696.0,112,11200.0,337,33700.0,84,8400.0,16,49,21,411,41100.0,148,14800.0,832,83200.0,47,52,-18,-1800.0
2026-08-18,34,CN7(AVANTE),299604087,A/S,65.0,,0,0.0,100,6524.7,67,4349.8,24,1553.5,19,1242.8,79,5135.0,239,15535.0,60,3900.0,12,35,15,292,18980.0,104,6760.0,591,38415.0,22,24,-30,-1950.0
2026-08-18,34,CN7(AVANTE),299948368,C,73.0,,0,0.0,384,28053.9,256,18702.6,92,6679.5,73,5343.6,42,3066.0,915,66795.0,229,16717.0,45,134,56,1116,81468.0,56,4088.0,2260,164980.0,170,187,111,8103.0
2026-08-18,34,QL(TUCSON),299264842,A/S,33.0,,0,0.0,80,2633.4,53,1755.6,19,627.0,15,501.6,62,2046.0,190,6270.0,48,1584.0,9,28,12,232,7656.0,82,2706.0,470,15510.0,28,31,47,1551.0
2026-08-18,34,SM,299496649,A/S,68.0,237.0,0,0.0,112,7597.0,74,5064.6,27,1808.8,21,1447.0,93,6324.0,266,18088.0,66,4488.0,13,39,16,324,22032.0,124,8432.0,656,44608.0,28,31,-18,-1224.0
2026-08-18,34,HG(GRANDUER),299426622,E,55.0,,0,0.0,215,11804.1,143,7869.4,51,2810.5,41,2248.4,26,1430.0,511,28105.0,128,7040.0,25,75,31,624,34320.0,35,1925.0,1263,69465.0,74,81,50,2750.0
2026-08-18,34,MX5(SANTAFE),201596192,A/S,44.0,,0,0.0,252,11106.5,168,7404.3,60,2644.4,48,2115.5,222,9768.0,601,26444.0,150,6600.0,29,88,37,733,32252.0,294,12936.0,1484,65296.0,37,41,16,704.0
2026-08-18,34,RG3(K9),299465784,A/S,57.0,,0,0.0,221,12592.4,147,8395.0,53,2998.2,42,2398.6,182,10374.0,526,29982.0,132,7524.0,26,77,32,642,36594.0,241,13737.0,1300,74100.0,68,75,-98,-5586.0
2026-08-18,34,JF(K5),299476467,A/S,40.0,,0,0.0,81,3259.2,54,2172.8,19,776.0,16,620.8,74,2960.0,194,7760.0,49,1960.0,9,28,12,237,9480.0,98,3920.0,480,19200.0,24,26,-33,-1320.0
2026-08-18,34,HG(GRANDUER),299797935,A/S,41.0,146.0,0,0.0,209,8558.3,139,5705.6,50,2037.7,40,1630.2,147,6027.0,497,20377.0,124,5084.0,24,73,30,607,24887.0,194,7954.0,1228,50348.0,57,63,139,5699.0
2026-08-18,34,RG3(K9),299254199,A/S,30.0,107.0,0,0.0,49,1474.2,33,982.8,12,351.0,9,280.8,37,1110.0,117,3510.0,29,870.0,6,17,7,143,4290.0,49,1470.0,289,8670.0,13,14,-10,-300.0
2026-08-18,34,YP(CARNIVAL),299527388,A/S,262.0,1105.0,0,0.0,154,40384.7,103,26923.1,37,9615.4,29,7692.3,109,28558.0,367,96154.0,92,24104.0,18,54,22,448,117376.0,144,37728.0,907,237634.0,46,51,-3,-786.0
2026-08-18,34,QL(TUCSON),299302679,A/S,119.0,310.0,0,0.0,617,73470.6,412,48980.4,147,17493.0,118,13994.4,524,62356.0,1470,174930.0,368,43792.0,72,215,90,1794,213486.0,694,82586.0,3632,432208.0,209,230,-93,-11067.0
2026-08-18,34,PAINT,299798337,원재료,268.0,357.0,43513,11661484.0,0,0.0,0,0.0,0,0.0,0,0.0,0,0.0,0,0.0,0,0.0,0,0,0,0,0.0,0,0.0,43513,11661484.0,0,0,-4616,-1237088.0
2026-08-18,34,PAINT,299279772,원재료,43.0,50.0,905,38915.0,0,0.0,0,0.0,0,0.0,0,0.0,0,0.0,0,0.0,0,0.0,0,0,0,0,0.0,0,0.0,905,38915.0,0,0,-78,-3354.0
2026-08-18,34,TQ(STAREX),299947555,A/S,98.0,331.0,0,0.0,719,70424.8,479,46949.8,171,16767.8,137,13414.2,542,53116.0,1711,167678.0,428,41944.0,84,251,104,2088,204624.0,719,70462.0,4227,414246.0,261,287,-327,-32046.0
2026-08-18,34,JF(K5),607W73070,A,246.0,278.0,0,0.0,2296,564850.4,1531,376567.0,547,134488.2,437,107590.6,227,55842.0,5467,1344882.0,1367,336282.0,267,801,334,6673,1641558.0,302,74292.0,13507,3322722.0,590,649,1262,310452.0
2026-08-18,34,DN8(SONATA),299297538,E,133.0,,0,0.0,241,32007.8,160,21338.5,57,7620.9,46,6096.7,29,3857.0,573,76209.0,143,19019.0,28,84,35,699,92967.0,39,5187.0,1415,188195.0,84,92,-139,-18487.0
2026-08-18,34,"SX2(KONA,HMC)",299475929,A/S,23.0,86.0,0,0.0,48,1101.2,32,734.2,11,262.2,9,209.8,41,943.0,114,2622.0,28,644.0,6,17,7,139,3197.0,55,1265.0,281,6463.0,19,21,14,322.0
2026-08-18,34,ON(TELLURIDE),299829621,A/S,187.0,,0,0.0,242,45160.5,161,30107.0,58,10752.5,46,8602.0,153,28611.0,575,107525.0,144,26928.0,28,84,35,702,131274.0,202,37774.0,1421,265727.0,59,65,74,13838.0
2026-08-18,34,JX1,299196486,A/S,44.0,213.0,0,0.0,85,3751.4,57,2501.0,20,893.2,16,714.6,69,3036.0,203,8932.0,51,2244.0,10,30,12,248,10912.0,91,4004.0,502,22088.0,27,30,0,0.0
2026-08-18,34,NX4-PE(TUCSON),299484656,A/S,48.0,208.0,0,0.0,66,3185.3,44,2123.5,16,758.4,13,606.7,52,2496.0,158,7584.0,39,1872.0,8,23,10,192,9216.0,69,3312.0,389,18672.0,18,20,-4,-192.0
2026-08-18,34,TM,CA7854053A,A/S,139.0,399.0,0,0.0,89,12318.2,59,8212.1,21,2932.9,17,2346.3,68,9452.0,211,29329.0,53,7367.0,10,31,13,257,35723.0,90,12510.0,521,72419.0,36,40,26,3614.0
2026-08-18,34,JF(K5),299132640,A/S,48.0,,0,0.0,298,14313.6,199,9542.4,71,3408.0,57,2726.4,261,12528.0,710,34080.0,178,8544.0,35,104,43,867,41616.0,345,16560.0,1755,84240.0,116,128,-10,-480.0
2026-08-18,34,AD-100,299952616,C,176.0,181.0,0,0.0,885,155749.4,590,103833.0,211,37083.2,169,29666.6,104,18304.0,2107,370832.0,527,92752.0,103,309,129,2571,452496.0,138,24288.0,5205,916080.0,224,246,-267,-46992.0
2026-08-18,34,JX1,299203706,A,86.0,103.0,0,0.0,1319,113452.9,879,75635.3,314,27012.6,251,21610.1,152,13072.0,3141,270126.0,785,67510.0,153,460,192,3833,329638.0,201,17286.0,7759,667274.0,496,546,287,24682.0
2026-08-18,34,"SX2(KONA,HMC)",299911253,A/S,,917.0,0,0.0,39,2473.0,26,1648.6,9,588.8,7,471.0,29,1856.0,92,5888.0,23,1472.0,5,14,6,113,7232.0,38,2432.0,228,14592.0,12,13,-13,-832.0
2026-08-18,34,AE-PE(IONIQ),299101693,A,68.0,80.0,0,0.0,257,17507.3,172,11671.5,61,4168.4,49,3334.7,31,2108.0,613,41684.0,153,10404.0,30,90,37,748,50864.0,41,2788.0,1514,102952.0,83,91,-170,-11560.0
2026-08-18,34,YP(CARNIVAL),299416128,A/S,53.0,237.0,0,0.0,121,6433.1,81,4288.8,29,1531.7,23,1225.4,103,5459.0,289,15317.0,72,3816.0,14,42,18,353,18709.0,136,7208.0,714,37842.0,53,58,20,1060.0
2026-08-18,34,RESIN,299467535,원재료,25.0,29.0,1106,27650.0,0,0.0,0,0.0,0,0.0,0,0.0,0,0.0,0,0.0,0,0.0,0,0,0,0,0.0,0,0.0,1106,27650.0,0,0,43,1075.0
2026-08-18,34,AE(IONIQ),299420276,A/S,64.0,234.0,0,0.0,124,7929.6,83,5286.4,30,1888.0,24,1510.4,95,6080.0,295,18880.0,74,4736.0,14,43,18,360,23040.0,126,8064.0,729,46656.0,44,48,-38,-2432.0
2026-08-18,34,AE(IONIQ),299707279,A,42.0,58.0,0,0.0,1537,64562.4,1025,43041.6,366,15372.0,293,12297.6,170,7140.0,3660,153720.0,915,38430.0,179,536,223,4467,187614.0,225,9450.0,9042,379764.0,368,405,353,14826.0
2026-08-18,34,SM,299583360,E,73.0,,0,0.0,1131,82598.0,754,55065.4,269,19666.2,216,15733.0,137,10001.0,2694,196662.0,674,49202.0,132,395,164,3288,240024.0,182,13286.0,6656,485888.0,438,482,-94,-6862.0
2026-08-18,34,RESIN,299131842,원재료,66.0,82.0,5978,394548.0,0,0.0,0,0.0,0,0.0,0,0.0,0,0.0,0,0.0,0,0.0,0,0,0,0,0.0,0,0.0,5978,394548.0,0,0,234,15444.0
2026-08-18,34,EG,299149044,D,30.0,,0,0.0,129,3868.2,86,2578.8,31,921.0,25,736.8,15,450.0,307,9210.0,77,2310.0,15,45,19,712,21375.0,20,600.0,1096,32895.0,19,61,-26,-780.0
2026-08-18,34,AD-100,299228016,A/S,91.0,300.0,0,0.0,165,15020.5,110,10013.6,39,3576.3,31,2861.0,134,12194.0,393,35763.0,98,8918.0,19,57,24,479,43589.0,178,16198.0,970,88270.0,63,69,69,6279.0
2026-08-18,34,SM,437W42562,A/S,122.0,378.0,0,0.0,273,33306.0,182,22204.0,65,7930.0,52,6344.0,182,22204.0,650,79300.0,162,19764.0,32,95,40,793,96746.0,242,29524.0,1605,195810.0,81,89,101,12322.0
2026-08-18,34,HG(GRANDUER),202556704,A/S,76.0,339.0,0,0.0,29,2202.5,19,1468.3,7,524.4,6,419.5,22,1672.0,69,5244.0,17,1292.0,3,10,4,84,6384.0,30,2280.0,170,12920.0,10,11,4,304.0
2026-08-18,34,PAINT,299469079,원재료,172.0,259.0,14058,2417976.0,0,0.0,0,0.0,0,0.0,0,0.0,0,0.0,0,0.0,0,0.0,0,0,0,0,0.0,0,0.0,14058,2417976.0,0,0,781,134332.0
2026-08-18,34,RG3(K9),299535997,A,183.0,,0,0.0,2838,519419.9,1892,346279.9,676,123671.4,541,98937.1,316,57828.0,6758,1236714.0,1690,309270.0,330,990,412,8249,1509567.0,419,76677.0,16697,3055551.0,846,931,-75,-13725.0
2026-08-18,34,RG3(K9),299384474,A/S,33.0,,0,0.0,176,5793.5,117,3862.3,42,1379.4,33,1103.5,143,4719.0,418,13794.0,104,3432.0,20,61,26,510,16830.0,190,6270.0,1032,34056.0,55,61,-11,-363.0
2026-08-18,34,CV,299438238,A/S,92.0,316.0,0,0.0,104,9544.1,69,6362.7,25,2272.4,20,1817.9,79,7268.0,247,22724.0,62,5704.0,12,36,15,302,27784.0,104,9568.0,611,56212.0,51,56,-27,-2484.0
2026-08-18,34,VQ,CA6078034A,A/S,251.0,706.0,0,0.0,1078,270613.1,719,180408.8,257,64431.7,205,51545.4,807,202557.0,2567,644317.0,642,161142.0,125,376,157,3134,786634.0,1070,268570.0,6343,1592093.0,379,417,-135,-33885.0
2026-08-18,34,TQ(STAREX),299251573,A/S,35.0,145.0,0,0.0,48,1690.5,32,1127.0,12,402.5,9,322.0,38,1330.0,115,4025.0,29,1015.0,6,17,7,140,4900.0,50,1750.0,284,9940.0,17,19,-3,-105.0
2026-08-18,34,TQ(STAREX),299261811,A/S,165.0,546.0,0,0.0,677,111711.6,451,74474.4,161,26598.0,129,21278.4,541,89265.0,1612,265980.0,403,66495.0,79,236,98,1968,324720.0,717,118305.0,3983,657195.0,219,241,-49,-8085.0
2026-08-18,34,CN7(AVANTE),206563193,D,39.0,33.0,0,0.0,172,6699.4,115,4466.3,41,1595.1,33,1276.1,18,702.0,409,15951.0,102,3978.0,20,60,25,499,19461.0,24,936.0,1010,39390.0,68,75,44,1716.0
2026-08-18,34,ON(TELLURIDE),201350849,A/S,27.0,,0,0.0,3,79.4,2,52.9,1,18.9,1,15.1,3,81.0,7,189.0,2,54.0,0,1,0,9,243.0,3,81.0,18,486.0,1,1,0,0.0
2026-08-18,34,YP(CARNIVAL),201205009,A/S,115.0,,0,0.0,163,18788.7,109,12525.8,39,4473.5,31,3578.8,125,14375.0,389,44735.0,97,11155.0,19,57,24,475,54625.0,165,18975.0,961,110515.0,45,50,8,920.0
2026-08-18,34,JF(K5),CA5223915D,A/S,50.0,,0,0.0,94,4725.0,63,3150.0,22,1125.0,18,900.0,77,3850.0,225,11250.0,56,2800.0,11,33,14,275,13750.0,102,5100.0,556,27800.0,39,43,-17,-850.0
2026-08-18,34,EG,201965272,A/S,113.0,,0,0.0,270,30564.2,180,20376.2,64,7277.2,52,5821.8,234,26442.0,644,72772.0,161,18193.0,31,94,39,786,88818.0,310,35030.0,1591,179783.0,86,95,-41,-4633.0
2026-08-18,34,AD-100,202168220,A/S,97.0,,0,0.0,196,19025.6,131,12683.7,47,4529.9,37,3623.9,180,17460.0,467,45299.0,117,11349.0,23,68,28,570,55290.0,239,23183.0,1154,111938.0,73,80,-129,-12513.0
2026-08-18,34,JX1,299556161,A/S,121.0,374.0,0,0.0,666,80600.5,444,53733.7,159,19190.6,127,15352.5,477,57717.0,1586,191906.0,397,48037.0,77,232,97,1936,234256.0,633,76593.0,3919,474199.0,109,120,-145,-17545.0
2026-08-18,34,JB,118W42887,A/S,148.0,,0,0.0,666,98585.8,444,65723.8,159,23472.8,127,18778.2,481,71188.0,1586,234728.0,396,58608.0,77,232,97,1936,286528.0,637,94276.0,3918,579864.0,216,238,-72,-10656.0
2026-08-18,34,SG2,299115374,A/S,45.0,150.0,0,0.0,183,8240.4,122,5493.6,44,1962.0,35,1569.6,156,7020.0,436,19620.0,109,4905.0,21,64,27,532,23940.0,207,9315.0,1077,48465.0,75,82,-12,-540.0
2026-08-18,34,CV,201339218,A/S,42.0,199.0,0,0.0,41,1728.7,27,1152.5,10,411.6,8,329.3,30,1260.0,98,4116.0,25,1050.0,5,14,6,120,5040.0,40,1680.0,243,10206.0,19,21,15,630.0
2026-08-18,34,VQ,206862284,A/S,,,0,0.0,283,18117.1,189,12078.1,67,4313.6,54,3450.9,211,13504.0,674,43136.0,169,10816.0,33,99,41,823,52672.0,280,17920.0,1666,106624.0,109,120,-76,-4864.0
2026-08-18,34,LX2(PALISADE),206267699,,70.0,,0,0.0,511,35750.4,340,23833.6,122,8512.0,97,6809.6,430,30100.0,1216,85120.0,304,21280.0,59,178,74,1484,103880.0,571,39970.0,3004,210280.0,140,154,-149,-10430.0
2026-08-18,34,LX2(PALISADE),299907665,C,45.0,50.0,0,0.0,1121,50425.2,747,33616.8,267,12006.0,213,9604.8,131,5895.0,2668,120060.0,667,30015.0,130,391,163,3257,146565.0,174,7830.0,6592,296640.0,413,454,-762,-34290.0
2026-08-18,34,OS(KONA),299406102,A/S,58.0,198.0,0,0.0,627,36345.1,418,24230.1,149,8653.6,119,6922.9,530,30740.0,1492,86536.0,373,21634.0,73,219,91,1822,105676.0,702,40716.0,3687,213846.0,249,274,-24,-1392.0
2026-08-18,34,GN7(GRANDUER),299908222,A/S,49.0,,0,0.0,51,2490.2,34,1660.1,12,592.9,10,474.3,38,1862.0,121,5929.0,30,1470.0,6,18,7,148,7252.0,50,2450.0,299,14651.0,18,20,-8,-392.0
2026-08-18,34,"SX2(KONA,HMC)",299486521,B,53.0,,0,0.0,186,9838.9,124,6559.3,44,2342.6,35,1874.1,23,1219.0,442,23426.0,110,5830.0,22,65,27,539,28567.0,30,1590.0,1091,57823.0,82,90,-26,-1378.0
2026-08-18,34,RG3(K9),299455765,A/S,123.0,,0,0.0,429,52796.5,286,35197.7,102,12570.6,82,10056.5,360,44280.0,1022,125706.0,256,31488.0,50,150,62,1248,153504.0,477,58671.0,2526,310698.0,155,170,65,7995.0
2026-08-18,34,TM,299544386,A/S,49.0,180.0,0,0.0,36,1749.3,24,1166.2,8,416.5,7,333.2,28,1372.0,85,4165.0,21,1029.0,4,12,5,104,5096.0,37,1813.0,210,10290.0,13,14,-19,-931.0
2026-08-18,34,EG,299829427,D,120.0,101.0,0,0.0,1323,158760.0,882,105840.0,315,37800.0,252,30240.0,139,16680.0,3150,378000.0,787,94440.0,154,461,192,3845,461400.0,184,22080.0,7782,933840.0,448,493,264,31680.0
2026-08-18,34,LX2(PALISADE),299657054,A/S,109.0,454.0,0,0.0,24,2609.5,16,1739.6,6,621.3,5,497.0,21,2289.0,57,6213.0,14,1526.0,3,8,4,70,7630.0,28,3052.0,141,15369.0,7,8,-24,-2616.0
2026-08-18,34,OS(KONA),206753367,A,91.0,86.0,0,0.0,404,36805.9,270,24537.2,96,8763.3,77,7010.6,44,4004.0,963,87633.0,241,21931.0,47,141,59,1176,107016.0,59,5369.0,2380,216580.0,143,157,82,7462.0
2026-08-18,34,HG(GRANDUER),299194304,E,60.0,70.0,0,0.0,136,8190.0,91,5460.0,32,1950.0,26,1560.0,17,1020.0,325,19500.0,81,4860.0,16,48,20,754,45258.0,22,1320.0,1160,69618.0,20,63,4,240.0
2026-08-18,34,OS(KONA),299691623,D,63.0,69.0,0,0.0,79,4974.5,53,3316.3,19,1184.4,15,947.5,9,567.0,188,11844.0,47,2961.0,9,28,12,230,14490.0,12,756.0,465,29295.0,24,26,10,630.0
2026-08-18,34,"SX2(KONA,HMC)",206512887,A/S,104.0,391.0,0,0.0,231,23980.3,154,15986.9,55,5709.6,44,4567.7,182,18928.0,549,57096.0,137,14248.0,27,80,34,670,69680.0,241,25064.0,1356,141024.0,68,75,-11,-1144.0
2026-08-18,34,VQ,299898564,A/S,93.0,,0,0.0,359,33396.3,239,22264.2,86,7951.5,68,6361.2,259,24087.0,855,79515.0,214,19902.0,42,125,52,1044,97092.0,344,31992.0,2113,196509.0,132,145,39,3627.0
2026-08-18,34,ON(TELLURIDE),299553154,A/S,124.0,495.0,0,0.0,203,25206.7,136,16804.5,48,6001.6,39,4801.3,141,17484.0,484,60016.0,121,15004.0,24,71,30,591,73284.0,188,23312.0,1196,148304.0,92,101,168,20832.0
2026-08-18,34,SG2,723W92646,A/S,307.0,,0,0.0,1081,331891.6,721,221261.0,257,79021.8,206,63217.4,852,261564.0,2574,790218.0,643,197401.0,126,377,157,3142,964594.0,1129,346603.0,6359,1952213.0,558,614,-260,-79820.0
2026-08-18,34,QL(TUCSON),299524228,A/S,25.0,107.0,0,0.0,55,1375.5,37,917.0,13,327.5,10,262.0,45,1125.0,131,3275.0,33,825.0,6,19,8,159,3975.0,60,1500.0,323,8075.0,13,14,7,175.0
2026-08-18,34,TM,998W48297,A/S,83.0,347.0,0,0.0,36,2963.1,24,1975.4,8,705.5,7,564.4,27,2241.0,85,7055.0,21,1743.0,4,12,5,103,8549.0,36,2988.0,209,17347.0,11,12,14,1162.0
2026-08-18,34,MX5(SANTAFE),299357358,A/S,113.0,374.0,0,0.0,894,101042.3,596,67361.6,213,24057.7,170,19246.2,709,80117.0,2129,240577.0,532,60116.0,104,312,130,2599,293687.0,940,106220.0,5260,594380.0,275,302,-156,-17628.0
2026-08-18,34,OS(KONA),299237099,A/S,28.0,,0,0.0,41,1152.5,27,768.3,10,274.4,8,219.5,32,896.0,98,2744.0,24,672.0,5,14,6,119,3332.0,43,1204.0,241,6748.0,11,12,-8,-224.0
2026-08-18,34,PAINT,299621222,원재료,225.0,,2862,643950.0,0,0.0,0,0.0,0,0.0,0,0.0,0,0.0,0,0.0,0,0.0,0,0,0,0,0.0,0,0.0,2862,643950.0,0,0,239,53775.0
2026-08-18,34,EG,299634026,A/S,91.0,311.0,0,0.0,333,30346.7,222,20231.1,79,7225.4,64,5780.3,235,21385.0,794,72254.0,198,18018.0,39,116,48,969,88179.0,311,28301.0,1961,178451.0,117,129,71,6461.0
2026-08-18,34,SP2(SORENTO),299547847,A/S,159.0,670.0,0,0.0,936,148852.6,624,99235.1,223,35441.1,178,28352.9,659,104781.0,2229,354411.0,557,88563.0,109,327,136,2721,432639.0,874,138966.0,5507,875613.0,348,383,370,58830.0
2026-08-18,34,AD-100,299466507,A/S,79.0,,0,0.0,336,26510.8,224,17673.9,80,6312.1,64,5049.7,300,23700.0,799,63121.0,200,15800.0,39,117,49,975,77025.0,398,31442.0,1974,155946.0,111,122,-89,-7031.0
2026-08-18,34,CV,299277052,A/S,45.0,152.0,0,0.0,71,3175.2,47,2116.8,17,756.0,13,604.8,53,2385.0,168,7560.0,42,1890.0,8,25,10,205,9225.0,70,3150.0,415,18675.0,37,41,-20,-900.0
2026-08-18,34,AD-100,299522048,A/S,161.0,,0,0.0,1545,248706.4,1030,165804.2,368,59215.8,294,47372.6,1149,184989.0,3678,592158.0,920,148120.0,180,539,224,4490,722890.0,1523,245203.0,9088,1463168.0,495,544,409,65849.0
2026-08-18,34,CK(STINGER),299743397,A/S,28.0,85.0,0,0.0,57,1587.6,38,1058.4,14,378.0,11,302.4,40,1120.0,135,3780.0,34,952.0,7,20,8,164,4592.0,53,1484.0,333,9324.0,21,23,50,1400.0
2026-08-18,34,RG3(K9),299207695,E,172.0,,0,0.0,858,147658.6,572,98439.0,204,35156.8,164,28125.4,90,15480.0,2044,351568.0,511,87892.0,100,299,125,2494,428968.0,119,20468.0,5049,868428.0,211,232,-416,-71552.0
2026-08-18,34,TQ(STAREX),299906470,A/S,298.0,756.0,0,0.0,920,274225.6,613,182817.0,219,65291.8,175,52233.4,685,204130.0,2191,652918.0,548,163304.0,107,321,134,2675,797150.0,907,270286.0,5414,1613372.0,329,362,-266,-79268.0
2026-08-18,34,HG(GRANDUER),299423615,A/S,467.0,1686.0,0,0.0,3134,1463792.8,2090,975861.9,746,348522.1,597,278817.7,2537,1184779.0,7463,3485221.0,1866,871422.0,364,1093,456,9110,4254370.0,3363,1570521.0,18439,8611013.0,891,980,-1284,-599628.0
2026-08-18,34,AD-100,299486561,A,33.0,40.0,0,0.0,90,2979.9,60,1986.6,22,709.5,17,567.6,11,363.0,215,7095.0,54,1782.0,10,31,13,262,8646.0,14,462.0,531,17523.0,30,33,14,462.0
2026-08-18,34,QL(TUCSON),202590537,E,29.0,39.0,0,0.0,225,6528.5,150,4352.3,54,1554.4,43,1243.5,27,783.0,536,15544.0,134,3886.0,26,78,33,654,18966.0,35,1015.0,1324,38396.0,45,50,10,290.0
2026-08-18,34,RG3(K9),299245019,A/S,55.0,167.0,0,0.0,74,4065.6,49,2710.4,18,968.0,14,774.4,57,3135.0,176,9680.0,44,2420.0,9,26,11,215,11825.0,76,4180.0,435,23925.0,19,21,14,770.0
2026-08-18,34,SM,299863512,A/S,113.0,486.0,0,0.0,185,20929.9,123,13953.2,44,4983.3,35,3986.6,153,17289.0,441,49833.0,110,12430.0,22,65,27,538,60794.0,202,22826.0,1089,123057.0,94,103,-67,-7571.0
2026-08-18,34,AE(IONIQ),299632711,C,42.0,38.0,0,0.0,195,8202.6,130,5468.4,46,1953.0,37,1562.4,23,966.0,465,19530.0,116,4872.0,23,68,28,568,23856.0,30,1260.0,1149,48258.0,84,92,2,84.0
2026-08-18,34,JF(K5),299924511,,57.0,193.0,0,0.0,32,1819.4,21,1213.0,8,433.2,6,346.6,25,1425.0,76,4332.0,19,1083.0,4,11,5,93,5301.0,33,1881.0,188,10716.0,14,15,-17,-969.0
2026-08-18,34,PAINT,299103312,원재료,74.0,78.0,7319,541606.0,0,0.0,0,0.0,0,0.0,0,0.0,0,0.0,0,0.0,0,0.0,0,0,0,0,0.0,0,0.0,7319,541606.0,0,0,587,43438.0
2026-08-18,34,RG3(K9),299440308,A/S,57.0,233.0,0,0.0,268,15297.7,179,10198.4,64,3642.3,51,2913.8,211,12027.0,639,36423.0,160,9120.0,31,94,39,780,44460.0,280,15960.0,1579,90003.0,94,103,15,855.0
2026-08-18,34,CV,299418883,C,64.0,77.0,0,0.0,219,14031.4,146,9354.2,52,3340.8,42,2672.6,26,1664.0,522,33408.0,130,8320.0,25,76,32,637,40768.0,34,2176.0,1289,82496.0,60,66,51,3264.0
2026-08-18,34,JF(K5),299712339,C,41.0,49.0,0,0.0,165,6750.2,110,4500.2,39,1607.2,31,1285.8,20,820.0,392,16072.0,98,4018.0,19,57,24,478,19598.0,26,1066.0,968,39688.0,0,52,-38,-1558.0
2026-08-18,34,CN7(AVANTE),299857461,A/S,48.0,179.0,0,0.0,65,3124.8,43,2083.2,16,744.0,12,595.2,47,2256.0,155,7440.0,39,1872.0,8,23,9,189,9072.0,62,2976.0,383,18384.0,21,23,49,2352.0
2026-08-18,34,ON(TELLURIDE),299140543,B,30.0,43.0,0,0.0,494,14817.6,329,9878.4,118,3528.0,94,2822.4,64,1920.0,1176,35280.0,294,8820.0,57,172,72,1436,43080.0,85,2550.0,2906,87180.0,186,205,-173,-5190.0
2026-08-18,34,QL(TUCSON),202701655,A/S,48.0,,0,0.0,23,1088.6,15,725.8,5,259.2,4,207.4,17,816.0,54,2592.0,14,672.0,3,8,3,66,3168.0,23,1104.0,134,6432.0,8,9,-2,-96.0
2026-08-18,34,LX2(PALISADE),299458364,D,65.0,89.0,0,0.0,590,38356.5,393,25571.0,140,9132.5,112,7306.0,66,4290.0,1405,91325.0,351,22815.0,69,206,86,1715,111475.0,88,5720.0,3471,225615.0,170,187,-8,-520.0
2026-08-18,34,AE-PE(IONIQ),206121639,D,246.0,239.0,0,0.0,5582,1373226.1,3721,915484.1,1329,326958.6,1063,261566.9,628,154488.0,13291,3269586.0,3323,817458.0,649,1947,811,16222,3990612.0,832,204672.0,32836,8077656.0,1452,1597,485,119310.0
2026-08-18,34,CN7(AVANTE),299863797,A/S,41.0,148.0,0,0.0,54,2204.2,36,1469.4,13,524.8,10,419.8,41,1681.0,128,5248.0,32,1312.0,6,19,8,157,6437.0,55,2255.0,317,12997.0,20,22,-1,-41.0
2026-08-18,34,NX4-PE(TUCSON),206518342,A/S,272.0,1336.0,0,0.0,591,160849.9,394,107233.3,141,38297.6,113,30638.1,495,134640.0,1408,382976.0,352,95744.0,69,206,86,1719,467568.0,656,178432.0,3479,946288.0,166,183,135,36720.0
2026-08-18,34,JF(K5),206836261,A/S,40.0,164.0,0,0.0,53,2116.8,35,1411.2,13,504.0,10,403.2,41,1640.0,126,5040.0,31,1240.0,6,18,8,153,6120.0,55,2200.0,310,12400.0,18,20,31,1240.0
2026-08-18,34,SM,299865013,E,65.0,,0,0.0,421,27381.9,281,18254.6,100,6519.5,80,5215.6,56,3640.0,1003,65195.0,251,16315.0,49,147,61,1224,79560.0,74,4810.0,2478,161070.0,135,148,-173,-11245.0
2026-08-18,34,JX1,180W62470,E,108.0,,0,0.0,1935,208973.5,1290,139315.7,461,49755.6,369,39804.5,230,24840.0,4607,497556.0,1152,124416.0,225,675,281,5623,607284.0,305,32940.0,11382,1229256.0,623,685,-1547,-167076.0
2026-08-18,34,JF(K5),299475548,A/S,37.0,147.0,0,0.0,32,1165.5,21,777.0,8,277.5,6,222.0,25,925.0,75,2775.0,19,703.0,4,11,5,92,3404.0,33,1221.0,186,6882.0,8,9,6,222.0
2026-08-18,34,"SX2(KONA,HMC)",299685391,C,56.0,,0,0.0,989,55389.6,659,36926.4,236,13188.0,188,10550.4,109,6104.0,2355,131880.0,589,32984.0,115,345,144,2875,161000.0,145,8120.0,5819,325864.0,394,433,381,21336.0
2026-08-18,34,NX4-PE(TUCSON),299994484,A/S,24.0,,0,0.0,102,2439.4,68,1626.2,24,580.8,19,464.6,75,1800.0,242,5808.0,61,1464.0,12,36,15,296,7104.0,99,2376.0,599,14376.0,31,34,6,144.0
2026-08-18,34,VQ,299287881,A/S,71.0,,0,0.0,55,3936.2,37,2624.2,13,937.2,11,749.8,39,2769.0,132,9372.0,33,2343.0,6,19,8,161,11431.0,52,3692.0,326,23146.0,17,19,4,284.0
2026-08-18,34,LX2(PALISADE),299760904,C,52.0,51.0,0,0.0,572,29767.9,382,19845.3,136,7087.6,109,5670.1,65,3380.0,1363,70876.0,341,17732.0,67,200,83,1663,86476.0,87,4524.0,3367,175084.0,195,215,120,6240.0
2026-08-18,34,AD-100,206812300,A/S,235.0,,0,0.0,1542,362426.4,1028,241617.6,367,86292.0,294,69033.6,1208,283880.0,3672,862920.0,918,215730.0,179,538,224,4483,1053505.0,1601,376235.0,9073,2132155.0,570,627,226,53110.0
2026-08-18,34,RG3(K9),CA1128057E,A/S,30.0,78.0,0,0.0,209,6274.8,139,4183.2,50,1494.0,40,1195.2,154,4620.0,498,14940.0,125,3750.0,24,73,30,608,18240.0,204,6120.0,1231,36930.0,41,45,69,2070.0
2026-08-18,34,DH(G80),299515603,C,,,0,0.0,1247,79779.8,831,53186.6,297,18995.2,237,15196.2,147,9408.0,2968,189952.0,742,47488.0,145,435,181,3623,231872.0,194,12416.0,7333,469312.0,406,447,356,22784.0
2026-08-18,34,SG2,299653145,A,50.0,55.0,0,0.0,375,18753.0,250,12502.0,89,4465.0,71,3572.0,52,2600.0,893,44650.0,223,11150.0,44,131,54,1090,54500.0,69,3450.0,2206,110300.0,118,130,-381,-19050.0
2026-08-18,34,CV,CA2925946C,A/S,76.0,262.0,0,0.0,43,3287.8,29,2191.8,10,782.8,8,626.2,34,2584.0,103,7828.0,26,1976.0,5,15,6,125,9500.0,45,3420.0,254,19304.0,16,18,-16,-1216.0
2026-08-18,34,ON(TELLURIDE),299657456,E,192.0,,0,0.0,1199,230146.6,799,153431.0,285,54796.8,228,43837.4,144,27648.0,2854,547968.0,714,137088.0,139,418,174,3484,668928.0,191,36672.0,7052,1353984.0,449,494,-379,-72768.0
2026-08-18,34,CN7(AVANTE),299381906,C,62.0,87.0,0,0.0,486,30154.3,324,20102.9,116,7179.6,93,5743.7,53,3286.0,1158,71796.0,289,17918.0,57,170,71,1413,87606.0,70,4340.0,2860,177320.0,151,166,-204,-12648.0
2026-08-18,34,"SX2(KONA,HMC)",299400981,A/S,72.0,247.0,0,0.0,138,9949.0,92,6632.6,33,2368.8,26,1895.0,111,7992.0,329,23688.0,82,5904.0,16,48,20,402,28944.0,147,10584.0,813,58536.0,53,58,5,360.0
2026-08-18,34,AE-PE(IONIQ),305W63525,A/S,78.0,279.0,0,0.0,57,4455.4,38,2970.2,14,1060.8,11,848.6,43,3354.0,136,10608.0,34,2652.0,7,20,8,166,12948.0,57,4446.0,336,26208.0,17,19,-1,-78.0
2026-08-18,34,LX2(PALISADE),206774913,D,,,0,0.0,547,35024.6,365,23349.8,130,8339.2,104,6671.4,66,4224.0,1303,83392.0,326,20864.0,64,191,80,3023,193465.6,88,5632.0,4652,297721.6,55,172,85,5440.0
2026-08-18,34,GN7(GRANDUER),299864649,A/S,137.0,,0,0.0,1315,180215.3,877,120143.5,313,42908.4,251,34326.7,966,132342.0,3132,429084.0,783,107271.0,153,459,191,3823,523751.0,1281,175497.0,7738,1060106.0,489,538,118,16166.0
2026-08-18,34,JB,299652412,A/S,112.0,,0,0.0,163,18251.5,109,12167.7,39,4345.6,31,3476.5,132,14784.0,388,43456.0,97,10864.0,19,57,24,474,53088.0,175,19600.0,959,107408.0,47,52,26,2912.0
2026-08-18,34,GN7(GRANDUER),299566200,A/S,159.0,,0,0.0,231,36795.8,154,24530.5,55,8760.9,44,7008.7,178,28302.0,551,87609.0,138,21942.0,27,81,34,672,106848.0,236,37524.0,1361,216399.0,70,77,-54,-8586.0
2026-08-18,34,NX4-PE(TUCSON),299783340,A/S,105.0,457.0,0,0.0,431,45246.6,287,30164.4,103,10773.0,82,8618.4,354,37170.0,1026,107730.0,257,26985.0,50,150,63,2381,249973.5,469,49245.0,3664,384688.5,41,128,-249,-26145.0
2026-08-18,34,EG,299636316,A/S,48.0,171.0,0,0.0,148,7096.3,99,4730.9,35,1689.6,28,1351.7,119,5712.0,352,16896.0,88,4224.0,17,51,21,429,20592.0,158,7584.0,869,41712.0,59,65,-23,-1104.0
2026-08-18,34,VQ,299139943,E,77.0,,0,0.0,542,41750.9,361,27834.0,129,9940.7,103,7952.6,64,4928.0,1291,99407.0,323,24871.0,63,189,79,1576,121352.0,84,6468.0,3190,245630.0,121,133,-247,-19019.0
2026-08-18,34,PAINT,299258788,원재료,199.0,270.0,8350,1661650.0,0,0.0,0,0.0,0,0.0,0,0.0,0,0.0,0,0.0,0,0.0,0,0,0,0,0.0,0,0.0,8350,1661650.0,0,0,54,10746.0
2026-08-18,34,AE-PE(IONIQ),206879954,A/S,17.0,72.0,0,0.0,24,414.1,16,276.1,6,98.6,5,78.9,19,323.0,58,986.0,15,255.0,3,9,4,71,1207.0,26,442.0,144,2448.0,9,10,-2,-34.0
2026-08-18,34,AKZO,206280363,원재료,118.0,148.0,4036,476248.0,0,0.0,0,0.0,0,0.0,0,0.0,0,0.0,0,0.0,0,0.0,0,0,0,0,0.0,0,0.0,4036,476248.0,0,0,260,30680.0
2026-08-18,34,SP2(SORENTO),206187101,E,30.0,33.0,0,0.0,99,2961.0,66,1974.0,24,705.0,19,564.0,12,360.0,235,7050.0,59,1770.0,11,34,14,286,8580.0,16,480.0,580,17400.0,27,30,-80,-2400.0
2026-08-18,34,NX4-PE(TUCSON),206202698,B,66.0,65.0,0,0.0,839,55356.8,559,36904.6,200,13180.2,160,10544.2,102,6732.0,1997,131802.0,499,32934.0,97,292,122,2437,160842.0,135,8910.0,4933,325578.0,216,238,162,10692.0
2026-08-18,34,HG(GRANDUER),202584370,D,82.0,79.0,0,0.0,1636,134143.8,1091,89429.2,390,31939.0,312,25551.2,184,15088.0,3895,319390.0,974,79868.0,190,570,238,4754,389828.0,244,20008.0,9623,789086.0,806,887,83,6806.0
2026-08-18,34,TQ(STAREX),299632595,D,,,0,0.0,611,39083.5,407,26055.7,145,9305.6,116,7444.5,73,4672.0,1454,93056.0,363,23232.0,71,213,89,1774,113536.0,97,6208.0,3591,229824.0,291,320,-93,-5952.0
2026-08-18,34,ON(TELLURIDE),299868192,A/S,39.0,114.0,0,0.0,98,3832.9,66,2555.3,23,912.6,19,730.1,73,2847.0,234,9126.0,58,2262.0,11,34,14,285,11115.0,96,3744.0,577,22503.0,15,16,16,624.0
2026-08-18,34,QL(TUCSON),206750429,A,26.0,31.0,0,0.0,253,6584.8,169,4389.8,60,1567.8,48,1254.2,32,832.0,603,15678.0,151,3926.0,29,88,37,736,19136.0,42,1092.0,1490,38740.0,95,105,-40,-1040.0
2026-08-18,34,PAINT,299753447,원재료,31.0,36.0,5047,156457.0,0,0.0,0,0.0,0,0.0,0,0.0,0,0.0,0,0.0,0,0.0,0,0,0,0,0.0,0,0.0,5047,156457.0,0,0,182,5642.0
2026-08-18,34,OS(KONA),299318280,A/S,60.0,252.0,0,0.0,82,4939.2,55,3292.8,20,1176.0,16,940.8,66,3960.0,196,11760.0,49,2940.0,10,29,12,239,14340.0,87,5220.0,484,29040.0,18,20,-24,-1440.0
2026-08-18,34,QL(TUCSON),299280649,A/S,18.0,58.0,0,0.0,41,740.9,27,493.9,10,176.4,8,141.1,32,576.0,98,1764.0,25,450.0,5,14,6,120,2160.0,43,774.0,243,4374.0,19,21,10,180.0
2026-08-18,34,JX1,206437553,A/S,78.0,268.0,0,0.0,171,13333.3,114,8888.9,41,3174.6,33,2539.7,115,8970.0,407,31746.0,102,7956.0,20,60,25,497,38766.0,152,11856.0,1006,78468.0,72,79,42,3276.0
2026-08-18,34,CK(STINGER),299714013,B,35.0,55.0,0,0.0,29,999.6,19,666.4,7,238.0,5,190.4,4,140.0,68,2380.0,17,595.0,3,10,4,83,2905.0,5,175.0,168,5880.0,8,9,-4,-140.0
2026-08-18,34,HG(GRANDUER),202744299,A/S,898.0,3136.0,0,0.0,1730,1553899.2,1154,1035932.8,412,369976.0,330,295980.8,1194,1072212.0,4120,3699760.0,1030,924940.0,201,603,251,5029,4516042.0,1583,1421534.0,10179,9140742.0,579,637,366,328668.0
2026-08-18,34,DH(G80),299969947,A/S,49.0,206.0,0,0.0,51,2510.8,34,1673.8,12,597.8,10,478.2,39,1911.0,122,5978.0,31,1519.0,6,18,7,149,7301.0,52,2548.0,302,14798.0,18,20,21,1029.0
2026-08-18,34,SP2(SORENTO),299931029,,29.0,,0,0.0,45,1303.3,30,868.8,11,310.3,9,248.2,5,145.0,107,3103.0,27,783.0,5,16,6,130,3770.0,7,203.0,264,7656.0,11,12,3,87.0
2026-08-18,34,JX1,299674429,A/S,28.0,,0,0.0,90,2516.6,60,1677.8,21,599.2,17,479.4,71,1988.0,214,5992.0,53,1484.0,10,31,13,261,7308.0,94,2632.0,528,14784.0,33,36,-26,-728.0
2026-08-18,34,GN7(GRANDUER),299223160,A/S,,333.0,0,0.0,282,18063.4,188,12042.2,67,4300.8,54,3440.6,226,14464.0,672,43008.0,168,10752.0,33,99,41,821,52544.0,299,19136.0,1661,106304.0,107,118,-66,-4224.0
2026-08-18,34,SM,202473904,A/S,40.0,,0,0.0,146,5829.6,97,3886.4,35,1388.0,28,1110.4,118,4720.0,347,13880.0,87,3480.0,17,51,21,423,16920.0,156,6240.0,857,34280.0,60,66,7,280.0
2026-08-18,34,CV,299257714,A/S,146.0,704.0,0,0.0,1051,153484.0,701,102322.6,250,36543.8,200,29235.0,774,113004.0,2503,365438.0,626,91396.0,122,367,153,3055,446030.0,1026,149796.0,6184,902864.0,384,422,10,1460.0
2026-08-18,34,CN7(AVANTE),299730981,A/S,36.0,116.0,0,0.0,58,2086.6,39,1391.0,14,496.8,11,397.4,50,1800.0,138,4968.0,35,1260.0,7,20,8,169,6084.0,66,2376.0,342,12312.0,23,25,-14,-504.0
2026-08-18,34,GN7(GRANDUER),299825573,D,54.0,67.0,0,0.0,1163,62800.9,775,41867.3,277,14952.6,222,11962.1,142,7668.0,2769,149526.0,692,37368.0,135,406,169,3380,182520.0,188,10152.0,6841,369414.0,366,403,-907,-48978.0
2026-08-18,34,GN7(GRANDUER),299697613,A/S,67.0,,0,0.0,220,14745.4,147,9830.2,52,3510.8,42,2808.6,170,11390.0,524,35108.0,131,8777.0,26,77,32,639,42813.0,226,15142.0,1294,86698.0,81,89,-62,-4154.0
2026-08-18,34,SP2(SORENTO),306W87066,A/S,54.0,187.0,0,0.0,248,13381.2,165,8920.8,59,3186.0,47,2548.8,201,10854.0,590,31860.0,147,7938.0,29,86,36,720,38880.0,266,14364.0,1457,78678.0,56,62,-62,-3348.0
2026-08-18,34,CV,CA7151848B,A/S,33.0,,0,0.0,28,914.8,18,609.8,7,217.8,5,174.2,21,693.0,66,2178.0,17,561.0,3,10,4,81,2673.0,27,891.0,164,5412.0,10,11,10,330.0
2026-08-18,34,TM,299531620,A/S,69.0,281.0,0,0.0,116,7998.5,77,5332.3,28,1904.4,22,1523.5,92,6348.0,276,19044.0,69,4761.0,13,40,17,337,23253.0,122,8418.0,682,47058.0,53,58,-47,-3243.0
2026-08-18,34,CN7(AVANTE),206729741,A/S,139.0,,0,0.0,271,37713.5,181,25142.3,65,8979.4,52,7183.5,192,26688.0,646,89794.0,162,22518.0,32,95,39,789,109671.0,254,35306.0,1597,221983.0,0,66,67,9313.0
2026-08-18,34,"SX2(KONA,HMC)",299810759,A/S,55.0,170.0,0,0.0,93,5128.2,62,3418.8,22,1221.0,18,976.8,68,3740.0,222,12210.0,55,3025.0,11,33,14,271,14905.0,90,4950.0,548,30140.0,35,38,10,550.0
2026-08-18,34,AE(IONIQ),299393066,A/S,54.0,,0,0.0,105,5670.0,70,3780.0,25,1350.0,20,1080.0,76,4104.0,250,13500.0,62,3348.0,12,37,15,305,16470.0,100,5400.0,617,33318.0,42,46,48,2592.0
2026-08-18,34,GN7(GRANDUER),299657619,A/S,,,0,0.0,455,29111.0,303,19407.4,108,6931.2,87,5545.0,369,23616.0,1083,69312.0,271,17344.0,53,159,66,1322,84608.0,489,31296.0,2676,171264.0,166,183,-335,-21440.0
2026-08-18,34,GN7(GRANDUER),206494437,A/S,74.0,339.0,0,0.0,311,23030.3,207,15353.5,74,5483.4,59,4386.7,234,17316.0,741,54834.0,185,13690.0,36,109,45,905,66970.0,310,22940.0,1831,135494.0,80,88,-54,-3996.0
2026-08-18,34,DH(G80),299247125,E,51.0,58.0,0,0.0,1632,83238.1,1088,55492.1,389,19818.6,311,15854.9,216,11016.0,3886,198186.0,972,49572.0,190,569,237,4744,241944.0,287,14637.0,9602,489702.0,507,558,-25,-1275.0
2026-08-18,34,TM,299198265,A/S,131.0,,0,0.0,825,108059.3,550,72039.5,196,25728.4,157,20582.7,623,81613.0,1964,257284.0,491,64321.0,96,288,120,2397,314007.0,825,108075.0,4852,635612.0,130,143,-1004,-131524.0
2026-08-18,34,TQ(STAREX),299825720,A/S,47.0,171.0,0,0.0,217,10185.8,144,6790.6,52,2425.2,41,1940.2,185,8695.0,516,24252.0,129,6063.0,25,75,31,629,29563.0,245,11515.0,1274,59878.0,71,78,1,47.0
2026-08-18,34,GN7(GRANDUER),299618048,A/S,9.0,37.0,0,0.0,22,196.6,15,131.0,5,46.8,4,37.4,18,162.0,52,468.0,13,117.0,3,8,3,63,567.0,24,216.0,128,1152.0,5,6,4,36.0
2026-08-18,34,JB,206225655,A/S,86.0,,0,0.0,282,24236.5,188,16157.7,67,5770.6,54,4616.5,217,18662.0,671,57706.0,168,14448.0,33,98,41,819,70434.0,287,24682.0,1658,142588.0,67,74,124,10664.0
2026-08-18,34,JX1,299593293,A/S,50.0,195.0,0,0.0,179,8946.0,119,5964.0,43,2130.0,34,1704.0,131,6550.0,426,21300.0,106,5300.0,21,62,26,519,25950.0,174,8700.0,1051,52550.0,71,78,31,1550.0
2026-08-18,34,HG(GRANDUER),299333876,A/S,249.0,,0,0.0,356,88579.3,237,59052.8,85,21090.3,68,16872.2,277,68973.0,847,210903.0,212,52788.0,41,124,52,1034,257466.0,367,91383.0,2093,521157.0,74,81,-131,-32619.0
2026-08-18,34,RG3(K9),299269114,A/S,35.0,,0,0.0,68,2381.4,45,1587.6,16,567.0,13,453.6,51,1785.0,162,5670.0,40,1400.0,8,24,10,198,6930.0,67,2345.0,400,14000.0,16,18,25,875.0
2026-08-18,34,AD-100,299813374,A/S,124.0,414.0,0,0.0,538,66662.4,358,44441.6,128,15872.0,102,12697.6,447,55428.0,1280,158720.0,320,39680.0,63,188,78,1563,193812.0,593,73532.0,3163,392212.0,186,205,13,1612.0
2026-08-18,34,DN8(SONATA),299919710,A/S,35.0,137.0,0,0.0,18,646.8,12,431.2,4,154.0,4,123.2,14,490.0,44,1540.0,11,385.0,2,6,3,53,1855.0,19,665.0,108,3780.0,7,8,9,315.0
2026-08-18,34,RESIN,299504137,원재료,57.0,51.0,469,26733.0,0,0.0,0,0.0,0,0.0,0,0.0,0,0.0,0,0.0,0,0.0,0,0,0,0,0.0,0,0.0,469,26733.0,0,0,-85,-4845.0
2026-08-18,34,LX2(PALISADE),206807629,D,,,0,0.0,584,37390.1,389,24926.7,139,8902.4,111,7121.9,70,4480.0,1391,89024.0,348,22272.0,68,204,85,1698,108672.0,93,5952.0,3437,219968.0,196,216,153,9792.0
2026-08-18,34,SM,299240899,D,131.0,,0,0.0,1203,157577.3,802,105051.5,286,37518.4,229,30014.7,143,18733.0,2864,375184.0,716,93796.0,140,420,175,3496,457976.0,189,24759.0,7076,926956.0,341,375,-111,-14541.0
2026-08-18,34,JF(K5),257W25840,A/S,189.0,715.0,0,0.0,224,42388.9,150,28259.3,53,10092.6,43,8074.1,163,30807.0,534,100926.0,133,25137.0,26,78,33,652,123228.0,217,41013.0,1319,249291.0,56,62,26,4914.0
2026-08-18,34,DN8(SONATA),299244213,C,52.0,,0,0.0,738,38394.7,492,25596.5,176,9141.6,141,7313.3,83,4316.0,1758,91416.0,439,22828.0,86,257,107,2145,111540.0,110,5720.0,4342,225784.0,259,285,93,4836.0
2026-08-18,34,AD-100,201174683,A/S,83.0,417.0,0,0.0,114,9481.9,76,6321.3,27,2257.6,22,1806.1,80,6640.0,272,22576.0,68,5644.0,13,40,17,332,27556.0,107,8881.0,672,55776.0,43,47,36,2988.0
2026-08-18,34,YP(CARNIVAL),299319095,A/S,22.0,,0,0.0,45,979.4,30,653.0,11,233.2,8,186.6,33,726.0,106,2332.0,26,572.0,5,15,6,129,2838.0,44,968.0,261,5742.0,17,19,11,242.0
2026-08-18,34,RG3(K9),299563963,A/S,59.0,197.0,0,0.0,163,9639.4,109,6426.3,39,2295.1,31,1836.1,126,7434.0,389,22951.0,97,5723.0,19,57,24,475,28025.0,167,9853.0,961,56699.0,39,43,69,4071.0
2026-08-18,34,GN7(GRANDUER),299646352,E,227.0,309.0,0,0.0,1465,332545.9,977,221697.3,349,79177.6,279,63342.1,162,36774.0,3488,791776.0,872,197944.0,170,511,213,4258,966566.0,214,48578.0,8618,1956286.0,368,405,606,137562.0
2026-08-18,34,EG,299540364,A/S,28.0,112.0,0,0.0,35,976.1,23,650.7,8,232.4,7,185.9,27,756.0,83,2324.0,21,588.0,4,12,5,102,2856.0,36,1008.0,206,5768.0,12,13,9,252.0
2026-08-18,34,AE(IONIQ),299233019,D,102.0,145.0,0,0.0,310,31658.8,207,21105.8,74,7537.8,59,6030.2,37,3774.0,739,75378.0,185,18870.0,36,108,45,902,92004.0,49,4998.0,1826,186252.0,143,157,-35,-3570.0
2026-08-18,34,CK(STINGER),206957520,A/S,29.0,,0,0.0,67,1948.8,45,1299.2,16,464.0,13,371.2,53,1537.0,160,4640.0,40,1160.0,8,23,10,195,5655.0,70,2030.0,395,11455.0,21,23,4,116.0
2026-08-18,34,CK(STINGER),202561565,A/S,144.0,515.0,0,0.0,280,40279.7,186,26853.1,67,9590.4,53,7672.3,214,30816.0,666,95904.0,167,24048.0,33,98,41,813,117072.0,284,40896.0,1646,237024.0,112,123,41,5904.0
2026-08-18,34,SG2,299588097,B,34.0,41.0,0,0.0,542,18421.2,361,12280.8,129,4386.0,103,3508.8,63,2142.0,1290,43860.0,323,10982.0,63,189,79,1575,53550.0,84,2856.0,3188,108392.0,171,188,-26,-884.0
2026-08-18,34,EG,299605906,C,22.0,19.0,0,0.0,168,3696.0,112,2464.0,40,880.0,32,704.0,19,418.0,400,8800.0,100,2200.0,20,59,24,488,10736.0,26,572.0,988,21736.0,56,62,-10,-220.0
2026-08-18,34,RG3(K9),299573766,A/S,206.0,,0,0.0,71,14708.4,48,9805.6,17,3502.0,14,2801.6,51,10506.0,170,35020.0,43,8858.0,8,25,10,208,42848.0,68,14008.0,421,86726.0,23,25,22,4532.0
2026-08-18,34,SP2(SORENTO),299184469,A/S,39.0,127.0,0,0.0,167,6519.2,111,4346.2,40,1552.2,32,1241.8,139,5421.0,398,15522.0,99,3861.0,19,58,24,486,18954.0,185,7215.0,983,38337.0,49,54,-63,-2457.0
2026-08-18,34,YP(CARNIVAL),299895590,C,62.0,,0,0.0,286,17707.2,190,11804.8,68,4216.0,54,3372.8,31,1922.0,680,42160.0,170,10540.0,33,100,42,830,51460.0,41,2542.0,1680,104160.0,81,89,111,6882.0
2026-08-18,34,ON(TELLURIDE),CA6806766A,A/S,35.0,127.0,0,0.0,78,2719.5,52,1813.0,18,647.5,15,518.0,56,1960.0,185,6475.0,46,1610.0,9,27,11,226,7910.0,75,2625.0,457,15995.0,26,29,49,1715.0
2026-08-18,34,NX4-PE(TUCSON),299664226,A/S,18.0,,0,0.0,17,302.4,11,201.6,4,72.0,3,57.6,13,234.0,40,720.0,10,180.0,2,6,2,49,882.0,17,306.0,99,1782.0,5,6,4,72.0
2026-08-18,34,AD-100,299128152,A/S,15.0,47.0,0,0.0,5,81.9,4,54.6,1,19.5,1,15.6,5,75.0,13,195.0,3,45.0,1,2,1,16,240.0,6,90.0,32,480.0,2,2,2,30.0
2026-08-18,34,CN7(AVANTE),299264029,B,141.0,217.0,0,0.0,360,50751.5,240,33834.4,86,12083.7,69,9667.0,43,6063.0,857,120837.0,214,30174.0,42,126,52,1046,147486.0,57,8037.0,2117,298497.0,113,124,4,564.0
2026-08-18,34,DN8(SONATA),299819345,A,74.0,81.0,0,0.0,706,52245.5,471,34830.3,168,12439.4,134,9951.5,86,6364.0,1681,124394.0,420,31080.0,82,246,103,2052,151848.0,114,8436.0,4153,307322.0,289,318,-59,-4366.0
2026-08-18,34,DN8(SONATA),206210765,A/S,164.0,660.0,0,0.0,183,29962.8,122,19975.2,44,7134.0,35,5707.2,140,22960.0,435,71340.0,109,17876.0,21,64,27,531,87084.0,186,30504.0,1075,176300.0,59,65,121,19844.0
2026-08-18,34,AE(IONIQ),299511182,C,26.0,26.0,0,0.0,110,2861.0,73,1907.4,26,681.2,21,545.0,13,338.0,262,6812.0,65,1690.0,13,38,16,319,8294.0,17,442.0,646,16796.0,30,33,9,234.0
2026-08-18,34,PAINT,299681540,원재료,56.0,,13363,748328.0,0,0.0,0,0.0,0,0.0,0,0.0,0,0.0,0,0.0,0,0.0,0,0,0,0,0.0,0,0.0,13363,748328.0,0,0,1110,62160.0
2026-08-18,34,HG(GRANDUER),299129389,A/S,123.0,284.0,0,0.0,644,79246.4,430,52831.0,153,18868.2,123,15094.6,461,56703.0,1534,188682.0,384,47232.0,75,225,94,1873,230379.0,611,75153.0,3791,466293.0,241,265,-162,-19926.0
2026-08-18,34,OS(KONA),299645949,A,55.0,70.0,0,0.0,378,20790.0,252,13860.0,90,4950.0,72,3960.0,51,2805.0,900,49500.0,225,12375.0,44,132,55,1098,60390.0,68,3740.0,2223,122265.0,144,158,-198,-10890.0
2026-08-18,34,NX4-PE(TUCSON),299792835,A/S,152.0,518.0,0,0.0,462,70160.2,308,46773.4,110,16704.8,88,13363.8,343,52136.0,1099,167048.0,275,41800.0,54,161,67,1341,203832.0,455,69160.0,2715,412680.0,130,143,225,34200.0
2026-08-18,34,SP2(SORENTO),713W94494,A/S,88.0,323.0,0,0.0,29,2550.2,19,1700.2,7,607.2,6,485.8,21,1848.0,69,6072.0,17,1496.0,3,10,4,84,7392.0,27,2376.0,170,14960.0,11,12,19,1672.0
2026-08-18,34,PAINT,299622360,원재료,87.0,,3880,337560.0,0,0.0,0,0.0,0,0.0,0,0.0,0,0.0,0,0.0,0,0.0,0,0,0,0,0.0,0,0.0,3880,337560.0,0,0,403,35061.0
2026-08-18,34,SP2(SORENTO),299626793,A/S,34.0,,0,0.0,105,3584.3,70,2389.5,25,853.4,20,682.7,80,2720.0,251,8534.0,63,2142.0,12,37,15,306,10404.0,105,3570.0,620,21080.0,16,18,55,1870.0
2026-08-18,34,OS(KONA),299637255,A/S,,258.0,0,0.0,4,268.8,3,179.2,1,64.0,1,51.2,3,192.0,10,640.0,2,128.0,0,1,1,12,768.0,4,256.0,24,1536.0,2,2,0,0.0
2026-08-18,34,EG,299299271,A/S,20.0,,0,0.0,6,126.0,4,84.0,2,30.0,1,24.0,6,120.0,15,300.0,4,80.0,1,2,1,18,360.0,7,140.0,37,740.0,1,1,-3,-60.0
2026-08-18,34,SM,299494414,A/S,102.0,,0,0.0,52,5269.3,34,3512.9,12,1254.6,10,1003.7,39,3978.0,123,12546.0,31,3162.0,6,18,8,150,15300.0,52,5304.0,304,31008.0,20,22,5,510.0
2026-08-18,34,QL(TUCSON),299368001,A/S,69.0,306.0,0,0.0,32,2173.5,21,1449.0,8,517.5,6,414.0,26,1794.0,75,5175.0,19,1311.0,4,11,5,92,6348.0,34,2346.0,186,12834.0,9,10,-14,-966.0
2026-08-18,34,DN8(SONATA),299830903,A/S,59.0,246.0,0,0.0,86,5055.1,57,3370.1,20,1203.6,16,962.9,62,3658.0,204,12036.0,51,3009.0,10,30,12,249,14691.0,83,4897.0,504,29736.0,18,20,36,2124.0
2026-08-18,34,JF(K5),299864484,A/S,127.0,456.0,0,0.0,1182,150098.8,788,100065.8,281,35737.8,225,28590.2,939,119253.0,2814,357378.0,703,89281.0,137,412,172,3435,436245.0,1244,157988.0,6952,882904.0,409,450,240,30480.0
2026-08-18,34,ON(TELLURIDE),299586210,A/S,126.0,444.0,0,0.0,269,33921.7,179,22614.5,64,8076.6,51,6461.3,220,27720.0,641,80766.0,160,20160.0,31,94,39,783,98658.0,292,36792.0,1584,199584.0,96,106,52,6552.0
2026-08-18,34,MX5(SANTAFE),299221020,A/S,47.0,117.0,0,0.0,297,13975.9,198,9317.3,71,3327.6,57,2662.1,254,11938.0,708,33276.0,177,8319.0,35,104,43,865,40655.0,337,15839.0,1750,82250.0,106,117,-21,-987.0
2026-08-18,34,SP2(SORENTO),299934102,E,19.0,20.0,0,0.0,148,2809.0,99,1872.6,35,668.8,28,535.0,17,323.0,352,6688.0,88,1672.0,17,52,22,430,8170.0,23,437.0,870,16530.0,55,61,26,494.0
2026-08-18,34,PAINT,299723231,원재료,58.0,,6615,383670.0,0,0.0,0,0.0,0,0.0,0,0.0,0,0.0,0,0.0,0,0.0,0,0,0,0,0.0,0,0.0,6615,383670.0,0,0,300,17400.0
2026-08-18,34,EG,299513085,A/S,125.0,,0,0.0,95,11917.5,64,7945.0,23,2837.5,18,2270.0,76,9500.0,227,28375.0,57,7125.0,11,33,14,278,34750.0,101,12625.0,562,70250.0,37,41,-62,-7750.0
2026-08-18,34,AD-100,763W79700,A/S,149.0,,0,0.0,406,60514.9,271,40343.2,97,14408.3,77,11526.6,339,50511.0,967,144083.0,242,36058.0,47,142,59,1181,175969.0,449,66901.0,2390,356110.0,132,145,-85,-12665.0
2026-08-18,34,SP2(SORENTO),206835420,D,57.0,,0,0.0,390,22216.3,260,14810.9,93,5289.6,74,4231.7,51,2907.0,928,52896.0,232,13224.0,45,136,57,1132,64524.0,67,3819.0,2292,130644.0,165,182,-51,-2907.0
2026-08-18,34,SM,299335712,D,24.0,34.0,0,0.0,46,1098.7,31,732.5,11,261.6,9,209.3,6,144.0,109,2616.0,27,648.0,5,16,7,133,3192.0,8,192.0,269,6456.0,20,22,-29,-696.0
2026-08-18,34,CN7(AVANTE),299808021,D,29.0,33.0,0,0.0,328,9524.8,219,6349.8,78,2267.8,63,1814.2,42,1218.0,782,22678.0,195,5655.0,38,114,48,954,27666.0,56,1624.0,1931,55999.0,106,117,267,7743.0
2026-08-18,34,VQ,614W62736,A/S,37.0,128.0,0,0.0,147,5439.0,98,3626.0,35,1295.0,28,1036.0,122,4514.0,350,12950.0,87,3219.0,17,51,21,427,15799.0,161,5957.0,864,31968.0,54,59,12,444.0
2026-08-18,34,NX4-PE(TUCSON),206675530,A/S,67.0,252.0,0,0.0,129,8667.1,86,5778.1,31,2063.6,25,1650.9,102,6834.0,308,20636.0,77,5159.0,15,45,19,376,25192.0,135,9045.0,761,50987.0,49,54,-12,-804.0
2026-08-18,34,SP2(SORENTO),206371306,A/S,13.0,42.0,0,0.0,2,27.3,1,18.2,0,6.5,0,5.2,2,26.0,5,65.0,1,13.0,0,1,0,6,78.0,2,26.0,12,156.0,1,1,0,0.0
2026-08-18,34,SM,299840454,A/S,35.0,182.0,0,0.0,109,3807.3,73,2538.2,26,906.5,21,725.2,87,3045.0,259,9065.0,65,2275.0,13,38,16,316,11060.0,115,4025.0,640,22400.0,37,41,0,0.0
2026-08-18,34,TM,299375217,A/S,69.0,,0,0.0,533,36804.6,356,24536.4,127,8763.0,102,7010.4,412,28428.0,1270,87630.0,318,21942.0,62,186,78,1550,106950.0,546,37674.0,3138,216522.0,199,219,-92,-6348.0
2026-08-18,34,CK(STINGER),CA7868279C,A/S,73.0,352.0,0,0.0,100,7266.4,66,4844.3,24,1730.1,19,1384.1,75,5475.0,237,17301.0,59,4307.0,12,35,14,290,21170.0,100,7300.0,586,42778.0,51,56,48,3504.0
2026-08-18,34,ON(TELLURIDE),299167134,A/S,39.0,136.0,0,0.0,53,2063.9,35,1375.9,13,491.4,10,393.1,41,1599.0,126,4914.0,32,1248.0,6,18,8,154,6006.0,55,2145.0,312,12168.0,16,18,0,0.0
2026-08-18,34,AE(IONIQ),307W68324,A/S,,145.0,0,0.0,98,6289.9,66,4193.3,23,1497.6,19,1198.1,75,4800.0,234,14976.0,59,3776.0,11,34,14,286,18304.0,100,6400.0,579,37056.0,32,35,65,4160.0
2026-08-18,34,RG3(K9),299308154,A/S,110.0,424.0,0,0.0,540,59413.2,360,39608.8,129,14146.0,103,11316.8,435,47850.0,1286,141460.0,321,35310.0,63,188,78,1569,172590.0,577,63470.0,3176,349360.0,239,263,85,9350.0
2026-08-18,34,PAINT,299926270,원재료,193.0,,5745,1108785.0,0,0.0,0,0.0,0,0.0,0,0.0,0,0.0,0,0.0,0,0.0,0,0,0,0,0.0,0,0.0,5745,1108785.0,0,0,544,104992.0
2026-08-18,34,SM,299299907,A/S,61.0,199.0,0,0.0,23,1383.5,15,922.3,5,329.4,4,263.5,16,976.0,54,3294.0,13,793.0,3,8,3,65,3965.0,21,1281.0,132,8052.0,9,10,6,366.0
2026-08-18,34,RG3(K9),299312073,A/S,37.0,124.0,0,0.0,6,217.6,4,145.0,1,51.8,1,41.4,4,148.0,14,518.0,3,111.0,1,2,1,17,629.0,6,222.0,34,1258.0,2,2,0,0.0
2026-08-18,34,TQ(STAREX),206218827,E,34.0,,0,0.0,57,1927.8,38,1285.2,14,459.0,11,367.2,7,238.0,135,4590.0,34,1156.0,7,20,8,164,5576.0,10,340.0,333,11322.0,24,26,-25,-850.0
2026-08-18,34,TQ(STAREX),299940721,C,73.0,,0,0.0,730,53256.4,486,35504.3,174,12680.1,139,10144.1,83,6059.0,1737,126801.0,434,31682.0,85,255,106,2121,154833.0,110,8030.0,4292,313316.0,188,207,-138,-10074.0
2026-08-18,34,LX2(PALISADE),299225389,A/S,62.0,306.0,0,0.0,270,16743.7,180,11162.5,64,3986.6,51,3189.3,222,13764.0,643,39866.0,161,9982.0,31,94,39,785,48670.0,294,18228.0,1589,98518.0,103,113,-26,-1612.0
2026-08-18,34,M-300,299486302,A/S,31.0,,0,0.0,194,6002.2,129,4001.5,46,1429.1,37,1143.3,161,4991.0,461,14291.0,115,3565.0,23,68,28,563,17453.0,213,6603.0,1139,35309.0,75,82,-74,-2294.0
2026-08-18,34,SG2,983W79126,A/S,29.0,122.0,0,0.0,42,1218.0,28,812.0,10,290.0,8,232.0,33,957.0,100,2900.0,25,725.0,5,15,6,123,3567.0,44,1276.0,248,7192.0,18,20,-12,-348.0
2026-08-18,34,CN7(AVANTE),201285203,A/S,37.0,147.0,0,0.0,38,1398.6,25,932.4,9,333.0,7,266.4,30,1110.0,90,3330.0,23,851.0,4,13,6,110,4070.0,39,1443.0,223,8251.0,10,11,-10,-370.0
2026-08-18,34,M-300,299595350,A/S,36.0,129.0,0,0.0,20,710.6,13,473.8,5,169.2,4,135.4,17,612.0,47,1692.0,12,432.0,2,7,3,57,2052.0,22,792.0,116,4176.0,7,8,-12,-432.0
2026-08-18,34,DN8(SONATA),299646514,A,,,0,0.0,720,46072.3,480,30714.9,171,10969.6,137,8775.7,82,5248.0,1714,109696.0,429,27456.0,84,251,105,2092,133888.0,108,6912.0,4235,271040.0,267,294,195,12480.0
2026-08-18,34,CK(STINGER),299747536,D,27.0,,0,0.0,261,7053.5,174,4702.3,62,1679.4,50,1343.5,33,891.0,622,16794.0,155,4185.0,30,91,38,759,20493.0,44,1188.0,1536,41472.0,99,109,0,0.0
2026-08-18,34,NX4-PE(TUCSON),299319393,A/S,40.0,115.0,0,0.0,33,1310.4,22,873.6,8,312.0,6,249.6,26,1040.0,78,3120.0,19,760.0,4,11,5,95,3800.0,34,1360.0,192,7680.0,12,13,-3,-120.0
2026-08-18,34,CV,299846536,D,136.0,,0,0.0,1194,162449.3,796,108299.5,284,38678.4,228,30942.7,151,20536.0,2844,386784.0,711,96696.0,139,417,174,3471,472056.0,201,27336.0,7026,955536.0,325,358,-109,-14824.0
2026-08-18,34,JB,201692153,A/S,33.0,,0,0.0,8,263.3,5,175.6,2,62.7,2,50.2,6,198.0,19,627.0,5,165.0,1,3,1,24,792.0,8,264.0,48,1584.0,3,3,6,198.0
2026-08-18,34,SM,299999718,A/S,,,0,0.0,44,2795.5,29,1863.7,10,665.6,8,532.5,34,2176.0,104,6656.0,26,1664.0,5,15,6,127,8128.0,45,2880.0,257,16448.0,18,20,8,512.0
2026-08-18,34,JF(K5),299489993,A/S,62.0,222.0,0,0.0,178,11014.9,118,7343.3,42,2622.6,34,2098.1,143,8866.0,423,26226.0,106,6572.0,21,62,26,516,31992.0,189,11718.0,1045,64790.0,73,80,-8,-496.0
2026-08-18,34,PAINT,202597026,원재료,54.0,67.0,4075,220050.0,0,0.0,0,0.0,0,0.0,0,0.0,0,0.0,0,0.0,0,0.0,0,0,0,0,0.0,0,0.0,4075,220050.0,0,0,199,10746.0
2026-08-18,34,LX2(PALISADE),299782962,A/S,225.0,900.0,0,0.0,117,26271.0,78,17514.0,28,6255.0,22,5004.0,88,19800.0,278,62550.0,69,15525.0,14,41,17,339,76275.0,117,26325.0,686,154350.0,46,51,21,4725.0
2026-08-18,34,RG3(K9),299249191,A/S,77.0,,0,0.0,309,23802.2,206,15868.2,74,5667.2,59,4533.8,215,16555.0,736,56672.0,184,14168.0,36,108,45,898,69146.0,285,21945.0,1818,139986.0,107,118,128,9856.0
2026-08-18,34,DN8(SONATA),202903223,A/S,48.0,209.0,0,0.0,178,8568.0,119,5712.0,42,2040.0,34,1632.0,134,6432.0,425,20400.0,106,5088.0,21,62,26,518,24864.0,178,8544.0,1049,50352.0,45,50,-13,-624.0
2026-08-18,34,DN8(SONATA),299566846,A/S,106.0,294.0,0,0.0,648,68738.9,432,45825.9,154,16366.4,124,13093.1,543,57558.0,1544,163664.0,386,40916.0,75,226,94,1885,199810.0,720,76320.0,3815,404390.0,161,177,-20,-2120.0
2026-08-18,34,JX1,299545852,A/S,55.0,,0,0.0,157,8639.4,105,5759.6,37,2057.0,30,1645.6,121,6655.0,374,20570.0,94,5170.0,18,55,23,457,25135.0,160,8800.0,925,50875.0,45,50,-13,-715.0
2026-08-18,34,LX2(PALISADE),299289209,A/S,12.0,,0,0.0,76,907.2,50,604.8,18,216.0,14,172.8,73,876.0,180,2160.0,45,540.0,9,26,11,219,2628.0,97,1164.0,444,5328.0,25,28,-9,-108.0
2026-08-18,34,YP(CARNIVAL),206522478,E,21.0,20.0,0,0.0,90,1896.3,60,1264.2,22,451.5,17,361.2,12,252.0,215,4515.0,54,1134.0,10,31,13,262,5502.0,16,336.0,531,11151.0,26,29,-12,-252.0
2026-08-18,34,DN8(SONATA),206448290,A/S,110.0,,0,0.0,101,11134.2,67,7422.8,24,2651.0,19,2120.8,79,8690.0,241,26510.0,60,6600.0,12,35,15,294,32340.0,104,11440.0,595,65450.0,28,31,56,6160.0
2026-08-18,34,TQ(STAREX),202956502,A/S,129.0,,0,0.0,158,20317.5,105,13545.0,38,4837.5,30,3870.0,116,14964.0,375,48375.0,94,12126.0,18,55,23,458,59082.0,154,19866.0,927,119583.0,46,51,17,2193.0
2026-08-18,34,SG2,206219134,A/S,21.0,72.0,0,0.0,23,476.3,15,317.5,5,113.4,4,90.7,17,357.0,54,1134.0,14,294.0,3,8,3,66,1386.0,22,462.0,134,2814.0,7,8,13,273.0
2026-08-18,34,RG3(K9),299404751,A/S,78.0,261.0,0,0.0,57,4455.4,38,2970.2,14,1060.8,11,848.6,44,3432.0,136,10608.0,34,2652.0,7,20,8,165,12870.0,59,4602.0,335,26130.0,19,21,21,1638.0
2026-08-18,34,JX1,299204521,A/S,60.0,158.0,0,0.0,187,11239.2,125,7492.8,45,2676.0,36,2140.8,132,7920.0,446,26760.0,112,6720.0,22,65,27,545,32700.0,175,10500.0,1103,66180.0,58,64,53,3180.0
2026-08-18,34,SG2,299231962,A/S,102.0,,0,0.0,277,28274.4,185,18849.6,66,6732.0,53,5385.6,195,19890.0,660,67320.0,165,16830.0,32,97,40,805,82110.0,258,26316.0,1630,166260.0,91,100,-18,-1836.0
2026-08-18,34,AD-100,299554951,A/S,,291.0,0,0.0,249,15939.8,166,10626.6,59,3795.2,47,3036.2,199,12736.0,593,37952.0,148,9472.0,29,87,36,723,46272.0,264,16896.0,1464,93696.0,71,78,116,7424.0
2026-08-18,34,JX1,299674873,A/S,39.0,160.0,0,0.0,161,6289.9,108,4193.3,38,1497.6,31,1198.1,137,5343.0,384,14976.0,96,3744.0,19,56,23,469,18291.0,181,7059.0,949,37011.0,56,62,15,585.0
2026-08-18,34,CK(STINGER),206753453,E,96.0,,0,0.0,222,21329.3,148,14219.5,53,5078.4,42,4062.7,25,2400.0,529,50784.0,132,12672.0,26,77,32,645,61920.0,34,3264.0,1306,125376.0,42,46,-54,-5184.0
2026-08-18,34,TQ(STAREX),299844255,A/S,189.0,604.0,0,0.0,1415,267351.8,943,178234.6,337,63655.2,269,50924.2,1082,204498.0,3368,636552.0,842,159138.0,164,493,206,4110,776790.0,1435,271215.0,8320,1572480.0,453,498,335,63315.0
2026-08-18,34,PAINT,202925616,원재료,20.0,21.0,2547,50940.0,0,0.0,0,0.0,0,0.0,0,0.0,0,0.0,0,0.0,0,0.0,0,0,0,0,0.0,0,0.0,2547,50940.0,0,0,196,3920.0
2026-08-18,34,NX4-PE(TUCSON),299128456,A/S,100.0,308.0,0,0.0,40,3990.0,27,2660.0,10,950.0,8,760.0,31,3100.0,95,9500.0,24,2400.0,5,14,6,116,11600.0,41,4100.0,235,23500.0,13,14,15,1500.0
2026-08-18,34,CN7(AVANTE),202396330,A/S,53.0,,0,0.0,30,1580.5,20,1053.6,7,376.3,6,301.0,23,1219.0,71,3763.0,18,954.0,3,10,4,86,4558.0,30,1590.0,175,9275.0,9,10,-3,-159.0
2026-08-18,34,"SX2(KONA,HMC)",299562697,A/S,38.0,,0,0.0,232,8825.9,155,5883.9,55,2101.4,44,1681.1,181,6878.0,553,21014.0,138,5244.0,27,81,34,675,25650.0,240,9120.0,1366,51908.0,79,87,-86,-3268.0
2026-08-18,34,HG(GRANDUER),299227970,B,17.0,,0,0.0,211,3584.3,141,2389.5,50,853.4,40,682.7,23,391.0,502,8534.0,125,2125.0,24,73,31,612,10404.0,31,527.0,1239,21063.0,80,88,91,1547.0
2026-08-18,34,JF(K5),299970620,A/S,81.0,331.0,0,0.0,68,5511.2,45,3674.2,16,1312.2,13,1049.8,52,4212.0,162,13122.0,41,3321.0,8,24,10,198,16038.0,69,5589.0,401,32481.0,19,21,14,1134.0
2026-08-18,34,VQ,299395449,E,88.0,118.0,0,0.0,826,72700.3,551,48466.9,197,17309.6,157,13847.7,101,8888.0,1967,173096.0,492,43296.0,96,288,120,2401,211288.0,134,11792.0,4860,427680.0,417,459,-73,-6424.0
2026-08-18,34,LX2(PALISADE),299487862,,47.0,197.0,0,0.0,43,2013.5,29,1342.3,10,479.4,8,383.5,35,1645.0,102,4794.0,25,1175.0,5,15,6,124,5828.0,47,2209.0,251,11797.0,14,15,-15,-705.0
2026-08-18,34,TM,299908290,A/S,69.0,299.0,0,0.0,277,19097.8,185,12731.9,66,4547.1,53,3637.7,219,15111.0,659,45471.0,165,11385.0,32,96,40,1528,105404.4,291,20079.0,2352,162260.4,34,107,104,7176.0
2026-08-18,34,TM,299695972,D,17.0,17.0,0,0.0,739,12566.4,493,8377.6,176,2992.0,141,2393.6,93,1581.0,1760,29920.0,440,7480.0,86,258,107,2149,36533.0,124,2108.0,4349,73933.0,271,298,-246,-4182.0
2026-08-18,34,HG(GRANDUER),299217774,A/S,53.0,,0,0.0,4,200.3,3,133.6,1,47.7,1,38.2,3,159.0,9,477.0,2,106.0,0,1,1,11,583.0,4,212.0,22,1166.0,2,2,2,106.0
2026-08-18,34,SG2,299705296,A/S,233.0,,0,0.0,352,82006.7,235,54671.1,84,19525.4,67,15620.3,262,61046.0,838,195254.0,209,48697.0,41,123,51,1022,238126.0,347,80851.0,2069,482077.0,128,141,130,30290.0
2026-08-18,34,"SX2(KONA,HMC)",299313558,A/S,27.0,,0,0.0,90,2438.1,60,1625.4,22,580.5,17,464.4,71,1917.0,215,5805.0,54,1458.0,10,31,13,498,13440.6,94,2538.0,767,20703.6,10,31,39,1053.0
2026-08-18,34,CV,299562227,A/S,37.0,,0,0.0,75,2766.1,50,1844.1,18,658.6,14,526.9,60,2220.0,178,6586.0,45,1665.0,9,26,11,217,8029.0,79,2923.0,440,16280.0,22,24,-3,-111.0
2026-08-18,34,DN8(SONATA),CA6121335C,A/S,24.0,93.0,0,0.0,64,1532.2,43,1021.4,15,364.8,12,291.8,56,1344.0,152,3648.0,38,912.0,7,22,9,185,4440.0,73,1752.0,375,9000.0,23,25,11,264.0
2026-08-18,34,LX2(PALISADE),859W62074,D,94.0,137.0,0,0.0,945,88790.5,630,59193.7,225,21140.6,180,16912.5,101,9494.0,2249,211406.0,562,52828.0,110,329,137,2745,258030.0,134,12596.0,5556,522264.0,321,353,399,37506.0
2026-08-18,34,LX2(PALISADE),299116226,A/S,48.0,154.0,0,0.0,33,1592.6,22,1061.8,8,379.2,6,303.4,26,1248.0,79,3792.0,20,960.0,4,12,5,96,4608.0,34,1632.0,195,9360.0,11,12,-3,-144.0
2026-08-18,34,M-300,299236410,A/S,57.0,199.0,0,0.0,87,4931.6,58,3287.8,21,1174.2,16,939.4,69,3933.0,206,11742.0,52,2964.0,10,30,13,252,14364.0,91,5187.0,510,29070.0,34,37,-34,-1938.0
2026-08-18,34,M-300,206540677,A/S,31.0,96.0,0,0.0,74,2304.5,50,1536.4,18,548.7,14,439.0,61,1891.0,177,5487.0,44,1364.0,9,26,11,216,6696.0,82,2542.0,437,13547.0,26,29,22,682.0
2026-08-18,34,VQ,206319322,C,12.0,15.0,0,0.0,39,463.7,26,309.1,9,110.4,7,88.3,4,48.0,92,1104.0,23,276.0,5,14,6,113,1356.0,6,72.0,228,2736.0,0,13,11,132.0
2026-08-18,34,JF(K5),299871381,D,71.0,,0,0.0,23,1610.3,15,1073.5,5,383.4,4,306.7,3,213.0,54,3834.0,13,923.0,3,8,3,65,4615.0,3,213.0,132,9372.0,7,8,2,142.0
2026-08-18,34,JF(K5),299721813,A/S,71.0,,0,0.0,280,19889.9,187,13260.0,67,4735.7,53,3788.6,230,16330.0,667,47357.0,167,11857.0,33,98,41,814,57794.0,305,21655.0,1648,117008.0,86,95,-32,-2272.0
2026-08-18,34,PAINT,299914689,원재료,97.0,,18140,1759580.0,0,0.0,0,0.0,0,0.0,0,0.0,0,0.0,0,0.0,0,0.0,0,0,0,0,0.0,0,0.0,18140,1759580.0,0,0,-399,-38703.0
2026-08-18,34,JX1,299729404,D,304.0,329.0,0,0.0,3281,997563.8,2188,665042.6,781,237515.2,625,190012.2,371,112784.0,7813,2375152.0,1953,593712.0,381,1144,477,9537,2899248.0,492,149568.0,19303,5868112.0,1329,1462,1653,502512.0
2026-08-18,34,AD-100,206603078,A/S,29.0,129.0,0,0.0,21,609.0,14,406.0,5,145.0,4,116.0,17,493.0,50,1450.0,12,348.0,2,7,3,61,1769.0,23,667.0,123,3567.0,8,9,5,145.0
2026-08-18,34,GN7(GRANDUER),299115969,E,77.0,,0,0.0,419,32275.3,279,21516.9,100,7684.6,80,6147.7,52,4004.0,998,76846.0,250,19250.0,49,146,61,1218,93786.0,69,5313.0,2466,189882.0,89,98,-48,-3696.0
2026-08-18,34,CN7(AVANTE),299185183,A/S,81.0,297.0,0,0.0,267,21636.7,178,14424.5,64,5151.6,51,4121.3,235,19035.0,636,51516.0,159,12879.0,31,93,39,777,62937.0,312,25272.0,1572,127332.0,100,110,-67,-5427.0
2026-08-18,34,CN7(AVANTE),299902123,A/S,95.0,,0,0.0,40,3830.4,27,2553.6,10,912.0,8,729.6,28,2660.0,96,9120.0,24,2280.0,5,14,6,118,11210.0,37,3515.0,238,22610.0,16,18,25,2375.0
2026-08-18,34,QL(TUCSON),299377374,E,83.0,,0,0.0,664,55113.7,443,36742.4,158,13122.3,126,10497.8,76,6308.0,1581,131223.0,395,32785.0,77,231,96,1929,160107.0,101,8383.0,3905,324115.0,269,296,-255,-21165.0
2026-08-18,34,CV,299613847,A/S,171.0,,0,0.0,159,27219.8,106,18146.5,38,6480.9,30,5184.7,114,19494.0,379,64809.0,95,16245.0,19,56,23,463,79173.0,152,25992.0,937,160227.0,74,81,75,12825.0
2026-08-18,34,SP2(SORENTO),202779173,A/S,305.0,802.0,0,0.0,629,191893.8,419,127929.2,150,45689.0,120,36551.2,474,144570.0,1498,456890.0,375,114375.0,73,219,91,1829,557845.0,629,191845.0,3702,1129110.0,191,210,22,6710.0
2026-08-18,34,JF(K5),299338531,A/S,77.0,,0,0.0,28,2166.8,19,1444.5,7,515.9,5,412.7,21,1617.0,67,5159.0,17,1309.0,3,10,4,81,6237.0,27,2079.0,165,12705.0,9,10,-7,-539.0
2026-08-18,34,CN7(AVANTE),299108266,D,80.0,,0,0.0,1043,83462.4,696,55641.6,248,19872.0,199,15897.6,114,9120.0,2484,198720.0,621,49680.0,121,364,152,3032,242560.0,152,12160.0,6137,490960.0,268,295,496,39680.0
2026-08-18,34,SG2,206648671,A/S,21.0,89.0,0,0.0,174,3651.5,116,2434.3,41,869.4,33,695.5,128,2688.0,414,8694.0,104,2184.0,20,61,25,506,10626.0,170,3570.0,1024,21504.0,64,70,71,1491.0
2026-08-18,34,RG3(K9),864W72336,A/S,132.0,677.0,0,0.0,139,18406.1,93,12270.7,33,4382.4,27,3505.9,111,14652.0,332,43824.0,83,10956.0,16,49,20,405,53460.0,147,19404.0,820,108240.0,51,56,26,3432.0
2026-08-18,34,M-300,299375342,A/S,132.0,478.0,0,0.0,190,25114.3,127,16742.9,45,5979.6,36,4783.7,131,17292.0,453,59796.0,113,14916.0,22,66,28,553,72996.0,174,22968.0,1119,147708.0,46,51,94,12408.0
2026-08-18,34,MX5(SANTAFE),299779104,E,70.0,,0,0.0,1173,82084.8,782,54723.2,279,19544.0,223,15635.2,119,8330.0,2792,195440.0,698,48860.0,136,409,170,3408,238560.0,158,11060.0,6898,482860.0,545,600,1022,71540.0
2026-08-18,34,CN7(AVANTE),299966861,A/S,150.0,727.0,0,0.0,137,20538.0,91,13692.0,33,4890.0,26,3912.0,111,16650.0,326,48900.0,82,12300.0,16,48,20,398,59700.0,147,22050.0,806,120900.0,44,48,-71,-10650.0
2026-08-18,34,JB,299376801,A/S,89.0,333.0,0,0.0,123,10915.0,82,7276.6,29,2598.8,23,2079.0,93,8277.0,292,25988.0,73,6497.0,14,43,18,356,31684.0,123,10947.0,721,64169.0,42,46,51,4539.0
2026-08-18,34,EG,299501319,A/S,140.0,,0,0.0,646,90493.2,431,60328.8,154,21546.0,123,17236.8,535,74900.0,1539,215460.0,385,53900.0,75,225,94,1879,263060.0,709,99260.0,3803,532420.0,210,231,-488,-68320.0
2026-08-18,34,HG(GRANDUER),CA3227340B,A/S,175.0,882.0,0,0.0,118,20580.0,78,13720.0,28,4900.0,22,3920.0,93,16275.0,280,49000.0,70,12250.0,14,41,17,342,59850.0,123,21525.0,692,121100.0,38,42,10,1750.0
2026-08-18,34,RG3(K9),299164281,D,63.0,,0,0.0,1143,72024.1,762,48016.1,272,17148.6,218,13718.9,134,8442.0,2722,171486.0,681,42903.0,133,399,166,3323,209349.0,178,11214.0,6726,423738.0,620,682,-71,-4473.0
2026-08-18,34,AE-PE(IONIQ),299233315,A/S,42.0,113.0,0,0.0,189,7920.4,126,5280.2,45,1885.8,36,1508.6,156,6552.0,449,18858.0,112,4704.0,22,66,27,548,23016.0,206,8652.0,1109,46578.0,60,66,-65,-2730.0
2026-08-18,34,AE(IONIQ),299993762,A/S,67.0,228.0,0,0.0,27,1829.1,18,1219.4,6,435.5,5,348.4,21,1407.0,65,4355.0,16,1072.0,3,9,4,79,5293.0,28,1876.0,160,10720.0,12,13,0,0.0
2026-08-18,34,HG(GRANDUER),CA2873821C,A/S,215.0,921.0,0,0.0,1749,376009.2,1166,250672.8,416,89526.0,333,71620.8,1275,274125.0,4164,895260.0,1041,223815.0,203,610,254,5082,1092630.0,1690,363350.0,10287,2211705.0,784,862,923,198445.0
2026-08-18,34,CN7(AVANTE),299384315,E,144.0,185.0,0,0.0,844,121504.3,563,81002.9,201,28929.6,161,23143.7,99,14256.0,2009,289296.0,502,72288.0,98,294,123,2452,353088.0,132,19008.0,4963,714672.0,326,359,130,18720.0
2026-08-18,34,PAINT,299630856,원재료,40.0,43.0,3888,155520.0,0,0.0,0,0.0,0,0.0,0,0.0,0,0.0,0,0.0,0,0.0,0,0,0,0,0.0,0,0.0,3888,155520.0,0,0,38,1520.0
2026-08-18,34,SM,201680094,E,98.0,,0,0.0,1084,106192.8,722,70795.2,258,25284.0,206,20227.2,129,12642.0,2580,252840.0,645,63210.0,126,378,158,3150,308700.0,170,16660.0,6375,624750.0,116,128,290,28420.0
2026-08-18,34,JX1,206969799,A/S,58.0,158.0,0,0.0,216,12521.0,144,8347.4,51,2981.2,41,2385.0,168,9744.0,514,29812.0,128,7424.0,25,75,31,627,36366.0,223,12934.0,1269,73602.0,69,76,-43,-2494.0
2026-08-18,34,M-300,299514677,A,184.0,,0,0.0,2608,479831.5,1739,319887.7,621,114245.6,497,91396.5,311,57224.0,6209,1142456.0,1552,285568.0,303,909,379,7578,1394352.0,412,75808.0,15339,2822376.0,671,738,200,36800.0
2026-08-18,34,RG3(K9),299701099,A/S,44.0,98.0,0,0.0,91,4010.2,61,2673.4,22,954.8,17,763.8,77,3388.0,217,9548.0,54,2376.0,11,32,13,265,11660.0,102,4488.0,536,23584.0,35,38,30,1320.0
2026-08-18,34,EG,299283688,A/S,144.0,,0,0.0,201,28969.9,134,19313.3,48,6897.6,38,5518.1,148,21312.0,479,68976.0,120,17280.0,23,70,29,585,84240.0,196,28224.0,1184,170496.0,75,82,-34,-4896.0
2026-08-18,34,MX5(SANTAFE),299281280,A/S,111.0,354.0,0,0.0,143,15850.8,95,10567.2,34,3774.0,27,3019.2,105,11655.0,340,37740.0,85,9435.0,17,50,21,415,46065.0,139,15429.0,840,93240.0,62,68,72,7992.0
2026-08-18,34,VQ,206467925,A/S,38.0,152.0,0,0.0,203,7708.7,135,5139.1,48,1835.4,39,1468.3,159,6042.0,483,18354.0,121,4598.0,24,71,30,590,22420.0,210,7980.0,1194,45372.0,55,61,-22,-836.0
2026-08-18,34,TM,299626666,A/S,90.0,254.0,0,0.0,571,51408.0,381,34272.0,136,12240.0,109,9792.0,430,38700.0,1360,122400.0,340,30600.0,66,199,83,1660,149400.0,570,51300.0,3360,302400.0,225,248,289,26010.0
2026-08-18,34,JX1,299672480,A/S,42.0,153.0,0,0.0,46,1922.8,31,1281.8,11,457.8,9,366.2,35,1470.0,109,4578.0,27,1134.0,5,16,7,133,5586.0,47,1974.0,269,11298.0,10,11,30,1260.0
2026-08-18,34,TQ(STAREX),299654783,A/S,91.0,314.0,0,0.0,543,49418.5,362,32945.6,129,11766.3,103,9413.0,418,38038.0,1293,117663.0,323,29393.0,63,189,79,1578,143598.0,553,50323.0,3194,290654.0,198,218,120,10920.0
2026-08-18,34,LX2(PALISADE),299185703,A/S,19.0,,0,0.0,151,2872.8,101,1915.2,36,684.0,29,547.2,125,2375.0,360,6840.0,90,1710.0,18,53,22,439,8341.0,166,3154.0,889,16891.0,57,63,-102,-1938.0
2026-08-18,34,QL(TUCSON),299342604,A/S,46.0,148.0,0,0.0,113,5216.4,76,3477.6,27,1242.0,22,993.6,83,3818.0,270,12420.0,68,3128.0,13,40,16,330,15180.0,110,5060.0,668,30728.0,45,50,35,1610.0
2026-08-18,34,AE-PE(IONIQ),299852879,A/S,121.0,,0,0.0,555,67184.0,370,44789.4,132,15996.2,106,12797.0,426,51546.0,1322,159962.0,331,40051.0,65,194,81,1614,195294.0,564,68244.0,3267,395307.0,171,188,-11,-1331.0
2026-08-18,34,AE(IONIQ),206666028,A/S,50.0,188.0,0,0.0,213,10647.0,142,7098.0,51,2535.0,41,2028.0,161,8050.0,507,25350.0,127,6350.0,25,74,31,1174,58710.0,213,10650.0,1808,90410.0,19,58,70,3500.0
2026-08-18,34,AD-100,273W94919,A/S,15.0,54.0,0,0.0,8,126.0,6,84.0,2,30.0,2,24.0,7,105.0,20,300.0,5,75.0,1,3,1,24,360.0,9,135.0,49,735.0,4,4,5,75.0
2026-08-18,34,TM,206938092,D,65.0,73.0,0,0.0,170,11056.5,113,7371.0,40,2632.5,32,2106.0,18,1170.0,405,26325.0,101,6565.0,20,59,25,495,32175.0,24,1560.0,1001,65065.0,59,65,-41,-2665.0
2026-08-18,34,SG2,299441892,C,53.0,67.0,0,0.0,552,29271.9,368,19514.6,132,6969.5,105,5575.6,71,3763.0,1315,69695.0,329,17437.0,64,193,80,1605,85065.0,94,4982.0,3249,172197.0,204,224,-139,-7367.0
2026-08-18,34,NX4-PE(TUCSON),299438019,A/S,126.0,472.0,0,0.0,474,59693.8,316,39795.8,113,14212.8,90,11370.2,371,46746.0,1128,142128.0,282,35532.0,55,165,69,1377,173502.0,492,61992.0,2787,351162.0,0,155,-52,-6552.0
2026-08-18,34,HG(GRANDUER),299428283,A/S,8.0,22.0,0,0.0,24,194.9,16,129.9,6,46.4,5,37.1,19,152.0,58,464.0,14,112.0,3,8,4,70,560.0,25,200.0,142,1136.0,10,11,0,0.0
2026-08-18,34,ON(TELLURIDE),299677283,A/S,60.0,,0,0.0,66,3931.2,44,2620.8,16,936.0,12,748.8,56,3360.0,156,9360.0,39,2340.0,8,23,10,190,11400.0,74,4440.0,385,23100.0,18,20,47,2820.0
2026-08-18,34,TQ(STAREX),299987351,A/S,74.0,291.0,0,0.0,72,5345.8,48,3563.8,17,1272.8,14,1018.2,51,3774.0,172,12728.0,43,3182.0,8,25,10,209,15466.0,67,4958.0,424,31376.0,28,31,21,1554.0
2026-08-18,34,JF(K5),299579836,A/S,117.0,,0,0.0,291,34054.0,194,22702.7,69,8108.1,55,6486.5,208,24336.0,693,81081.0,173,20241.0,34,102,42,846,98982.0,276,32292.0,1712,200304.0,100,110,35,4095.0
2026-08-18,34,DN8(SONATA),299568090,A/S,152.0,,0,0.0,585,88865.3,390,59243.5,139,21158.4,111,16926.7,423,64296.0,1392,211584.0,348,52896.0,68,204,85,1698,258096.0,561,85272.0,3438,522576.0,105,116,343,52136.0
2026-08-18,34,TM,299981774,C,161.0,165.0,0,0.0,1720,276903.9,1147,184602.6,410,65929.5,328,52743.6,206,33166.0,4095,659295.0,1024,164864.0,200,600,250,4999,804839.0,273,43953.0,10118,1628998.0,662,728,-191,-30751.0
2026-08-18,34,EG,299467168,A/S,61.0,210.0,0,0.0,146,8915.8,97,5943.8,35,2122.8,28,1698.2,105,6405.0,348,21228.0,87,5307.0,17,51,21,425,25925.0,139,8479.0,860,52460.0,51,56,-29,-1769.0
2026-08-18,34,SG2,299279420,A/S,55.0,225.0,0,0.0,40,2217.6,27,1478.4,10,528.0,8,422.4,30,1650.0,96,5280.0,24,1320.0,5,14,6,118,6490.0,40,2200.0,238,13090.0,12,13,11,605.0
2026-08-18,34,EG,299110725,A/S,21.0,70.0,0,0.0,134,2822.4,90,1881.6,32,672.0,26,537.6,103,2163.0,320,6720.0,80,1680.0,16,47,20,390,8190.0,136,2856.0,790,16590.0,53,58,20,420.0
2026-08-18,34,AD-100,299646931,A/S,79.0,,0,0.0,163,12840.7,108,8560.4,39,3057.3,31,2445.8,133,10507.0,387,30573.0,97,7663.0,19,57,24,472,37288.0,176,13904.0,956,75524.0,51,56,49,3871.0
2026-08-18,34,RG3(K9),299178671,A/S,14.0,,0,0.0,68,946.7,45,631.1,16,225.4,13,180.3,58,812.0,161,2254.0,40,560.0,8,24,10,196,2744.0,77,1078.0,397,5558.0,20,22,21,294.0
2026-08-18,34,CV,206433028,C,121.0,149.0,0,0.0,2584,312644.6,1723,208429.8,615,74439.2,492,59551.4,328,39688.0,6152,744392.0,1538,186098.0,300,901,375,7509,908589.0,434,52514.0,15199,1839079.0,923,1015,-1984,-240064.0
2026-08-18,34,EG,299232279,A/S,49.0,,0,0.0,113,5536.0,75,3690.7,27,1318.1,22,1054.5,94,4606.0,269,13181.0,67,3283.0,13,39,16,328,16072.0,124,6076.0,664,32536.0,39,43,-34,-1666.0
2026-08-18,34,MX5(SANTAFE),299516875,C,88.0,,0,0.0,632,55624.8,421,37083.2,150,13244.0,120,10595.2,72,6336.0,1505,132440.0,376,33088.0,73,220,92,1837,161656.0,96,8448.0,3718,327184.0,128,141,268,23584.0
2026-08-18,34,HG(GRANDUER),202241852,A/S,204.0,873.0,0,0.0,1168,238276.1,779,158850.7,278,56732.4,222,45385.9,966,197064.0,2781,567324.0,695,141780.0,136,407,170,3395,692580.0,1281,261324.0,6871,1401684.0,430,473,-61,-12444.0
2026-08-18,34,JB,299120034,A/S,24.0,88.0,0,0.0,52,1260.0,35,840.0,12,300.0,10,240.0,40,960.0,125,3000.0,31,744.0,6,18,8,153,3672.0,53,1272.0,309,7416.0,18,20,-11,-264.0
2026-08-18,34,LX2(PALISADE),CA7299576E,A/S,29.0,113.0,0,0.0,106,3069.4,71,2046.2,25,730.8,20,584.6,83,2407.0,252,7308.0,63,1827.0,12,37,15,308,8932.0,110,3190.0,623,18067.0,23,25,30,870.0
2026-08-18,34,NX4-PE(TUCSON),299206019,A/S,199.0,603.0,0,0.0,290,57670.2,193,38446.8,69,13731.0,55,10984.8,209,41591.0,690,137310.0,173,34427.0,34,101,42,1602,318738.3,277,55123.0,2465,490475.3,30,94,-180,-35820.0
2026-08-18,34,AE-PE(IONIQ),CA2455412E,A/S,146.0,,0,0.0,380,55433.3,253,36955.5,90,13198.4,72,10558.7,303,44238.0,904,131984.0,226,32996.0,44,132,55,1104,161184.0,401,58546.0,2234,326164.0,132,145,-57,-8322.0
2026-08-18,34,NX4-PE(TUCSON),299562463,A/S,114.0,370.0,0,0.0,121,13837.3,81,9224.9,29,3294.6,23,2635.7,85,9690.0,289,32946.0,72,8208.0,14,42,18,353,40242.0,112,12768.0,714,81396.0,39,43,20,2280.0
2026-08-18,34,RESIN,299498610,원재료,200.0,190.0,7067,1413400.0,0,0.0,0,0.0,0,0.0,0,0.0,0,0.0,0,0.0,0,0.0,0,0,0,0,0.0,0,0.0,7067,1413400.0,0,0,-476,-95200.0
2026-08-18,34,M-300,299278520,A/S,92.0,269.0,0,0.0,239,22024.8,160,14683.2,57,5244.0,46,4195.2,192,17664.0,570,52440.0,143,13156.0,28,84,35,696,64032.0,254,23368.0,1409,129628.0,78,86,4,368.0
2026-08-18,34,LX2(PALISADE),299721329,A/S,34.0,,0,0.0,4,128.5,3,85.7,1,30.6,1,24.5,3,102.0,9,306.0,2,68.0,0,1,1,11,374.0,4,136.0,22,748.0,1,1,0,0.0
2026-08-18,34,SP2(SORENTO),299418372,A/S,106.0,255.0,0,0.0,78,8280.7,52,5520.5,19,1971.6,15,1577.3,60,6360.0,186,19716.0,47,4982.0,9,27,11,228,24168.0,80,8480.0,461,48866.0,31,34,-19,-2014.0
2026-08-18,34,PAINT,299970369,원재료,339.0,,83666,28362774.0,0,0.0,0,0.0,0,0.0,0,0.0,0,0.0,0,0.0,0,0.0,0,0,0,0,0.0,0,0.0,83666,28362774.0,0,0,-6765,-2293335.0
2026-08-18,34,DH(G80),299313524,A/S,,254.0,0,0.0,118,7526.4,78,5017.6,28,1792.0,22,1433.6,87,5568.0,280,17920.0,70,4480.0,14,41,17,342,21888.0,115,7360.0,692,44288.0,40,44,-6,-384.0
2026-08-18,34,AD-100,299728561,A/S,20.0,72.0,0,0.0,98,1957.2,65,1304.8,23,466.0,19,372.8,79,1580.0,233,4660.0,58,1160.0,11,34,14,285,5700.0,104,2080.0,576,11520.0,28,31,55,1100.0
2026-08-18,34,OS(KONA),299351870,A/S,25.0,,0,0.0,23,567.0,15,378.0,5,135.0,4,108.0,17,425.0,54,1350.0,13,325.0,3,8,3,66,1650.0,23,575.0,133,3325.0,9,10,7,175.0
2026-08-18,34,TQ(STAREX),299907020,A/S,91.0,362.0,0,0.0,133,12077.5,88,8051.7,32,2875.6,25,2300.5,104,9464.0,316,28756.0,79,7189.0,15,46,19,386,35126.0,137,12467.0,781,71071.0,52,57,50,4550.0
2026-08-18,34,RG3(K9),299591908,A/S,73.0,,0,0.0,557,40685.8,372,27123.9,133,9687.1,106,7749.7,400,29200.0,1327,96871.0,332,24236.0,65,194,81,1619,118187.0,530,38690.0,3278,239294.0,216,238,-74,-5402.0
2026-08-18,34,JX1,299210803,A/S,93.0,339.0,0,0.0,80,7460.5,53,4973.6,19,1776.3,15,1421.0,65,6045.0,191,17763.0,48,4464.0,9,28,12,233,21669.0,86,7998.0,472,43896.0,33,36,-30,-2790.0
2026-08-18,34,TQ(STAREX),202847531,A/S,12.0,40.0,0,0.0,37,438.5,24,292.3,9,104.4,7,83.5,30,360.0,87,1044.0,22,264.0,4,13,5,107,1284.0,40,480.0,216,2592.0,9,10,-5,-60.0
2026-08-18,34,DN8(SONATA),206687634,A/S,37.0,,0,0.0,95,3512.0,63,2341.4,23,836.2,18,669.0,73,2701.0,226,8362.0,57,2109.0,11,33,14,276,10212.0,96,3552.0,559,20683.0,40,44,82,3034.0
2026-08-18,34,SP2(SORENTO),299251849,D,56.0,,0,0.0,301,16863.8,201,11242.6,72,4015.2,57,3212.2,34,1904.0,717,40152.0,179,10024.0,35,105,44,876,49056.0,46,2576.0,1772,99232.0,101,111,-103,-5768.0
2026-08-18,34,JF(K5),299677803,A/S,91.0,364.0,0,0.0,126,11466.0,84,7644.0,30,2730.0,24,2184.0,90,8190.0,300,27300.0,75,6825.0,15,44,18,366,33306.0,119,10829.0,741,67431.0,35,38,29,2639.0
2026-08-18,34,ON(TELLURIDE),299952148,A/S,28.0,,0,0.0,5,129.4,3,86.2,1,30.8,1,24.6,4,112.0,11,308.0,3,84.0,1,2,1,14,392.0,6,168.0,28,784.0,1,1,1,28.0
2026-08-18,34,VQ,299781157,,42.0,42.0,0,0.0,100,4198.3,67,2798.9,24,999.6,19,799.7,14,588.0,238,9996.0,59,2478.0,12,35,14,290,12180.0,18,756.0,587,24654.0,35,38,-35,-1470.0
2026-08-18,34,HG(GRANDUER),299413107,A/S,29.0,88.0,0,0.0,53,1534.7,35,1023.1,13,365.4,10,292.3,44,1276.0,126,3654.0,32,928.0,6,18,8,154,4466.0,58,1682.0,312,9048.0,22,24,13,377.0
2026-08-18,34,VQ,202819901,C,62.0,74.0,0,0.0,195,12082.6,130,8055.0,46,2876.8,37,2301.4,25,1550.0,464,28768.0,116,7192.0,23,68,28,567,35154.0,34,2108.0,1147,71114.0,71,78,-177,-10974.0
2026-08-18,34,CV,299580863,A/S,82.0,282.0,0,0.0,191,15670.2,127,10446.8,46,3731.0,36,2984.8,147,12054.0,455,37310.0,114,9348.0,22,67,28,555,45510.0,195,15990.0,1124,92168.0,66,73,-12,-984.0
2026-08-18,34,JF(K5),299150651,A/S,23.0,89.0,0,0.0,27,618.2,18,412.2,6,147.2,5,117.8,22,506.0,64,1472.0,16,368.0,3,9,4,78,1794.0,29,667.0,158,3634.0,10,11,-3,-69.0
2026-08-18,34,SM,299324869,A/S,,262.0,0,0.0,242,15482.9,161,10321.9,58,3686.4,46,2949.1,173,11072.0,576,36864.0,144,9216.0,28,84,35,704,45056.0,229,14656.0,1424,91136.0,58,64,90,5760.0
2026-08-18,34,PAINT,CA8036738C,원재료,15.0,,1371,20565.0,0,0.0,0,0.0,0,0.0,0,0.0,0,0.0,0,0.0,0,0.0,0,0,0,0,0.0,0,0.0,1371,20565.0,0,0,262,3930.0
2026-08-18,34,LX2(PALISADE),299428177,A/S,143.0,,0,0.0,850,121501.4,566,81000.9,202,28928.9,162,23143.1,639,91377.0,2023,289289.0,506,72358.0,99,296,124,2470,353210.0,847,121121.0,4999,714857.0,233,256,240,34320.0
2026-08-18,34,CK(STINGER),299285895,D,47.0,51.0,0,0.0,560,26333.2,374,17555.4,133,6269.8,107,5015.8,66,3102.0,1334,62698.0,333,15651.0,65,195,81,1628,76516.0,88,4136.0,3295,154865.0,231,254,69,3243.0
2026-08-18,34,CV,299281705,D,11.0,15.0,0,0.0,92,1016.4,62,677.6,22,242.0,18,193.6,11,121.0,220,2420.0,55,605.0,11,32,13,268,2948.0,15,165.0,543,5973.0,28,31,-23,-253.0
2026-08-18,34,PAINT,299881882,원재료,42.0,50.0,3116,130872.0,0,0.0,0,0.0,0,0.0,0,0.0,0,0.0,0,0.0,0,0.0,0,0,0,0,0.0,0,0.0,3116,130872.0,0,0,89,3738.0
2026-08-18,34,SP2(SORENTO),299779461,A/S,82.0,,0,0.0,113,9229.9,75,6153.3,27,2197.6,21,1758.1,81,6642.0,268,21976.0,67,5494.0,13,39,16,327,26814.0,107,8774.0,662,54284.0,39,43,-34,-2788.0
2026-08-18,34,CK(STINGER),299745204,D,71.0,70.0,0,0.0,1762,125094.9,1175,83396.6,420,29784.5,336,23827.6,215,15265.0,4195,297845.0,1049,74479.0,205,614,256,5120,363520.0,286,20306.0,10364,735844.0,616,678,-791,-56161.0
2026-08-18,34,GN7(GRANDUER),299297437,A/S,22.0,79.0,0,0.0,34,739.2,22,492.8,8,176.0,6,140.8,27,594.0,80,1760.0,20,440.0,4,12,5,98,2156.0,36,792.0,198,4356.0,10,11,-7,-154.0
2026-08-18,34,AD-100,202742146,A/S,132.0,480.0,0,0.0,300,39584.2,200,26389.4,71,9424.8,57,7539.8,192,25344.0,714,94248.0,179,23628.0,35,105,44,872,115104.0,255,33660.0,1765,232980.0,67,74,158,20856.0
2026-08-18,34,MX5(SANTAFE),299141985,A/S,45.0,223.0,0,0.0,111,4989.6,74,3326.4,26,1188.0,21,950.4,84,3780.0,264,11880.0,66,2970.0,13,39,16,322,14490.0,111,4995.0,652,29340.0,22,24,27,1215.0
2026-08-18,34,JF(K5),299373369,A/S,102.0,336.0,0,0.0,130,13280.4,87,8853.6,31,3162.0,25,2529.6,102,10404.0,310,31620.0,78,7956.0,15,45,19,378,38556.0,136,13872.0,766,78132.0,40,44,-27,-2754.0
2026-08-18,34,CK(STINGER),141766019,E,53.0,52.0,0,0.0,869,46055.9,579,30704.0,207,10965.7,166,8772.6,108,5724.0,2069,109657.0,517,27401.0,101,303,126,2525,133825.0,143,7579.0,5111,270883.0,258,284,-396,-20988.0
2026-08-18,34,SM,299789471,E,133.0,142.0,0,0.0,1286,171043.3,857,114028.9,306,40724.6,245,32579.7,153,20349.0,3062,407246.0,766,101878.0,150,449,187,3738,497154.0,203,26999.0,7566,1006278.0,619,681,-706,-93898.0
2026-08-18,34,JX1,299830901,A/S,54.0,202.0,0,0.0,103,5579.3,69,3719.5,25,1328.4,20,1062.7,80,4320.0,246,13284.0,62,3348.0,12,36,15,301,16254.0,107,5778.0,609,32886.0,35,38,14,756.0
2026-08-18,34,JB,299650247,A/S,54.0,189.0,0,0.0,477,25741.8,318,17161.2,114,6129.0,91,4903.2,406,21924.0,1135,61290.0,284,15336.0,55,166,69,1386,74844.0,539,29106.0,2805,151470.0,180,198,-100,-5400.0
2026-08-18,34,EG,299606992,A/S,31.0,144.0,0,0.0,155,4791.4,103,3194.2,37,1140.8,29,912.6,141,4371.0,368,11408.0,92,2852.0,18,54,22,449,13919.0,187,5797.0,909,28179.0,44,48,-61,-1891.0
2026-08-18,34,VQ,299297149,A/S,65.0,219.0,0,0.0,163,10619.7,109,7079.8,39,2528.5,31,2022.8,135,8775.0,389,25285.0,97,6305.0,19,57,24,475,30875.0,179,11635.0,961,62465.0,48,53,64,4160.0
2026-08-18,34,CV,206411539,A/S,44.0,192.0,0,0.0,22,979.4,15,653.0,5,233.2,4,186.6,18,792.0,53,2332.0,13,572.0,3,8,3,65,2860.0,24,1056.0,131,5764.0,10,11,-5,-220.0
2026-08-18,34,YP(CARNIVAL),299443994,A/S,47.0,189.0,0,0.0,214,10067.4,143,6711.6,51,2397.0,41,1917.6,165,7755.0,510,23970.0,128,6016.0,25,75,31,623,29281.0,219,10293.0,1261,59267.0,68,75,18,846.0
2026-08-18,34,JF(K5),299392993,A/S,35.0,149.0,0,0.0,17,588.0,11,392.0,4,140.0,3,112.0,13,455.0,40,1400.0,10,350.0,2,6,2,49,1715.0,18,630.0,99,3465.0,5,6,-2,-70.0
2026-08-18,34,CK(STINGER),299256829,A/S,42.0,114.0,0,0.0,26,1076.0,17,717.4,6,256.2,5,205.0,19,798.0,61,2562.0,15,630.0,3,9,4,74,3108.0,25,1050.0,150,6300.0,6,7,6,252.0
2026-08-18,34,DH(G80),299580500,A/S,26.0,93.0,0,0.0,78,2020.2,52,1346.8,18,481.0,15,384.8,62,1612.0,185,4810.0,46,1196.0,9,27,11,226,5876.0,82,2132.0,457,11882.0,21,23,69,1794.0
2026-08-18,34,VQ,299987726,A,15.0,,0,0.0,68,1020.6,45,680.4,16,243.0,13,194.4,8,120.0,162,2430.0,40,600.0,8,24,10,198,2970.0,11,165.0,400,6000.0,31,34,-11,-165.0
2026-08-18,34,PAINT,299446982,원재료,33.0,41.0,4075,134475.0,0,0.0,0,0.0,0,0.0,0,0.0,0,0.0,0,0.0,0,0.0,0,0,0,0,0.0,0,0.0,4075,134475.0,0,0,209,6897.0
2026-08-18,34,ON(TELLURIDE),299107779,A/S,208.0,642.0,0,0.0,67,13890.2,45,9260.2,16,3307.2,13,2645.8,51,10608.0,159,33072.0,40,8320.0,8,23,10,194,40352.0,68,14144.0,393,81744.0,26,29,-10,-2080.0
2026-08-18,34,RG3(K9),299784663,A/S,66.0,,0,0.0,234,15467.8,156,10311.8,56,3682.8,45,2946.2,164,10824.0,558,36828.0,140,9240.0,27,82,34,681,44946.0,218,14388.0,1379,91014.0,96,106,3,198.0
2026-08-18,34,JX1,299889108,D,34.0,43.0,0,0.0,390,13251.8,260,8834.6,93,3155.2,74,2524.2,46,1564.0,928,31552.0,232,7888.0,45,136,57,2151,73127.2,61,2074.0,3311,112567.2,47,147,162,5508.0
2026-08-18,34,MX5(SANTAFE),299815558,A/S,269.0,,0,0.0,293,78860.0,195,52573.4,70,18776.2,56,15021.0,190,51110.0,698,187762.0,175,47075.0,34,102,43,852,229188.0,252,67788.0,1725,464025.0,99,109,225,60525.0
2026-08-18,34,"SX2(KONA,HMC)",299634237,A/S,219.0,936.0,0,0.0,650,142385.0,433,94923.4,155,33901.2,124,27121.0,492,107748.0,1548,339012.0,387,84753.0,76,227,94,1890,413910.0,653,143007.0,3825,837675.0,233,256,265,58035.0
2026-08-18,34,CN7(AVANTE),299149042,A/S,75.0,245.0,0,0.0,476,35689.5,317,23793.0,113,8497.5,91,6798.0,368,27600.0,1133,84975.0,283,21225.0,55,166,69,1383,103725.0,488,36600.0,2799,209925.0,143,157,57,4275.0
2026-08-18,34,CN7(AVANTE),299703203,A/S,42.0,156.0,0,0.0,38,1587.6,25,1058.4,9,378.0,7,302.4,30,1260.0,90,3780.0,22,924.0,4,13,6,110,4620.0,40,1680.0,222,9324.0,13,14,-9,-378.0
2026-08-18,34,PAINT,299696495,원재료,48.0,53.0,10733,515184.0,0,0.0,0,0.0,0,0.0,0,0.0,0,0.0,0,0.0,0,0.0,0,0,0,0,0.0,0,0.0,10733,515184.0,0,0,863,41424.0
2026-08-18,34,TQ(STAREX),299490907,A/S,276.0,1112.0,0,0.0,514,141770.2,342,94513.4,122,33754.8,98,27003.8,377,104052.0,1223,337548.0,306,84456.0,60,179,75,1493,412068.0,500,138000.0,3022,834072.0,161,177,196,54096.0
2026-08-18,34,LX2(PALISADE),299783759,A/S,,235.0,0,0.0,234,14972.2,156,9981.4,56,3564.8,45,2851.8,182,11648.0,557,35648.0,139,8896.0,27,82,34,680,43520.0,241,15424.0,1376,88064.0,38,42,24,1536.0
2026-08-18,34,JB,299947670,A/S,56.0,190.0,0,0.0,40,2234.4,27,1489.6,10,532.0,8,425.6,31,1736.0,95,5320.0,24,1344.0,5,14,6,116,6496.0,41,2296.0,235,13160.0,11,12,8,448.0
2026-08-18,34,VQ,299564057,A/S,384.0,,0,0.0,702,269498.9,468,179665.9,167,64166.4,134,51333.1,550,211200.0,1671,641664.0,418,160512.0,82,245,102,2039,782976.0,729,279936.0,4128,1585152.0,282,310,-165,-63360.0
2026-08-18,34,"SX2(KONA,HMC)",299494924,A/S,245.0,,0,0.0,355,86950.5,237,57967.0,84,20702.5,68,16562.0,287,70315.0,845,207025.0,211,51695.0,41,124,52,1031,252595.0,380,93100.0,2087,511315.0,107,118,8,1960.0
2026-08-18,34,PAINT,299566003,원재료,207.0,,13913,2879991.0,0,0.0,0,0.0,0,0.0,0,0.0,0,0.0,0,0.0,0,0.0,0,0,0,0,0.0,0,0.0,13913,2879991.0,0,0,-1211,-250677.0
2026-08-18,34,OS(KONA),202137360,E,17.0,24.0,0,0.0,29,492.7,19,328.4,7,117.3,6,93.8,4,68.0,69,1173.0,17,289.0,3,10,4,84,1428.0,5,85.0,170,2890.0,12,13,-13,-221.0
2026-08-18,34,DN8(SONATA),299316761,A/S,255.0,822.0,0,0.0,121,30951.9,81,20634.6,29,7369.5,23,5895.6,82,20910.0,289,73695.0,72,18360.0,14,42,18,353,90015.0,108,27540.0,714,182070.0,54,59,3,765.0
2026-08-18,34,PAINT,299562502,원재료,24.0,36.0,530,12720.0,0,0.0,0,0.0,0,0.0,0,0.0,0,0.0,0,0.0,0,0.0,0,0,0,0,0.0,0,0.0,530,12720.0,0,0,32,768.0
2026-08-18,34,CN7(AVANTE),299335652,A/S,59.0,244.0,0,0.0,274,16156.6,183,10771.0,65,3846.8,52,3077.4,238,14042.0,652,38468.0,163,9617.0,32,96,40,796,46964.0,316,18644.0,1611,95049.0,0,114,-87,-5133.0
2026-08-18,34,GN7(GRANDUER),206240642,A/S,91.0,,0,0.0,36,3248.7,24,2165.8,8,773.5,7,618.8,25,2275.0,85,7735.0,21,1911.0,4,12,5,103,9373.0,32,2912.0,209,19019.0,0,13,12,1092.0
2026-08-18,34,GN7(GRANDUER),206806670,A/S,37.0,147.0,0,0.0,33,1212.1,22,808.1,8,288.6,6,230.9,27,999.0,78,2886.0,19,703.0,4,11,5,95,3515.0,36,1332.0,192,7104.0,10,11,12,444.0
2026-08-18,34,AE-PE(IONIQ),299673201,A/S,115.0,,0,0.0,151,17388.0,101,11592.0,36,4140.0,29,3312.0,121,13915.0,360,41400.0,90,10350.0,18,53,22,440,50600.0,161,18515.0,890,102350.0,61,67,-19,-2185.0
2026-08-18,34,M-300,299547142,D,23.0,,0,0.0,314,7225.7,209,4817.1,75,1720.4,60,1376.3,34,782.0,748,17204.0,187,4301.0,37,110,46,913,20999.0,46,1058.0,1848,42504.0,117,129,69,1587.0
2026-08-18,34,EG,299803356,A/S,65.0,197.0,0,0.0,287,18645.9,191,12430.6,68,4439.5,55,3551.6,239,15535.0,683,44395.0,171,11115.0,33,100,42,834,54210.0,317,20605.0,1688,109720.0,114,125,-89,-5785.0
2026-08-18,34,MX5(SANTAFE),299841617,A/S,242.0,,0,0.0,672,162624.0,448,108416.0,160,38720.0,128,30976.0,510,123420.0,1600,387200.0,400,96800.0,78,234,98,1953,472626.0,676,163592.0,3953,956626.0,201,221,-341,-82522.0
2026-08-18,34,YP(CARNIVAL),206864565,A/S,,,0,0.0,81,5187.8,54,3458.6,19,1235.2,15,988.2,64,4096.0,193,12352.0,48,3072.0,9,28,12,236,15104.0,85,5440.0,477,30528.0,30,33,-25,-1600.0
2026-08-18,34,JF(K5),299875085,A/S,59.0,,0,0.0,182,10729.7,121,7153.2,43,2554.7,35,2043.8,133,7847.0,433,25547.0,108,6372.0,21,63,26,528,31152.0,176,10384.0,1069,63071.0,64,70,63,3717.0
2026-08-18,34,SP2(SORENTO),204W55594,A/S,,,0,0.0,184,11773.4,123,7849.0,44,2803.2,35,2242.6,151,9664.0,438,28032.0,109,6976.0,21,64,27,535,34240.0,199,12736.0,1082,69248.0,68,75,-26,-1664.0
2026-08-18,34,CV,299543452,A/S,99.0,390.0,0,0.0,163,16133.0,109,10755.4,39,3841.2,31,3073.0,113,11187.0,388,38412.0,97,9603.0,19,57,24,473,46827.0,150,14850.0,958,94842.0,50,55,29,2871.0
2026-08-18,34,"SX2(KONA,HMC)",299152053,A/S,38.0,94.0,0,0.0,107,4053.8,71,2702.6,25,965.2,20,772.2,91,3458.0,254,9652.0,64,2432.0,12,37,16,310,11780.0,121,4598.0,628,23864.0,37,41,-50,-1900.0
2026-08-18,34,AE(IONIQ),202960117,D,46.0,57.0,0,0.0,323,14837.8,215,9891.8,77,3532.8,61,2826.2,39,1794.0,768,35328.0,192,8832.0,38,113,47,938,43148.0,52,2392.0,1898,87308.0,116,128,-383,-17618.0
2026-08-18,34,HG(GRANDUER),299380041,A/S,21.0,,0,0.0,27,573.3,18,382.2,6,136.5,5,109.2,21,441.0,65,1365.0,16,336.0,3,9,4,79,1659.0,28,588.0,160,3360.0,0,11,21,441.0
2026-08-18,34,CV,299877658,A/S,71.0,,0,0.0,422,29969.1,281,19979.4,100,7135.5,80,5708.4,335,23785.0,1005,71355.0,251,17821.0,49,147,61,1227,87117.0,444,31524.0,2483,176293.0,147,162,-35,-2485.0
2026-08-18,34,SG2,206397898,A/S,86.0,289.0,0,0.0,430,36986.9,287,24657.9,102,8806.4,82,7045.1,329,28294.0,1024,88064.0,256,22016.0,50,150,62,2375,204250.0,436,37496.0,3655,314330.0,55,174,-86,-7396.0
2026-08-18,34,OS(KONA),206130254,A/S,60.0,241.0,0,0.0,66,3981.6,44,2654.4,16,948.0,13,758.4,55,3300.0,158,9480.0,40,2400.0,8,23,10,193,11580.0,72,4320.0,391,23460.0,18,20,-16,-960.0
2026-08-18,34,CN7(AVANTE),299977154,A/S,90.0,,0,0.0,651,58590.0,434,39060.0,155,13950.0,124,11160.0,492,44280.0,1550,139500.0,387,34830.0,76,227,95,1892,170280.0,652,58680.0,3829,344610.0,200,220,291,26190.0
2026-08-18,34,RG3(K9),299838333,A/S,176.0,803.0,0,0.0,415,73033.0,277,48688.6,99,17388.8,79,13911.0,315,55440.0,988,173888.0,247,43472.0,48,145,60,1206,212256.0,417,73392.0,2441,429616.0,144,158,101,17776.0
2026-08-18,34,PAINT,299744531,원재료,37.0,35.0,5864,216968.0,0,0.0,0,0.0,0,0.0,0,0.0,0,0.0,0,0.0,0,0.0,0,0,0,0,0.0,0,0.0,5864,216968.0,0,0,-494,-18278.0
2026-08-18,34,M-300,CA7248921D,C,68.0,,0,0.0,664,45124.8,442,30083.2,158,10744.0,126,8595.2,76,5168.0,1580,107440.0,395,26860.0,77,231,96,1929,131172.0,100,6800.0,3904,265472.0,143,157,-86,-5848.0
2026-08-18,34,YP(CARNIVAL),299438066,A/S,48.0,167.0,0,0.0,207,9918.7,138,6612.5,49,2361.6,39,1889.3,158,7584.0,492,23616.0,123,5904.0,24,72,30,601,28848.0,210,10080.0,1216,58368.0,71,78,143,6864.0
2026-08-18,34,VQ,299606787,A/S,25.0,,0,0.0,45,1123.5,30,749.0,11,267.5,9,214.0,38,950.0,107,2675.0,27,675.0,5,16,6,130,3250.0,50,1250.0,264,6600.0,19,21,0,0.0
2026-08-18,34,CV,206627385,A/S,95.0,,0,0.0,252,23979.9,168,15986.6,60,5709.5,48,4567.6,201,19095.0,601,57095.0,150,14250.0,29,88,37,733,69635.0,267,25365.0,1484,140980.0,94,103,-100,-9500.0
2026-08-18,34,YP(CARNIVAL),206345157,D,53.0,51.0,0,0.0,475,25176.1,317,16784.0,113,5994.3,90,4795.4,59,3127.0,1131,59943.0,283,14999.0,55,166,69,1381,73193.0,78,4134.0,2795,148135.0,150,165,-51,-2703.0
2026-08-18,34,YP(CARNIVAL),CA7514737E,A/S,58.0,208.0,0,0.0,130,7551.6,87,5034.4,31,1798.0,25,1438.4,105,6090.0,310,17980.0,77,4466.0,15,45,19,378,21924.0,139,8062.0,765,44370.0,53,58,-71,-4118.0
2026-08-18,34,LX2(PALISADE),206634454,A/S,152.0,678.0,0,0.0,884,134319.4,589,89546.2,210,31980.8,168,25584.6,637,96824.0,2104,319808.0,526,79952.0,103,308,128,2568,390336.0,844,128288.0,5198,790096.0,322,354,530,80560.0
2026-08-18,34,ON(TELLURIDE),299801296,A/S,71.0,,0,0.0,53,3787.1,36,2524.8,13,901.7,10,721.4,43,3053.0,127,9017.0,32,2272.0,6,19,8,155,11005.0,57,4047.0,314,22294.0,18,20,27,1917.0
2026-08-18,34,RG3(K9),206885865,A/S,26.0,93.0,0,0.0,16,404.0,10,269.4,4,96.2,3,77.0,11,286.0,37,962.0,9,234.0,2,5,2,45,1170.0,15,390.0,91,2366.0,5,6,8,208.0
2026-08-18,34,DH(G80),299382746,A/S,107.0,,0,0.0,107,11414.8,71,7609.8,25,2717.8,20,2174.2,86,9202.0,254,27178.0,63,6741.0,12,37,16,310,33170.0,114,12198.0,627,67089.0,25,28,-9,-963.0
2026-08-18,34,OS(KONA),206844107,A/S,233.0,792.0,0,0.0,423,98545.0,282,65696.7,101,23463.1,81,18770.5,345,80385.0,1007,234631.0,252,58716.0,49,147,61,1229,286357.0,457,106481.0,2488,579704.0,142,156,-390,-90870.0
2026-08-18,34,RESIN,299433740,원재료,6.0,7.0,1181,7086.0,0,0.0,0,0.0,0,0.0,0,0.0,0,0.0,0,0.0,0,0.0,0,0,0,0,0.0,0,0.0,1181,7086.0,0,0,64,384.0
2026-08-18,34,SG2,201167036,E,30.0,32.0,0,0.0,173,5203.8,116,3469.2,41,1239.0,33,991.2,20,600.0,413,12390.0,103,3090.0,20,60,25,504,15120.0,26,780.0,1020,30600.0,55,61,87,2610.0
2026-08-18,34,VQ,299851630,A/S,45.0,162.0,0,0.0,103,4649.4,69,3099.6,25,1107.0,20,885.6,82,3690.0,246,11070.0,61,2745.0,12,36,15,300,13500.0,109,4905.0,607,27315.0,54,59,31,1395.0
2026-08-18,34,YP(CARNIVAL),299805397,A/S,69.0,,0,0.0,105,7245.0,70,4830.0,25,1725.0,20,1380.0,75,5175.0,250,17250.0,63,4347.0,12,37,15,580,39985.5,100,6900.0,893,61582.5,7,22,80,5520.0
2026-08-18,34,DH(G80),206712313,D,,,0,0.0,431,27605.8,288,18403.8,103,6572.8,82,5258.2,52,3328.0,1027,65728.0,257,16448.0,50,150,63,1253,80192.0,69,4416.0,2537,162368.0,130,143,141,9024.0
2026-08-18,34,QL(TUCSON),202747829,A/S,121.0,,0,0.0,199,24037.9,132,16025.2,47,5723.3,38,4578.6,167,20207.0,473,57233.0,118,14278.0,23,69,29,577,69817.0,221,26741.0,1168,141328.0,0,63,-132,-15972.0
2026-08-18,34,QL(TUCSON),299696833,E,92.0,101.0,0,0.0,2220,204251.0,1480,136167.4,529,48631.2,423,38905.0,271,24932.0,5286,486312.0,1322,121624.0,258,774,323,6452,593584.0,359,33028.0,13060,1201520.0,773,850,440,40480.0
2026-08-18,34,AE-PE(IONIQ),299638428,A/S,60.0,213.0,0,0.0,210,12625.2,140,8416.8,50,3006.0,40,2404.8,155,9300.0,501,30060.0,125,7500.0,24,73,31,611,36660.0,206,12360.0,1237,74220.0,77,85,-82,-4920.0
2026-08-18,34,CV,299490574,A/S,76.0,273.0,0,0.0,166,12608.4,111,8405.6,40,3002.0,32,2401.6,124,9424.0,395,30020.0,99,7524.0,19,58,24,482,36632.0,165,12540.0,976,74176.0,79,87,92,6992.0
2026-08-18,34,JX1,206154571,A/S,155.0,717.0,0,0.0,113,17577.0,76,11718.0,27,4185.0,22,3348.0,73,11315.0,270,41850.0,67,10385.0,13,39,16,329,50995.0,97,15035.0,666,103230.0,41,45,16,2480.0
2026-08-18,34,LX2(PALISADE),299514639,C,57.0,65.0,0,0.0,739,42110.5,493,28073.6,176,10026.3,141,8021.0,86,4902.0,1759,100263.0,440,25080.0,86,258,107,2146,122322.0,115,6555.0,4345,247665.0,248,273,301,17157.0
2026-08-18,34,JX1,933W94295,A/S,81.0,,0,0.0,9,748.4,6,499.0,2,178.2,2,142.6,8,648.0,22,1782.0,6,486.0,1,3,1,27,2187.0,10,810.0,55,4455.0,3,3,-2,-162.0
2026-08-18,34,TM,299755233,A/S,22.0,,0,0.0,75,1644.7,50,1096.5,18,391.6,14,313.3,63,1386.0,178,3916.0,44,968.0,9,26,11,217,4774.0,84,1848.0,439,9658.0,23,25,23,506.0
2026-08-18,34,SP2(SORENTO),201455168,A/S,57.0,,0,0.0,96,5482.3,64,3654.8,23,1305.3,18,1044.2,75,4275.0,229,13053.0,57,3249.0,11,33,14,279,15903.0,99,5643.0,565,32205.0,46,51,-1,-57.0
2026-08-18,34,TQ(STAREX),299124907,A/S,,592.0,0,0.0,82,5241.6,55,3494.4,20,1248.0,16,998.4,67,4288.0,195,12480.0,49,3136.0,10,29,12,238,15232.0,88,5632.0,482,30848.0,29,32,20,1280.0
2026-08-18,34,JB,299409846,D,45.0,51.0,0,0.0,404,18200.7,270,12133.8,96,4333.5,77,3466.8,49,2205.0,963,43335.0,241,10845.0,47,141,59,1176,52920.0,65,2925.0,2380,107100.0,115,127,41,1845.0
2026-08-18,34,SG2,299917198,A/S,34.0,,0,0.0,186,6326.0,124,4217.4,44,1506.2,35,1205.0,146,4964.0,443,15062.0,111,3774.0,22,65,27,541,18394.0,193,6562.0,1095,37230.0,59,65,33,1122.0
2026-08-18,34,AD-100,CA1752047E,A/S,51.0,128.0,0,0.0,148,7561.3,99,5040.8,35,1800.3,28,1440.2,116,5916.0,353,18003.0,88,4488.0,17,52,22,431,21981.0,153,7803.0,872,44472.0,63,69,36,1836.0
2026-08-18,34,PAINT,299871373,원재료,41.0,53.0,6471,265311.0,0,0.0,0,0.0,0,0.0,0,0.0,0,0.0,0,0.0,0,0.0,0,0,0,0,0.0,0,0.0,6471,265311.0,0,0,414,16974.0
2026-08-18,34,SG2,299358118,A/S,181.0,647.0,0,0.0,2493,451178.7,1662,300785.8,594,107423.5,475,85938.8,1972,356932.0,5935,1074235.0,1484,268604.0,290,869,362,7244,1311164.0,2615,473315.0,14663,2654003.0,727,800,-522,-94482.0
2026-08-18,34,NX4-PE(TUCSON),299819426,A/S,97.0,,0,0.0,76,7333.2,50,4888.8,18,1746.0,14,1396.8,54,5238.0,180,17460.0,45,4365.0,9,26,11,219,21243.0,71,6887.0,444,43068.0,34,37,27,2619.0
2026-08-18,34,JX1,299376802,A/S,24.0,110.0,0,0.0,66,1582.6,44,1055.0,16,376.8,13,301.4,48,1152.0,157,3768.0,39,936.0,8,23,10,192,4608.0,64,1536.0,388,9312.0,27,30,33,792.0
2026-08-18,34,YP(CARNIVAL),299325875,A/S,46.0,,0,0.0,24,1081.9,16,721.3,6,257.6,4,206.1,18,828.0,56,2576.0,14,644.0,3,8,3,68,3128.0,25,1150.0,138,6348.0,9,10,8,368.0
2026-08-18,34,GN7(GRANDUER),299619270,A/S,112.0,499.0,0,0.0,456,51038.4,304,34025.6,108,12152.0,87,9721.6,349,39088.0,1085,121520.0,271,30352.0,53,159,66,1324,148288.0,462,51744.0,2680,300160.0,127,140,138,15456.0
2026-08-18,34,LX2(PALISADE),837W33160,A/S,39.0,,0,0.0,94,3669.1,63,2446.1,22,873.6,18,698.9,71,2769.0,224,8736.0,56,2184.0,11,33,14,273,10647.0,94,3666.0,553,21567.0,28,31,12,468.0
2026-08-18,34,OS(KONA),299788593,E,124.0,,0,0.0,520,64527.1,347,43018.1,124,15363.6,99,12290.9,67,8308.0,1239,153636.0,310,38440.0,60,181,76,1512,187488.0,89,11036.0,3061,379564.0,120,132,-104,-12896.0
2026-08-18,34,JF(K5),299477061,A/S,88.0,277.0,0,0.0,1129,99385.4,753,66257.0,269,23663.2,215,18930.6,812,71456.0,2689,236632.0,672,59136.0,131,394,164,3283,288904.0,1076,94688.0,6644,584672.0,362,398,146,12848.0
2026-08-18,34,JB,299348965,A/S,146.0,512.0,0,0.0,485,70763.3,323,47175.5,115,16848.4,92,13478.7,408,59568.0,1154,168484.0,288,42048.0,56,169,70,1408,205568.0,541,78986.0,2850,416100.0,157,173,-140,-20440.0
2026-08-18,34,M-300,299468252,A/S,69.0,,0,0.0,66,4578.8,44,3052.6,16,1090.2,13,872.2,50,3450.0,158,10902.0,40,2760.0,8,23,10,193,13317.0,66,4554.0,391,26979.0,24,26,25,1725.0
2026-08-18,34,MX5(SANTAFE),299185756,A/S,81.0,,0,0.0,137,11090.5,91,7393.7,33,2640.6,26,2112.5,106,8586.0,326,26406.0,81,6561.0,16,48,20,398,32238.0,141,11421.0,805,65205.0,48,53,-87,-7047.0
2026-08-18,34,ON(TELLURIDE),299129860,A/S,34.0,143.0,0,0.0,107,3641.4,71,2427.6,26,867.0,20,693.6,87,2958.0,255,8670.0,64,2176.0,12,37,16,312,10608.0,116,3944.0,631,21454.0,37,41,-4,-136.0
2026-08-18,34,TM,206568132,C,,,0,0.0,4210,269418.2,2806,179612.2,1002,64147.2,802,51317.8,524,33536.0,10023,641472.0,2506,160384.0,489,1468,612,12234,782976.0,695,44480.0,24763,1584832.0,1238,1362,-305,-19520.0
2026-08-18,34,VQ,299534825,,77.0,310.0,0,0.0,294,22605.7,196,15070.4,70,5382.3,56,4305.8,253,19481.0,699,53823.0,175,13475.0,34,102,43,853,65681.0,335,25795.0,1727,132979.0,65,72,-84,-6468.0
2026-08-18,34,QL(TUCSON),299146319,A/S,,223.0,0,0.0,42,2688.0,28,1792.0,10,640.0,8,512.0,34,2176.0,100,6400.0,25,1600.0,5,15,6,123,7872.0,45,2880.0,248,15872.0,16,18,-11,-704.0
2026-08-18,34,RESIN,299271356,원재료,52.0,,4243,220636.0,0,0.0,0,0.0,0,0.0,0,0.0,0,0.0,0,0.0,0,0.0,0,0,0,0,0.0,0,0.0,4243,220636.0,0,0,-113,-5876.0
2026-08-18,34,"SX2(KONA,HMC)",299947093,E,72.0,,0,0.0,926,66679.2,617,44452.8,220,15876.0,176,12700.8,106,7632.0,2205,158760.0,551,39672.0,108,323,135,2691,193752.0,140,10080.0,5447,392184.0,336,370,-125,-9000.0
2026-08-18,34,HG(GRANDUER),299858204,A/S,30.0,,0,0.0,81,2431.8,54,1621.2,19,579.0,15,463.2,65,1950.0,193,5790.0,48,1440.0,9,28,12,236,7080.0,86,2580.0,477,14310.0,22,24,20,600.0
2026-08-18,34,"SX2(KONA,HMC)",299824380,A/S,57.0,205.0,0,0.0,114,6487.7,76,4325.2,27,1544.7,22,1235.8,89,5073.0,271,15447.0,68,3876.0,13,40,17,331,18867.0,117,6669.0,670,38190.0,30,33,28,1596.0
2026-08-18,34,NX4-PE(TUCSON),299382624,D,226.0,,0,0.0,648,146366.6,432,97577.8,154,34849.2,123,27879.4,76,17176.0,1542,348492.0,385,87010.0,75,226,94,1882,425332.0,101,22826.0,3809,860834.0,241,265,-351,-79326.0
2026-08-18,34,JF(K5),299903325,A/S,58.0,,0,0.0,173,10060.7,116,6707.1,41,2395.4,33,1916.3,135,7830.0,413,23954.0,103,5974.0,20,60,25,504,29232.0,179,10382.0,1020,59160.0,50,55,49,2842.0
2026-08-18,34,JX1,299636444,D,64.0,63.0,0,0.0,162,10348.8,108,6899.2,38,2464.0,31,1971.2,18,1152.0,385,24640.0,96,6144.0,19,56,24,470,30080.0,24,1536.0,951,60864.0,48,53,62,3968.0
2026-08-18,34,JB,299955063,A/S,39.0,,0,0.0,418,16298.1,279,10865.4,100,3880.5,80,3104.4,327,12753.0,995,38805.0,249,9711.0,49,146,61,1214,47346.0,434,16926.0,2458,95862.0,162,178,257,10023.0
2026-08-18,34,YP(CARNIVAL),206924584,A/S,58.0,194.0,0,0.0,39,2241.1,26,1494.1,9,533.6,7,426.9,31,1798.0,92,5336.0,23,1334.0,5,14,6,113,6554.0,41,2378.0,228,13224.0,17,19,0,0.0
2026-08-18,34,VQ,299605186,A/S,77.0,292.0,0,0.0,303,23317.1,202,15544.8,72,5551.7,58,4441.4,227,17479.0,721,55517.0,180,13860.0,35,106,44,880,67760.0,301,23177.0,1781,137137.0,97,107,-47,-3619.0
2026-08-18,34,PAINT,206703969,원재료,69.0,83.0,2334,161046.0,0,0.0,0,0.0,0,0.0,0,0.0,0,0.0,0,0.0,0,0.0,0,0,0,0,0.0,0,0.0,2334,161046.0,0,0,-133,-9177.0
2026-08-18,34,DH(G80),299455482,A/S,51.0,243.0,0,0.0,71,3598.6,47,2399.0,17,856.8,13,685.4,55,2805.0,168,8568.0,42,2142.0,8,25,10,205,10455.0,73,3723.0,415,21165.0,25,28,10,510.0
2026-08-18,34,SP2(SORENTO),299391732,A/S,92.0,,0,0.0,106,9775.9,71,6517.3,25,2327.6,20,1862.1,78,7176.0,253,23276.0,63,5796.0,12,37,15,308,28336.0,103,9476.0,624,57408.0,34,37,-6,-552.0
2026-08-18,34,HG(GRANDUER),299998327,A/S,39.0,133.0,0,0.0,150,5831.3,100,3887.5,36,1388.4,28,1110.7,126,4914.0,356,13884.0,89,3471.0,17,52,22,435,16965.0,167,6513.0,880,34320.0,51,56,44,1716.0
2026-08-18,34,RG3(K9),206823382,A/S,219.0,765.0,0,0.0,949,207782.8,633,138521.9,226,49472.1,181,39577.7,678,148482.0,2259,494721.0,565,123735.0,110,331,138,2757,603783.0,898,196662.0,5581,1222239.0,362,398,353,77307.0
2026-08-18,34,AE-PE(IONIQ),299973527,D,97.0,152.0,0,0.0,105,10225.7,70,6817.2,25,2434.7,20,1947.8,12,1164.0,251,24347.0,63,6111.0,12,37,15,307,29779.0,16,1552.0,621,60237.0,38,42,-33,-3201.0
2026-08-18,34,"SX2(KONA,HMC)",206223055,D,118.0,145.0,0,0.0,1013,119588.3,676,79725.5,241,28473.4,193,22778.7,115,13570.0,2413,284734.0,603,71154.0,118,353,147,2945,347510.0,152,17936.0,5961,703398.0,442,486,-88,-10384.0
2026-08-18,34,LX2(PALISADE),299826619,A/S,140.0,529.0,0,0.0,218,30458.4,145,20305.6,52,7252.0,41,5801.6,145,20300.0,518,72520.0,130,18200.0,25,76,32,632,88480.0,192,26880.0,1280,179200.0,76,84,53,7420.0
2026-08-18,34,PAINT,299939534,원재료,59.0,,11233,662747.0,0,0.0,0,0.0,0,0.0,0,0.0,0,0.0,0,0.0,0,0.0,0,0,0,0,0.0,0,0.0,11233,662747.0,0,0,521,30739.0
2026-08-18,34,OS(KONA),206643823,A/S,45.0,198.0,0,0.0,132,5953.5,88,3969.0,32,1417.5,25,1134.0,94,4230.0,315,14175.0,79,3555.0,15,46,19,384,17280.0,124,5580.0,778,35010.0,61,67,76,3420.0
2026-08-18,34,DN8(SONATA),202164146,A/S,245.0,640.0,0,0.0,51,12553.8,34,8369.2,12,2989.0,10,2391.2,39,9555.0,122,29890.0,31,7595.0,6,18,7,149,36505.0,52,12740.0,302,73990.0,19,21,-20,-4900.0
2026-08-18,34,CK(STINGER),299594820,A/S,128.0,506.0,0,0.0,731,93542.4,487,62361.6,174,22272.0,139,17817.6,551,70528.0,1740,222720.0,435,55680.0,85,255,106,2124,271872.0,730,93440.0,4299,550272.0,290,319,196,25088.0
2026-08-18,34,CK(STINGER),299185147,A,40.0,,0,0.0,941,37632.0,627,25088.0,224,8960.0,179,7168.0,116,4640.0,2240,89600.0,560,22400.0,109,328,137,2734,109360.0,154,6160.0,5534,221360.0,188,207,-360,-14400.0
2026-08-18,34,AD-100,299263103,A/S,50.0,164.0,0,0.0,157,7854.0,105,5236.0,37,1870.0,30,1496.0,119,5950.0,374,18700.0,94,4700.0,18,55,23,457,22850.0,158,7900.0,925,46250.0,19,21,33,1650.0
2026-08-18,34,NX4-PE(TUCSON),299724489,A/S,35.0,154.0,0,0.0,24,823.2,16,548.8,6,196.0,4,156.8,18,630.0,56,1960.0,14,490.0,3,8,3,68,2380.0,24,840.0,138,4830.0,6,7,-1,-35.0
2026-08-18,34,QL(TUCSON),299276545,A/S,72.0,,0,0.0,52,3749.8,35,2499.8,12,892.8,10,714.2,39,2808.0,124,8928.0,31,2232.0,6,18,8,152,10944.0,52,3744.0,307,22104.0,20,22,-2,-144.0
2026-08-18,34,PAINT,299915506,원재료,100.0,,8010,801000.0,0,0.0,0,0.0,0,0.0,0,0.0,0,0.0,0,0.0,0,0.0,0,0,0,0,0.0,0,0.0,8010,801000.0,0,0,-522,-52200.0
2026-08-18,34,SG2,299492287,A/S,116.0,,0,0.0,1029,119364.0,686,79576.0,245,28420.0,196,22736.0,796,92336.0,2450,284200.0,612,70992.0,120,359,150,2990,346840.0,1055,122380.0,6052,702032.0,397,437,-363,-42108.0
2026-08-18,34,GN7(GRANDUER),299579164,E,77.0,101.0,0,0.0,215,16590.4,144,11060.3,51,3950.1,41,3160.1,28,2156.0,513,39501.0,128,9856.0,25,75,31,626,48202.0,36,2772.0,1267,97559.0,60,66,-17,-1309.0
2026-08-18,34,M-300,299450532,A/S,391.0,,0,0.0,294,114954.0,196,76636.0,70,27370.0,56,21896.0,200,78200.0,700,273700.0,175,68425.0,34,102,43,854,333914.0,265,103615.0,1729,676039.0,83,91,42,16422.0
2026-08-18,34,"SX2(KONA,HMC)",581W39235,A/S,16.0,,0,0.0,61,974.4,41,649.6,14,232.0,12,185.6,52,832.0,145,2320.0,36,576.0,7,21,9,177,2832.0,69,1104.0,358,5728.0,19,21,5,80.0
2026-08-18,34,M-300,206741475,A/S,166.0,560.0,0,0.0,474,78713.9,316,52475.9,113,18741.4,90,14993.1,424,70384.0,1129,187414.0,282,46812.0,55,165,69,1378,228748.0,562,93292.0,2789,462974.0,141,155,-316,-52456.0
2026-08-18,34,AE-PE(IONIQ),299797305,A/S,45.0,180.0,0,0.0,160,7219.8,107,4813.2,38,1719.0,31,1375.2,124,5580.0,382,17190.0,96,4320.0,19,56,23,467,21015.0,164,7380.0,945,42525.0,45,50,50,2250.0
2026-08-18,34,NX4-PE(TUCSON),206827537,A/S,18.0,72.0,0,0.0,89,1610.3,60,1073.5,21,383.4,17,306.7,75,1350.0,213,3834.0,53,954.0,10,31,13,260,4680.0,100,1800.0,526,9468.0,34,37,26,468.0
2026-08-18,34,QL(TUCSON),206975047,A/S,25.0,121.0,0,0.0,46,1155.0,31,770.0,11,275.0,9,220.0,39,975.0,110,2750.0,28,700.0,5,16,7,135,3375.0,52,1300.0,273,6825.0,13,14,24,600.0
2026-08-18,34,SG2,206672879,A/S,129.0,338.0,0,0.0,807,104079.8,538,69386.5,192,24780.9,154,19824.7,579,74691.0,1921,247809.0,480,61920.0,94,281,117,2344,302376.0,767,98943.0,4745,612105.0,318,350,316,40764.0
2026-08-18,34,MX5(SANTAFE),299968437,A/S,177.0,710.0,0,0.0,1456,257736.8,971,171824.5,347,61365.9,277,49092.7,1204,213108.0,3467,613659.0,867,153459.0,169,508,212,4232,749064.0,1596,282492.0,8566,1516182.0,558,614,-978,-173106.0
2026-08-18,34,CN7(AVANTE),299907576,A/S,17.0,72.0,0,0.0,38,642.6,25,428.4,9,153.0,7,122.4,30,510.0,90,1530.0,23,391.0,4,13,6,110,1870.0,39,663.0,223,3791.0,14,15,-16,-272.0
2026-08-18,34,M-300,206450763,A/S,23.0,,0,0.0,4,96.6,3,64.4,1,23.0,1,18.4,3,69.0,10,230.0,2,46.0,0,1,1,12,276.0,4,92.0,24,552.0,1,1,-1,-23.0
2026-08-18,34,AE(IONIQ),299521317,A/S,201.0,,0,0.0,315,63399.4,210,42266.3,75,15095.1,60,12076.1,247,49647.0,751,150951.0,188,37788.0,37,110,46,917,184317.0,328,65928.0,1856,373056.0,116,128,2,402.0
2026-08-18,34,AD-100,206884744,A/S,28.0,,0,0.0,165,4609.9,110,3073.3,39,1097.6,31,878.1,139,3892.0,392,10976.0,98,2744.0,19,57,24,479,13412.0,184,5152.0,969,27132.0,60,66,-88,-2464.0
2026-08-18,34,SP2(SORENTO),299132182,A/S,15.0,,0,0.0,29,434.7,19,289.8,7,103.5,6,82.8,23,345.0,69,1035.0,17,255.0,3,10,4,85,1275.0,31,465.0,171,2565.0,12,13,12,180.0
2026-08-18,34,HG(GRANDUER),299908786,A/S,84.0,,0,0.0,244,20533.0,163,13688.6,58,4888.8,47,3911.0,194,16296.0,582,48888.0,145,12180.0,28,85,36,710,59640.0,257,21588.0,1437,120708.0,111,122,-75,-6300.0
2026-08-18,34,VQ,299847516,A/S,352.0,,0,0.0,672,236691.8,448,157794.6,160,56355.2,128,45084.2,543,191136.0,1601,563552.0,400,140800.0,78,234,98,1954,687808.0,720,253440.0,3955,1392160.0,178,196,-240,-84480.0
2026-08-18,34,EG,299546579,A/S,69.0,256.0,0,0.0,14,985.3,10,656.9,3,234.6,3,187.7,13,897.0,34,2346.0,8,552.0,2,5,2,41,2829.0,17,1173.0,83,5727.0,6,7,-5,-345.0
2026-08-18,34,RG3(K9),206115278,A/S,,,0,0.0,415,26557.4,277,17705.0,99,6323.2,79,5058.6,354,22656.0,988,63232.0,247,15808.0,48,145,60,1206,77184.0,470,30080.0,2441,156224.0,135,148,-146,-9344.0
2026-08-18,34,SM,299601341,D,50.0,,0,0.0,147,7371.0,98,4914.0,35,1755.0,28,1404.0,16,800.0,351,17550.0,88,4400.0,17,51,21,428,21400.0,21,1050.0,867,43350.0,52,57,143,7150.0
2026-08-18,34,SP2(SORENTO),299592475,A/S,89.0,,0,0.0,213,18951.7,142,12634.4,51,4512.3,41,3609.8,184,16376.0,507,45123.0,127,11303.0,25,74,31,618,55002.0,244,21716.0,1252,111428.0,0,87,-126,-11214.0
2026-08-18,34,JF(K5),201714107,A/S,124.0,,0,0.0,622,77130.5,415,51420.3,148,18364.4,118,14691.5,462,57288.0,1481,183644.0,370,45880.0,72,217,90,1808,224192.0,612,75888.0,3659,453716.0,271,298,301,37324.0
2026-08-18,34,AE(IONIQ),299722501,A/S,234.0,,0,0.0,488,114103.1,325,76068.7,116,27167.4,93,21733.9,415,97110.0,1161,271674.0,290,67860.0,57,170,71,1417,331578.0,550,128700.0,2868,671112.0,152,167,-421,-98514.0
2026-08-18,34,MX5(SANTAFE),299220774,A/S,60.0,,0,0.0,135,8114.4,90,5409.6,32,1932.0,26,1545.6,112,6720.0,322,19320.0,80,4800.0,16,47,20,393,23580.0,149,8940.0,795,47700.0,49,54,-62,-3720.0
2026-08-18,34,CK(STINGER),299914536,A/S,22.0,,0,0.0,25,545.2,17,363.4,6,129.8,5,103.8,19,418.0,59,1298.0,15,330.0,3,9,4,72,1584.0,26,572.0,146,3212.0,8,9,6,132.0
2026-08-18,34,RG3(K9),201184527,D,42.0,42.0,0,0.0,189,7938.0,126,5292.0,45,1890.0,36,1512.0,24,1008.0,450,18900.0,112,4704.0,22,66,27,549,23058.0,32,1344.0,1111,46662.0,56,62,-72,-3024.0
2026-08-18,34,QL(TUCSON),299288113,A/S,24.0,90.0,0,0.0,194,4646.9,129,3097.9,46,1106.4,37,885.1,165,3960.0,461,11064.0,115,2760.0,23,68,28,563,13512.0,219,5256.0,1139,27336.0,69,76,-67,-1608.0
2026-08-18,34,JX1,299970734,E,218.0,237.0,0,0.0,758,165265.8,505,110177.2,180,39349.0,144,31479.2,92,20056.0,1805,393490.0,451,98318.0,88,264,110,2203,480254.0,122,26596.0,4459,972062.0,251,276,79,17222.0
2026-08-18,34,QL(TUCSON),299414639,A/S,99.0,321.0,0,0.0,139,13763.0,93,9175.3,33,3276.9,26,2621.5,111,10989.0,331,32769.0,83,8217.0,16,48,20,404,39996.0,148,14652.0,818,80982.0,52,57,-77,-7623.0
2026-08-18,34,JF(K5),206967899,A/S,,95.0,0,0.0,213,13655.0,142,9103.4,51,3251.2,41,2601.0,190,12160.0,508,32512.0,127,8128.0,25,75,31,621,39744.0,252,16128.0,1256,80384.0,58,64,-169,-10816.0
2026-08-18,34,PAINT,206410348,원재료,148.0,194.0,13302,1968696.0,0,0.0,0,0.0,0,0.0,0,0.0,0,0.0,0,0.0,0,0.0,0,0,0,0,0.0,0,0.0,13302,1968696.0,0,0,442,65416.0
2026-08-18,34,"SX2(KONA,HMC)",202133655,A/S,31.0,,0,0.0,52,1614.5,35,1076.3,12,384.4,10,307.5,43,1333.0,124,3844.0,31,961.0,6,18,8,152,4712.0,57,1767.0,307,9517.0,16,18,-39,-1209.0
2026-08-18,34,JF(K5),206940599,E,51.0,75.0,0,0.0,145,7411.3,97,4940.9,35,1764.6,28,1411.7,16,816.0,346,17646.0,86,4386.0,17,51,21,422,21522.0,21,1071.0,854,43554.0,44,48,31,1581.0
2026-08-18,34,JX1,CA8830233E,A/S,73.0,273.0,0,0.0,235,17138.9,157,11426.0,56,4080.7,45,3264.6,180,13140.0,559,40807.0,140,10220.0,27,82,34,682,49786.0,238,17374.0,1381,100813.0,75,82,27,1971.0
2026-08-18,34,JX1,299884453,C,44.0,,0,0.0,550,24208.8,367,16139.2,131,5764.0,105,4611.2,67,2948.0,1310,57640.0,327,14388.0,64,192,80,1599,70356.0,89,3916.0,3236,142384.0,192,211,86,3784.0
2026-08-18,34,EG,201975869,A/S,70.0,239.0,0,0.0,62,4321.8,41,2881.2,15,1029.0,12,823.2,49,3430.0,147,10290.0,37,2590.0,7,22,9,180,12600.0,65,4550.0,364,25480.0,16,18,-33,-2310.0
2026-08-18,34,DN8(SONATA),299171239,A/S,40.0,161.0,0,0.0,32,1260.0,21,840.0,8,300.0,6,240.0,25,1000.0,75,3000.0,19,760.0,4,11,5,92,3680.0,33,1320.0,186,7440.0,10,11,10,400.0
2026-08-18,34,PAINT,206324715,원재료,54.0,66.0,14316,773064.0,0,0.0,0,0.0,0,0.0,0,0.0,0,0.0,0,0.0,0,0.0,0,0,0,0,0.0,0,0.0,14316,773064.0,0,0,-496,-26784.0
2026-08-18,34,CN7(AVANTE),299791590,A/S,170.0,739.0,0,0.0,239,40626.6,159,27084.4,57,9673.0,46,7738.4,186,31620.0,569,96730.0,142,24140.0,28,83,35,695,118150.0,246,41820.0,1406,239020.0,109,120,-250,-42500.0
2026-08-18,34,PAINT,299387849,원재료,87.0,,19021,1654827.0,0,0.0,0,0.0,0,0.0,0,0.0,0,0.0,0,0.0,0,0.0,0,0,0,0,0.0,0,0.0,19021,1654827.0,0,0,198,17226.0
2026-08-18,34,EG,201489058,A,27.0,,0,0.0,171,4615.4,114,3076.9,41,1098.9,33,879.1,22,594.0,407,10989.0,102,2754.0,20,60,25,497,13419.0,30,810.0,1006,27162.0,67,74,-54,-1458.0
2026-08-18,34,AE-PE(IONIQ),299376894,A/S,161.0,703.0,0,0.0,113,18122.2,75,12081.4,27,4314.8,21,3451.8,87,14007.0,268,43148.0,67,10787.0,13,39,16,327,52647.0,115,18515.0,662,106582.0,35,38,-42,-6762.0
2026-08-18,34,CV,299963249,A/S,258.0,1072.0,0,0.0,1000,257896.8,666,171931.2,238,61404.0,190,49123.2,752,194016.0,2380,614040.0,595,153510.0,116,349,145,2905,749490.0,997,257226.0,5880,1517040.0,358,394,-625,-161250.0
2026-08-18,34,ON(TELLURIDE),299955210,E,61.0,,0,0.0,171,10453.0,114,6968.6,41,2488.8,33,1991.0,19,1159.0,408,24888.0,102,6222.0,20,60,25,499,30439.0,26,1586.0,1009,61549.0,53,58,-17,-1037.0
2026-08-18,34,RG3(K9),299387397,A/S,108.0,,0,0.0,39,4263.8,26,2842.6,9,1015.2,8,812.2,29,3132.0,94,10152.0,24,2592.0,5,14,6,115,12420.0,39,4212.0,233,25164.0,11,12,21,2268.0
2026-08-18,34,MX5(SANTAFE),299475651,A/S,108.0,,0,0.0,405,43772.4,270,29181.6,96,10422.0,77,8337.6,309,33372.0,965,104220.0,241,26028.0,47,141,59,1178,127224.0,410,44280.0,2384,257472.0,103,113,-72,-7776.0
2026-08-18,34,EG,202165308,A/S,160.0,,0,0.0,228,36556.8,152,24371.2,54,8704.0,44,6963.2,175,28000.0,544,87040.0,136,21760.0,27,80,33,664,106240.0,232,37120.0,1344,215040.0,66,73,-119,-19040.0
2026-08-18,34,GN7(GRANDUER),206601859,A/S,154.0,,0,0.0,289,44435.2,192,29623.4,69,10579.8,55,8463.8,208,32032.0,687,105798.0,172,26488.0,34,101,42,839,129206.0,275,42350.0,1698,261492.0,100,110,16,2464.0
2026-08-18,34,HG(GRANDUER),299497843,A/S,36.0,,0,0.0,234,8421.8,156,5614.6,56,2005.2,45,1604.2,198,7128.0,557,20052.0,139,5004.0,27,82,34,680,24480.0,263,9468.0,1376,49536.0,78,86,79,2844.0
2026-08-18,34,JF(K5),206373467,A/S,42.0,128.0,0,0.0,41,1728.7,27,1152.5,10,411.6,8,329.3,34,1428.0,98,4116.0,25,1050.0,5,14,6,120,5040.0,45,1890.0,243,10206.0,14,15,6,252.0
2026-08-18,34,SP2(SORENTO),299346463,A/S,47.0,,0,0.0,57,2684.6,38,1789.8,14,639.2,11,511.4,39,1833.0,136,6392.0,34,1598.0,7,20,8,166,7802.0,52,2444.0,336,15792.0,20,22,46,2162.0
2026-08-18,34,AE-PE(IONIQ),299341756,A/S,42.0,188.0,0,0.0,16,670.3,11,446.9,4,159.6,3,127.7,13,546.0,38,1596.0,10,420.0,2,6,2,47,1974.0,17,714.0,95,3990.0,4,4,-2,-84.0
2026-08-18,34,TQ(STAREX),206328055,A/S,65.0,256.0,0,0.0,160,10428.6,107,6952.4,38,2483.0,31,1986.4,119,7735.0,382,24830.0,95,6175.0,19,56,23,466,30290.0,158,10270.0,943,61295.0,41,45,14,910.0
2026-08-18,34,SP2(SORENTO),202104593,A/S,155.0,552.0,0,0.0,335,51949.8,223,34633.2,80,12369.0,64,9895.2,251,38905.0,798,123690.0,199,30845.0,39,117,49,974,150970.0,332,51460.0,1971,305505.0,111,122,-178,-27590.0
2026-08-18,34,LX2(PALISADE),299331290,A/S,46.0,135.0,0,0.0,94,4308.4,62,2872.2,22,1025.8,18,820.6,76,3496.0,223,10258.0,56,2576.0,11,33,14,272,12512.0,101,4646.0,551,25346.0,44,48,26,1196.0
2026-08-18,34,PAINT,299241325,원재료,46.0,50.0,9622,442612.0,0,0.0,0,0.0,0,0.0,0,0.0,0,0.0,0,0.0,0,0.0,0,0,0,0,0.0,0,0.0,9622,442612.0,0,0,479,22034.0
2026-08-18,34,AE(IONIQ),CA3666756B,A/S,350.0,,0,0.0,1230,430563.0,820,287042.0,293,102515.0,234,82012.0,893,312550.0,2929,1025150.0,732,256200.0,143,429,179,3575,1251250.0,1184,414400.0,7236,2532600.0,369,406,285,99750.0
2026-08-18,34,JX1,206203594,A/S,138.0,517.0,0,0.0,210,29038.0,140,19358.6,50,6913.8,40,5531.0,146,20148.0,501,69138.0,125,17250.0,24,73,31,611,84318.0,194,26772.0,1237,170706.0,76,84,91,12558.0
2026-08-18,34,TQ(STAREX),206603007,D,64.0,63.0,0,0.0,1279,81849.6,853,54566.4,304,19488.0,244,15590.4,152,9728.0,3045,194880.0,761,48704.0,149,446,186,3717,237888.0,202,12928.0,7523,481472.0,332,365,-27,-1728.0
2026-08-18,34,LX2(PALISADE),299593378,A/S,34.0,115.0,0,0.0,33,1113.8,22,742.6,8,265.2,6,212.2,26,884.0,78,2652.0,20,680.0,4,11,5,95,3230.0,34,1156.0,193,6562.0,12,13,-3,-102.0
2026-08-18,34,JB,665W60953,A/S,59.0,228.0,0,0.0,344,20270.0,229,13513.4,82,4826.2,65,3861.0,253,14927.0,818,48262.0,205,12095.0,40,120,50,999,58941.0,336,19824.0,2022,119298.0,121,133,99,5841.0
2026-08-18,34,PAINT,299289537,원재료,17.0,,565,9605.0,0,0.0,0,0.0,0,0.0,0,0.0,0,0.0,0,0.0,0,0.0,0,0,0,0,0.0,0,0.0,565,9605.0,0,0,53,901.0
2026-08-18,34,AD-100,206449341,A/S,170.0,546.0,0,0.0,622,105743.4,415,70495.6,148,25177.0,118,20141.6,502,85340.0,1481,251770.0,370,62900.0,72,217,90,1808,307360.0,665,113050.0,3659,622030.0,293,322,-94,-15980.0
2026-08-18,34,JF(K5),299606155,A/S,26.0,,0,0.0,234,6071.5,156,4047.7,56,1445.6,44,1156.5,184,4784.0,556,14456.0,139,3614.0,27,81,34,679,17654.0,243,6318.0,1374,35724.0,73,80,65,1690.0
2026-08-18,34,MX5(SANTAFE),299362754,D,73.0,95.0,0,0.0,1025,74841.1,683,49894.0,244,17819.3,195,14255.4,110,8030.0,2441,178193.0,610,44530.0,119,358,149,2980,217540.0,145,10585.0,6031,440263.0,296,326,-56,-4088.0
2026-08-18,34,AD-100,299226856,B,59.0,,0,0.0,463,27307.6,309,18205.0,110,6501.8,88,5201.4,59,3481.0,1102,65018.0,275,16225.0,54,161,67,1345,79355.0,78,4602.0,2722,160598.0,167,184,135,7965.0
2026-08-18,34,"SX2(KONA,HMC)",299157710,A/S,38.0,143.0,0,0.0,70,2649.4,46,1766.2,17,630.8,13,504.6,54,2052.0,166,6308.0,42,1596.0,8,24,10,203,7714.0,72,2736.0,411,15618.0,24,26,28,1064.0
2026-08-18,34,CV,299970655,A/S,24.0,91.0,0,0.0,32,776.2,22,517.4,8,184.8,6,147.8,28,672.0,77,1848.0,19,456.0,4,11,5,94,2256.0,37,888.0,190,4560.0,12,13,-20,-480.0
2026-08-18,34,CK(STINGER),206829560,A/S,36.0,116.0,0,0.0,76,2736.7,51,1824.5,18,651.6,14,521.3,71,2556.0,181,6516.0,45,1620.0,9,27,11,221,7956.0,94,3384.0,447,16092.0,26,29,10,360.0
2026-08-18,34,DH(G80),299748591,E,109.0,,0,0.0,2614,284980.5,1743,189987.0,622,67852.5,498,54282.0,286,31174.0,6225,678525.0,1556,169604.0,304,912,380,7598,828182.0,380,41420.0,15379,1676311.0,1007,1108,487,53083.0
2026-08-18,34,SG2,299812106,A/S,163.0,555.0,0,0.0,234,38200.7,156,25467.1,56,9095.4,45,7276.3,194,31622.0,558,90954.0,139,22657.0,27,82,34,681,111003.0,257,41891.0,1378,224614.0,78,86,95,15485.0
2026-08-18,34,AE(IONIQ),202216570,E,59.0,55.0,0,0.0,510,30107.7,340,20071.8,122,7168.5,97,5734.8,59,3481.0,1215,71685.0,304,17936.0,59,178,74,1483,87497.0,78,4602.0,3002,177118.0,129,142,-180,-10620.0
2026-08-18,34,TQ(STAREX),299920824,A/S,,138.0,0,0.0,71,4515.8,47,3010.6,17,1075.2,13,860.2,51,3264.0,168,10752.0,42,2688.0,8,25,10,205,13120.0,67,4288.0,415,26560.0,22,24,17,1088.0
2026-08-18,34,NX4-PE(TUCSON),370W46509,A/S,56.0,182.0,0,0.0,116,6491.5,77,4327.7,28,1545.6,22,1236.5,95,5320.0,276,15456.0,69,3864.0,13,40,17,337,18872.0,126,7056.0,682,38192.0,30,33,7,392.0
2026-08-18,34,EG,299256548,A/S,114.0,345.0,0,0.0,208,23700.6,139,15800.4,50,5643.0,40,4514.4,152,17328.0,495,56430.0,124,14136.0,24,72,30,604,68856.0,202,23028.0,1223,139422.0,87,96,-32,-3648.0
2026-08-18,34,PAINT,299833611,원재료,47.0,45.0,274,12878.0,0,0.0,0,0.0,0,0.0,0,0.0,0,0.0,0,0.0,0,0.0,0,0,0,0,0.0,0,0.0,274,12878.0,0,0,11,517.0
2026-08-18,34,NX4-PE(TUCSON),CA5987756D,A/S,70.0,268.0,0,0.0,418,29282.4,279,19521.6,100,6972.0,80,5577.6,307,21490.0,996,69720.0,249,17430.0,49,146,61,1215,85050.0,406,28420.0,2460,172200.0,146,161,-90,-6300.0
2026-08-18,34,AE(IONIQ),299675875,A/S,153.0,,0,0.0,169,25896.8,113,17264.5,40,6165.9,32,4932.7,136,20808.0,403,61659.0,101,15453.0,20,59,25,492,75276.0,180,27540.0,996,152388.0,56,62,30,4590.0
2026-08-18,34,DH(G80),362W33473,A/S,58.0,250.0,0,0.0,27,1559.0,18,1039.4,6,371.2,5,297.0,22,1276.0,64,3712.0,16,928.0,3,9,4,78,4524.0,29,1682.0,158,9164.0,9,10,-18,-1044.0
2026-08-18,34,TM,299694976,A/S,152.0,560.0,0,0.0,483,73416.0,322,48944.0,115,17480.0,92,13984.0,334,50768.0,1150,174800.0,287,43624.0,56,168,70,1403,213256.0,443,67336.0,2840,431680.0,199,219,13,1976.0
2026-08-18,34,SG2,299642243,A/S,34.0,,0,0.0,186,6311.8,124,4207.8,44,1502.8,35,1202.2,145,4930.0,442,15028.0,111,3774.0,22,65,27,540,18360.0,192,6528.0,1093,37162.0,88,97,-4,-136.0
2026-08-18,34,CN7(AVANTE),299129473,A/S,268.0,896.0,0,0.0,627,168164.6,418,112109.8,149,40039.2,120,32031.4,466,124888.0,1494,400392.0,374,100232.0,73,219,91,1824,488832.0,618,165624.0,3692,989456.0,126,139,97,25996.0
2026-08-18,34,JF(K5),299203657,A,32.0,,0,0.0,556,17781.1,370,11854.1,132,4233.6,106,3386.9,64,2048.0,1323,42336.0,331,10592.0,65,194,81,1615,51680.0,85,2720.0,3269,104608.0,231,254,431,13792.0
2026-08-18,34,CV,299789936,A/S,247.0,,0,0.0,1544,381244.5,1029,254163.0,368,90772.5,294,72618.0,1184,292448.0,3675,907725.0,919,226993.0,179,538,224,4485,1107795.0,1569,387543.0,9079,2242513.0,375,413,-408,-100776.0
2026-08-18,34,RG3(K9),299192680,A/S,26.0,,0,0.0,14,360.4,9,240.2,3,85.8,3,68.6,10,260.0,33,858.0,8,208.0,2,5,2,40,1040.0,14,364.0,81,2106.0,5,6,5,130.0
2026-08-18,34,AKZO,299139767,원재료,41.0,51.0,5428,222548.0,0,0.0,0,0.0,0,0.0,0,0.0,0,0.0,0,0.0,0,0.0,0,0,0,0,0.0,0,0.0,5428,222548.0,0,0,-302,-12382.0
2026-08-18,34,RG3(K9),299562012,A/S,13.0,,0,0.0,62,808.1,41,538.7,15,192.4,12,153.9,48,624.0,148,1924.0,37,481.0,7,22,9,181,2353.0,64,832.0,366,4758.0,29,32,61,793.0
2026-08-18,34,TQ(STAREX),299969389,A/S,142.0,,0,0.0,160,22722.8,107,15148.6,38,5410.2,30,4328.2,107,15194.0,381,54102.0,95,13490.0,19,56,23,465,66030.0,142,20164.0,941,133622.0,53,58,74,10508.0
2026-08-18,34,CK(STINGER),299725390,A/S,128.0,,0,0.0,212,27148.8,141,18099.2,50,6464.0,40,5171.2,186,23808.0,505,64640.0,126,16128.0,25,74,31,616,78848.0,246,31488.0,1247,159616.0,67,74,-109,-13952.0
2026-08-18,34,JF(K5),299823234,A/S,118.0,,0,0.0,624,73646.2,416,49097.4,149,17534.8,119,14027.8,494,58292.0,1486,175348.0,372,43896.0,73,218,91,1814,214052.0,655,77290.0,3672,433296.0,249,274,-113,-13334.0
2026-08-18,34,DH(G80),299198882,A/S,59.0,236.0,0,0.0,313,18485.9,209,12323.9,75,4401.4,60,3521.1,223,13157.0,746,44014.0,187,11033.0,36,109,46,911,53749.0,296,17464.0,1844,108796.0,88,97,216,12744.0
2026-08-18,34,NX4-PE(TUCSON),202318080,A/S,141.0,,0,0.0,372,52468.9,248,34979.3,89,12492.6,71,9994.1,300,42300.0,886,124926.0,222,31302.0,43,130,54,1082,152562.0,398,56118.0,2190,308790.0,169,186,-63,-8883.0
2026-08-18,34,AD-100,141858018,A/S,67.0,235.0,0,0.0,136,9117.4,91,6078.2,32,2170.8,26,1736.6,112,7504.0,324,21708.0,81,5427.0,16,47,20,395,26465.0,148,9916.0,800,53600.0,48,53,17,1139.0
2026-08-18,34,DN8(SONATA),299133365,D,19.0,22.0,0,0.0,92,1747.6,61,1165.1,22,416.1,18,332.9,10,190.0,219,4161.0,55,1045.0,11,32,13,267,5073.0,14,266.0,541,10279.0,31,34,7,133.0
2026-08-18,34,PAINT,299122632,원재료,177.0,179.0,48350,8557950.0,0,0.0,0,0.0,0,0.0,0,0.0,0,0.0,0,0.0,0,0.0,0,0,0,0,0.0,0,0.0,48350,8557950.0,0,0,-5755,-1018635.0
2026-08-18,34,SM,299648142,A/S,62.0,233.0,0,0.0,84,5234.0,56,3489.4,20,1246.2,16,997.0,67,4154.0,201,12462.0,50,3100.0,10,30,12,246,15252.0,89,5518.0,497,30814.0,30,33,0,0.0
2026-08-18,34,QL(TUCSON),299720686,A/S,42.0,108.0,0,0.0,118,4956.8,79,3304.6,28,1180.2,22,944.2,101,4242.0,281,11802.0,70,2940.0,14,41,17,343,14406.0,134,5628.0,694,29148.0,0,43,6,252.0
2026-08-18,34,MX5(SANTAFE),206497581,A,155.0,,0,0.0,3704,574051.8,2469,382701.2,882,136679.0,705,109343.2,431,66805.0,8818,1366790.0,2204,341620.0,431,1292,538,10763,1668265.0,572,88660.0,21785,3376675.0,1243,1367,-2237,-346735.0
2026-08-18,34,OS(KONA),299140810,A/S,76.0,226.0,0,0.0,107,8107.7,71,5405.1,25,1930.4,20,1544.3,88,6688.0,254,19304.0,63,4788.0,12,37,16,310,23560.0,117,8892.0,627,47652.0,48,53,-57,-4332.0
2026-08-18,34,EG,299721770,A,123.0,130.0,0,0.0,962,118353.1,641,78902.0,229,28179.3,183,22543.4,103,12669.0,2291,281793.0,573,70479.0,112,336,140,2796,343908.0,137,16851.0,5660,696180.0,312,343,302,37146.0
2026-08-18,34,RG3(K9),299985761,E,54.0,,0,0.0,100,5420.5,67,3613.7,24,1290.6,19,1032.5,11,594.0,239,12906.0,60,3240.0,12,35,15,292,15768.0,15,810.0,591,31914.0,26,29,45,2430.0
2026-08-18,34,"SX2(KONA,HMC)",299389445,A/S,102.0,,0,0.0,161,16407.7,107,10938.5,38,3906.6,31,3125.3,131,13362.0,383,39066.0,96,9792.0,19,56,23,467,47634.0,174,17748.0,946,96492.0,58,64,21,2142.0
2026-08-18,34,CV,299781957,A/S,100.0,311.0,0,0.0,330,32970.0,220,21980.0,78,7850.0,63,6280.0,273,27300.0,785,78500.0,196,19600.0,38,115,48,958,95800.0,362,36200.0,1939,193900.0,117,129,54,5400.0
2026-08-18,34,ON(TELLURIDE),299243730,A/S,29.0,77.0,0,0.0,155,4494.4,103,2996.3,37,1070.1,30,856.1,122,3538.0,369,10701.0,92,2668.0,18,54,22,450,13050.0,162,4698.0,911,26419.0,41,45,-28,-812.0
2026-08-18,34,DN8(SONATA),206401359,A/S,42.0,114.0,0,0.0,52,2205.0,35,1470.0,12,525.0,10,420.0,44,1848.0,125,5250.0,31,1302.0,6,18,8,153,6426.0,58,2436.0,309,12978.0,0,23,2,84.0
2026-08-18,34,GN7(GRANDUER),299726628,A/S,48.0,157.0,0,0.0,99,4737.6,66,3158.4,24,1128.0,19,902.4,87,4176.0,235,11280.0,59,2832.0,11,34,14,287,13776.0,115,5520.0,581,27888.0,40,44,-77,-3696.0
2026-08-18,34,OS(KONA),299786014,A/S,63.0,263.0,0,0.0,58,3651.5,39,2434.3,14,869.4,11,695.5,45,2835.0,138,8694.0,35,2205.0,7,20,8,169,10647.0,59,3717.0,342,21546.0,0,18,6,378.0
2026-08-18,34,CN7(AVANTE),206310993,C,22.0,,0,0.0,90,1977.4,60,1318.2,21,470.8,17,376.6,11,242.0,214,4708.0,54,1188.0,10,31,13,262,5764.0,15,330.0,530,11660.0,22,24,24,528.0
2026-08-18,34,DN8(SONATA),299840852,A/S,125.0,489.0,0,0.0,65,8137.5,43,5425.0,16,1937.5,12,1550.0,48,6000.0,155,19375.0,39,4875.0,8,23,9,189,23625.0,64,8000.0,383,47875.0,22,24,8,1000.0
2026-08-18,34,QL(TUCSON),206836896,A/S,56.0,,0,0.0,380,21262.1,253,14174.7,90,5062.4,72,4049.9,296,16576.0,904,50624.0,226,12656.0,44,132,55,1103,61768.0,392,21952.0,2233,125048.0,125,138,126,7056.0
2026-08-18,34,M-300,299120537,A/S,64.0,,0,0.0,257,16423.7,171,10949.1,61,3910.4,49,3128.3,208,13312.0,611,39104.0,153,9792.0,30,90,37,746,47744.0,276,17664.0,1510,96640.0,102,112,24,1536.0
2026-08-18,34,SG2,299751617,A/S,33.0,139.0,0,0.0,84,2785.9,56,1857.2,20,663.3,16,530.6,63,2079.0,201,6633.0,50,1650.0,10,29,12,245,8085.0,84,2772.0,496,16368.0,26,29,54,1782.0
2026-08-18,34,LX2(PALISADE),202241481,C,53.0,44.0,0,0.0,199,10529.0,132,7019.3,47,2506.9,38,2005.5,24,1272.0,473,25069.0,118,6254.0,23,69,29,578,30634.0,31,1643.0,1169,61957.0,68,75,27,1431.0
2026-08-18,34,GN7(GRANDUER),299470371,A/S,68.0,,0,0.0,110,7511.3,74,5007.5,26,1788.4,21,1430.7,93,6324.0,263,17884.0,66,4488.0,13,39,16,322,21896.0,123,8364.0,651,44268.0,36,40,9,612.0
2026-08-18,34,JF(K5),299571762,A/S,56.0,273.0,0,0.0,452,25331.0,302,16887.4,108,6031.2,86,4825.0,346,19376.0,1077,60312.0,269,15064.0,53,158,66,1315,73640.0,459,25704.0,2661,149016.0,161,177,-194,-10864.0
2026-08-18,34,YP(CARNIVAL),206626110,A/S,89.0,417.0,0,0.0,84,7438.6,56,4959.1,20,1771.1,16,1416.9,64,5696.0,199,17711.0,50,4450.0,10,29,12,242,21538.0,84,7476.0,491,43699.0,25,28,9,801.0
2026-08-18,34,AE-PE(IONIQ),299117646,E,51.0,49.0,0,0.0,627,32001.5,418,21334.3,149,7619.4,120,6095.5,76,3876.0,1494,76194.0,373,19023.0,73,219,91,1823,92973.0,100,5100.0,3690,188190.0,254,279,-342,-17442.0
2026-08-18,34,DN8(SONATA),299996381,D,41.0,42.0,0,0.0,1445,59236.8,963,39491.2,344,14104.0,275,11283.2,186,7626.0,3440,141040.0,860,35260.0,168,504,210,4199,172159.0,247,10127.0,8499,348459.0,657,723,408,16728.0
2026-08-18,34,OS(KONA),202862444,A/S,175.0,530.0,0,0.0,582,101797.5,388,67865.0,138,24237.5,111,19390.0,427,74725.0,1385,242375.0,346,60550.0,68,203,84,1690,295750.0,566,99050.0,3421,598675.0,175,193,-89,-15575.0
2026-08-18,34,NX4-PE(TUCSON),299213904,A/S,49.0,,0,0.0,52,2551.9,35,1701.3,12,607.6,10,486.1,41,2009.0,124,6076.0,31,1519.0,6,18,8,151,7399.0,55,2695.0,306,14994.0,17,19,-23,-1127.0
2026-08-18,34,SP2(SORENTO),299486794,A/S,62.0,263.0,0,0.0,12,755.2,8,503.4,3,179.8,2,143.8,9,558.0,29,1798.0,7,434.0,1,4,2,35,2170.0,13,806.0,71,4402.0,4,4,2,124.0
2026-08-18,34,YP(CARNIVAL),299188082,E,99.0,,0,0.0,1734,171683.8,1156,114455.9,413,40877.1,330,32701.7,209,20691.0,4129,408771.0,1032,102168.0,202,605,252,5040,498960.0,277,27423.0,10201,1009899.0,616,678,-38,-3762.0
2026-08-18,34,YP(CARNIVAL),299673881,A/S,26.0,96.0,0,0.0,36,939.1,24,626.1,9,223.6,7,178.9,30,780.0,86,2236.0,22,572.0,4,13,5,106,2756.0,40,1040.0,214,5564.0,11,12,-8,-208.0
2026-08-18,34,PAINT,299333864,원재료,,49.0,4326,276864.0,0,0.0,0,0.0,0,0.0,0,0.0,0,0.0,0,0.0,0,0.0,0,0,0,0,0.0,0,0.0,4326,276864.0,0,0,-771,-49344.0
2026-08-18,34,HG(GRANDUER),299858474,A/S,28.0,,0,0.0,22,623.3,15,415.5,5,148.4,4,118.7,18,504.0,53,1484.0,13,364.0,3,8,3,65,1820.0,24,672.0,131,3668.0,7,8,10,280.0
2026-08-18,34,AE(IONIQ),206129901,C,35.0,58.0,0,0.0,1399,48980.4,933,32653.6,333,11662.0,267,9329.6,158,5530.0,3332,116620.0,833,29155.0,163,488,203,4066,142310.0,209,7315.0,8231,288085.0,494,543,395,13825.0
2026-08-18,34,CN7(AVANTE),202849455,A/S,,,0,0.0,191,12203.5,127,8135.7,45,2905.6,36,2324.5,154,9856.0,454,29056.0,113,7232.0,22,66,28,554,35456.0,204,13056.0,1121,71744.0,80,88,36,2304.0
2026-08-18,34,AD-100,299897181,A/S,102.0,,0,0.0,680,69358.0,453,46238.6,162,16513.8,130,13211.0,513,52326.0,1619,165138.0,405,41310.0,79,237,99,1976,201552.0,680,69360.0,4000,408000.0,171,188,297,30294.0
2026-08-18,34,GN7(GRANDUER),299825201,A/S,,159.0,0,0.0,66,4193.3,44,2795.5,16,998.4,12,798.7,53,3392.0,156,9984.0,39,2496.0,8,23,10,190,12160.0,70,4480.0,385,24640.0,33,36,-12,-768.0
2026-08-18,34,OS(KONA),299513907,A/S,72.0,233.0,0,0.0,400,28788.5,267,19192.3,95,6854.4,76,5483.5,298,21456.0,952,68544.0,238,17136.0,46,139,58,1162,83664.0,395,28440.0,2352,169344.0,0,170,-73,-5256.0
2026-08-18,34,JX1,299352197,E,211.0,,0,0.0,1081,228107.9,721,152071.9,257,54311.4,206,43449.1,124,26164.0,2574,543114.0,644,135884.0,126,377,157,3142,662962.0,164,34604.0,6360,1341960.0,527,580,-291,-61401.0
2026-08-18,34,CN7(AVANTE),299845364,A/S,86.0,371.0,0,0.0,120,10294.2,80,6862.8,28,2451.0,23,1960.8,90,7740.0,285,24510.0,71,6106.0,14,42,17,348,29928.0,119,10234.0,704,60544.0,34,37,62,5332.0
2026-08-18,34,EG,133W96582,C,139.0,147.0,0,0.0,757,105259.1,505,70172.8,180,25061.7,144,20049.4,90,12510.0,1803,250617.0,451,62689.0,88,264,110,2201,305939.0,119,16541.0,4455,619245.0,132,145,-280,-38920.0
2026-08-18,34,PAINT,299316844,원재료,152.0,150.0,17162,2608624.0,0,0.0,0,0.0,0,0.0,0,0.0,0,0.0,0,0.0,0,0.0,0,0,0,0,0.0,0,0.0,17162,2608624.0,0,0,275,41800.0
2026-08-18,34,TQ(STAREX),206294212,A/S,66.0,229.0,0,0.0,82,5433.1,55,3622.1,20,1293.6,16,1034.9,69,4554.0,196,12936.0,49,3234.0,10,29,12,240,15840.0,91,6006.0,485,32010.0,24,26,35,2310.0
2026-08-18,34,HG(GRANDUER),299681525,A/S,42.0,,0,0.0,5,211.7,3,141.1,1,50.4,1,40.3,4,168.0,12,504.0,3,126.0,1,2,1,15,630.0,5,210.0,30,1260.0,1,1,0,0.0
2026-08-18,34,DH(G80),299685786,A/S,72.0,322.0,0,0.0,381,27457.9,254,18305.3,91,6537.6,73,5230.1,312,22464.0,908,65376.0,227,16344.0,44,133,55,1109,79848.0,414,29808.0,2244,161568.0,129,142,88,6336.0
2026-08-18,34,JF(K5),299676473,C,120.0,,0,0.0,870,104428.8,580,69619.2,207,24864.0,166,19891.2,103,12360.0,2072,248640.0,518,62160.0,101,303,126,2529,303480.0,137,16440.0,5119,614280.0,275,302,-397,-47640.0
2026-08-18,34,LX2(PALISADE),299998425,C,70.0,48.0,0,0.0,1404,98284.2,936,65522.8,334,23401.0,267,18720.8,157,10990.0,3343,234010.0,836,58520.0,163,490,204,4080,285600.0,208,14560.0,8259,578130.0,498,548,-675,-47250.0
2026-08-18,34,YP(CARNIVAL),201278154,A/S,56.0,161.0,0,0.0,162,9055.2,108,6036.8,38,2156.0,31,1724.8,114,6384.0,385,21560.0,96,5376.0,19,56,24,470,26320.0,151,8456.0,951,53256.0,64,70,10,560.0
2026-08-18,34,GN7(GRANDUER),299888906,A/S,162.0,660.0,0,0.0,1130,183027.6,753,122018.4,269,43578.0,215,34862.4,907,146934.0,2690,435780.0,673,109026.0,131,394,164,3284,532008.0,1203,194886.0,6647,1076814.0,433,476,-390,-63180.0
2026-08-18,34,PAINT,299156095,원재료,21.0,28.0,616,12936.0,0,0.0,0,0.0,0,0.0,0,0.0,0,0.0,0,0.0,0,0.0,0,0,0,0,0.0,0,0.0,616,12936.0,0,0,-7,-147.0
2026-08-18,34,TM,299584971,A/S,163.0,,0,0.0,766,124939.5,511,83293.0,182,29747.5,146,23798.0,605,98615.0,1825,297475.0,456,74328.0,89,267,111,2228,363164.0,801,130563.0,4509,734967.0,237,261,-454,-74002.0
2026-08-18,34,JF(K5),299973753,A/S,89.0,335.0,0,0.0,133,11849.5,89,7899.6,32,2821.3,25,2257.0,99,8811.0,317,28213.0,79,7031.0,15,46,19,387,34443.0,132,11748.0,783,69687.0,60,66,-22,-1958.0
2026-08-18,34,VQ,202508027,D,198.0,204.0,0,0.0,864,171060.1,576,114040.1,206,40728.6,165,32582.9,94,18612.0,2057,407286.0,514,101772.0,100,301,126,2511,497178.0,125,24750.0,5082,1006236.0,243,267,637,126126.0
2026-08-18,34,PAINT,206224406,원재료,13.0,,939,12207.0,0,0.0,0,0.0,0,0.0,0,0.0,0,0.0,0,0.0,0,0.0,0,0,0,0,0.0,0,0.0,939,12207.0,0,0,-25,-325.0
2026-08-18,34,VQ,299777090,A/S,,88.0,0,0.0,231,14757.1,154,9838.1,55,3513.6,44,2810.9,186,11904.0,549,35136.0,137,8768.0,27,80,34,670,42880.0,246,15744.0,1356,86784.0,83,91,0,0.0
2026-08-18,34,SG2,202300807,A/S,71.0,348.0,0,0.0,98,6948.1,65,4632.0,23,1654.3,19,1323.4,78,5538.0,233,16543.0,58,4118.0,11,34,14,284,20164.0,104,7384.0,575,40825.0,29,32,-15,-1065.0
2026-08-18,34,OS(KONA),299390628,D,125.0,,0,0.0,2844,355530.0,1896,237020.0,677,84650.0,542,67720.0,327,40875.0,6772,846500.0,1693,211625.0,331,992,413,8266,1033250.0,434,54250.0,16731,2091375.0,979,1077,-555,-69375.0
2026-08-18,34,AE-PE(IONIQ),299361308,A/S,61.0,,0,0.0,53,3228.1,35,2152.1,13,768.6,10,614.9,38,2318.0,126,7686.0,32,1952.0,6,18,8,154,9394.0,50,3050.0,312,19032.0,11,12,4,244.0
2026-08-18,34,TM,299166562,A/S,56.0,239.0,0,0.0,30,1693.4,20,1129.0,7,403.2,6,322.6,24,1344.0,72,4032.0,18,1008.0,3,10,4,87,4872.0,32,1792.0,177,9912.0,12,13,-4,-224.0
2026-08-18,34,EG,206335508,A/S,86.0,,0,0.0,162,13942.3,108,9294.9,39,3319.6,31,2655.7,128,11008.0,386,33196.0,97,8342.0,19,57,24,471,40506.0,170,14620.0,954,82044.0,51,56,-16,-1376.0
2026-08-18,34,M-300,299621907,A/S,158.0,547.0,0,0.0,465,73394.2,310,48929.4,111,17474.8,88,13979.8,370,58460.0,1106,174748.0,276,43608.0,54,162,68,1350,213300.0,491,77578.0,2732,431656.0,185,204,93,14694.0
2026-08-18,34,DH(G80),299479599,A/S,16.0,,0,0.0,37,598.1,25,398.7,9,142.4,7,113.9,33,528.0,89,1424.0,22,352.0,4,13,5,108,1728.0,44,704.0,219,3504.0,15,16,-31,-496.0
2026-08-18,34,HG(GRANDUER),206848077,B,50.0,51.0,0,0.0,123,6132.0,82,4088.0,29,1460.0,23,1168.0,15,750.0,292,14600.0,73,3650.0,14,43,18,357,17850.0,20,1000.0,722,36100.0,0,48,-25,-1250.0
2026-08-18,34,DN8(SONATA),299371139,E,16.0,,0,0.0,387,6189.1,258,4126.1,92,1473.6,74,1178.9,48,768.0,921,14736.0,230,3680.0,45,135,56,1125,18000.0,64,1024.0,2276,36416.0,159,175,6,96.0
2026-08-18,34,JF(K5),299851237,A/S,28.0,110.0,0,0.0,2,58.8,1,39.2,0,14.0,0,11.2,2,56.0,5,140.0,1,28.0,0,1,0,6,168.0,3,84.0,12,336.0,1,1,-2,-56.0
2026-08-18,34,CN7(AVANTE),299951454,A/S,32.0,117.0,0,0.0,162,5187.8,108,3458.6,39,1235.2,31,988.2,129,4128.0,386,12352.0,97,3104.0,19,57,24,472,15104.0,172,5504.0,955,30560.0,62,68,26,832.0
2026-08-18,34,LX2(PALISADE),206990028,B,151.0,,0,0.0,474,71601.2,316,47734.1,113,17047.9,90,13638.3,60,9060.0,1129,170479.0,282,42582.0,55,165,69,1378,208078.0,79,11929.0,2789,421139.0,127,140,-181,-27331.0
2026-08-18,34,GN7(GRANDUER),299619567,A/S,30.0,,0,0.0,31,932.4,21,621.6,7,222.0,6,177.6,26,780.0,74,2220.0,18,540.0,4,11,4,90,2700.0,34,1020.0,182,5460.0,11,12,-8,-240.0
2026-08-18,34,EG,299476400,C,54.0,60.0,0,0.0,289,15626.5,193,10417.7,69,3720.6,55,2976.5,39,2106.0,689,37206.0,172,9288.0,34,101,42,841,45414.0,51,2754.0,1702,91908.0,104,114,-194,-10476.0
2026-08-18,34,GN7(GRANDUER),299555993,B,125.0,,0,0.0,1123,140385.0,749,93590.0,267,33425.0,214,26740.0,121,15125.0,2674,334250.0,668,83500.0,131,392,163,3263,407875.0,161,20125.0,6605,825625.0,422,464,364,45500.0
2026-08-18,34,"SX2(KONA,HMC)",299961860,A/S,144.0,,0,0.0,646,92957.8,430,61971.8,154,22132.8,123,17706.2,542,78048.0,1537,221328.0,384,55296.0,75,225,94,1876,270144.0,719,103536.0,3797,546768.0,233,256,-282,-40608.0
2026-08-18,34,ON(TELLURIDE),206719036,B,251.0,281.0,0,0.0,2341,587611.1,1561,391740.7,557,139907.4,446,111925.9,250,62750.0,5574,1399074.0,1393,349643.0,272,816,340,6803,1707553.0,331,83081.0,13770,3456270.0,663,729,518,130018.0
2026-08-18,34,MX5(SANTAFE),299706267,A/S,609.0,,0,0.0,4398,2678528.2,2932,1785685.4,1047,637744.8,838,510195.8,3277,1995693.0,10472,6377448.0,2618,1594362.0,511,1534,639,12782,7784238.0,4343,2644887.0,25872,15756048.0,1968,2165,2466,1501794.0
2026-08-18,34,"SX2(KONA,HMC)",299346017,A/S,67.0,292.0,0,0.0,153,10271.1,102,6847.4,36,2445.5,29,1956.4,112,7504.0,365,24455.0,91,6097.0,18,54,22,446,29882.0,149,9983.0,902,60434.0,58,64,99,6633.0
2026-08-18,34,MX5(SANTAFE),114W63759,A/S,46.0,127.0,0,0.0,66,3052.6,44,2035.0,16,726.8,13,581.4,54,2484.0,158,7268.0,39,1794.0,8,23,10,192,8832.0,71,3266.0,389,17894.0,17,19,45,2070.0
2026-08-18,34,MX5(SANTAFE),299265577,A/S,98.0,,0,0.0,558,54701.6,372,36467.8,133,13024.2,106,10419.4,446,43708.0,1329,130242.0,332,32536.0,65,195,81,1622,158956.0,591,57918.0,3283,321734.0,215,237,-35,-3430.0
2026-08-18,34,"SX2(KONA,HMC)",299983881,A/S,42.0,,0,0.0,138,5785.9,92,3857.3,33,1377.6,26,1102.1,107,4494.0,328,13776.0,82,3444.0,16,48,20,400,16800.0,141,5922.0,810,34020.0,40,44,-20,-840.0
2026-08-18,34,SM,299141898,,33.0,86.0,0,0.0,78,2564.1,52,1709.4,18,610.5,15,488.4,63,2079.0,185,6105.0,46,1518.0,9,27,11,225,7425.0,83,2739.0,456,15048.0,25,28,21,693.0
2026-08-18,34,CN7(AVANTE),206708980,A/S,,,0,0.0,72,4596.5,48,3064.3,17,1094.4,14,875.5,49,3136.0,171,10944.0,43,2752.0,8,25,10,209,13376.0,65,4160.0,423,27072.0,20,22,26,1664.0
2026-08-18,34,OS(KONA),299619305,A/S,69.0,,0,0.0,55,3767.4,36,2511.6,13,897.0,10,717.6,45,3105.0,130,8970.0,33,2277.0,6,19,8,159,10971.0,60,4140.0,322,22218.0,13,14,0,0.0
2026-08-18,34,AE-PE(IONIQ),206430192,A/S,68.0,259.0,0,0.0,150,10195.9,100,6797.3,36,2427.6,29,1942.1,124,8432.0,357,24276.0,89,6052.0,17,52,22,435,29580.0,165,11220.0,881,59908.0,54,59,-13,-884.0
2026-08-18,34,NX4-PE(TUCSON),299218643,A/S,118.0,388.0,0,0.0,206,24334.0,137,16222.6,49,5793.8,39,4635.0,158,18644.0,491,57938.0,123,14514.0,24,72,30,599,70682.0,210,24780.0,1213,143134.0,38,42,-22,-2596.0
2026-08-18,34,AD-100,299959768,A/S,75.0,293.0,0,0.0,137,10300.5,92,6867.0,33,2452.5,26,1962.0,111,8325.0,327,24525.0,82,6150.0,16,48,20,399,29925.0,148,11100.0,808,60600.0,50,55,-42,-3150.0
2026-08-18,34,JX1,299676324,A/S,58.0,229.0,0,0.0,116,6723.4,77,4482.2,28,1600.8,22,1280.6,99,5742.0,276,16008.0,69,4002.0,13,40,17,337,19546.0,131,7598.0,682,39556.0,31,34,16,928.0
2026-08-18,34,QL(TUCSON),206122893,D,49.0,,0,0.0,1020,49968.2,680,33312.2,243,11897.2,194,9517.8,134,6566.0,2428,118972.0,607,29743.0,119,356,148,2964,145236.0,177,8673.0,5999,293951.0,312,343,-209,-10241.0
2026-08-18,34,JB,299503191,A/S,,74.0,0,0.0,344,22041.6,230,14694.4,82,5248.0,66,4198.4,267,17088.0,820,52480.0,205,13120.0,40,120,50,1001,64064.0,354,22656.0,2026,129664.0,92,101,67,4288.0
2026-08-18,34,EG,299612952,A/S,94.0,385.0,0,0.0,137,12910.0,92,8606.6,33,3073.8,26,2459.0,113,10622.0,327,30738.0,82,7708.0,16,48,20,399,37506.0,150,14100.0,808,75952.0,53,58,-59,-5546.0
2026-08-18,34,DN8(SONATA),299646210,A/S,241.0,889.0,0,0.0,55,13259.8,37,8839.9,13,3157.1,10,2525.7,43,10363.0,131,31571.0,33,7953.0,6,19,8,160,38560.0,58,13978.0,324,78084.0,16,18,-22,-5302.0
2026-08-18,34,GN7(GRANDUER),202638567,D,125.0,,0,0.0,1395,174352.5,930,116235.0,332,41512.5,266,33210.0,176,22000.0,3321,415125.0,830,103750.0,162,486,203,4054,506750.0,233,29125.0,8205,1025625.0,561,617,-1023,-127875.0
2026-08-18,34,AD-100,299992453,A/S,23.0,,0,0.0,49,1120.6,32,747.0,12,266.8,9,213.4,38,874.0,116,2668.0,29,667.0,6,17,7,142,3266.0,50,1150.0,287,6601.0,18,20,26,598.0
2026-08-18,34,LX2(PALISADE),299915758,C,354.0,353.0,0,0.0,785,278031.6,524,185354.4,187,66198.0,150,52958.4,99,35046.0,1870,661980.0,467,165318.0,91,274,114,2282,807828.0,131,46374.0,4619,1635126.0,310,341,-483,-170982.0
2026-08-18,34,AE(IONIQ),299831580,A/S,61.0,224.0,0,0.0,432,26363.0,288,17575.3,103,6276.9,82,5021.5,322,19642.0,1029,62769.0,257,15677.0,50,151,63,2386,145570.4,426,25986.0,3672,224016.4,56,176,77,4697.0
2026-08-18,34,TQ(STAREX),299427527,D,195.0,228.0,0,0.0,4862,948156.3,3242,632104.2,1158,225751.5,926,180601.2,526,102570.0,11577,2257515.0,2894,564330.0,565,1696,706,14130,2755350.0,697,135915.0,28601,5577195.0,1697,1867,-2133,-415935.0
2026-08-18,34,DN8(SONATA),299966608,E,118.0,150.0,0,0.0,409,48221.9,272,32147.9,97,11481.4,78,9185.1,48,5664.0,973,114814.0,243,28674.0,47,142,59,1187,140066.0,63,7434.0,2403,283554.0,168,185,147,17346.0
2026-08-18,34,EG,101916475,A/S,61.0,249.0,0,0.0,74,4534.7,50,3023.2,18,1079.7,14,863.8,61,3721.0,177,10797.0,44,2684.0,9,26,11,215,13115.0,81,4941.0,436,26596.0,25,28,1,61.0
2026-08-18,34,SG2,299198336,A/S,58.0,247.0,0,0.0,87,5066.9,58,3377.9,21,1206.4,17,965.1,70,4060.0,208,12064.0,52,3016.0,10,30,13,254,14732.0,92,5336.0,514,29812.0,34,37,20,1160.0
2026-08-18,34,M-300,CA5798393A,A,120.0,134.0,0,0.0,311,37346.4,207,24897.6,74,8892.0,59,7113.6,37,4440.0,741,88920.0,185,22200.0,36,109,45,905,108600.0,49,5880.0,1831,219720.0,93,102,7,840.0
2026-08-18,34,YP(CARNIVAL),299920130,A/S,265.0,1250.0,0,0.0,155,40958.4,103,27305.6,37,9752.0,29,7801.6,113,29945.0,368,97520.0,92,24380.0,18,54,22,449,118985.0,150,39750.0,909,240885.0,50,55,57,15105.0
2026-08-18,34,M-300,343647701,A/S,201.0,551.0,0,0.0,1349,271157.0,899,180771.4,321,64561.2,257,51649.0,1027,206427.0,3212,645612.0,803,161403.0,157,471,196,3921,788121.0,1362,273762.0,7936,1595136.0,450,495,42,8442.0
2026-08-18,34,QL(TUCSON),206951802,A/S,10.0,35.0,0,0.0,10,96.6,6,64.4,2,23.0,2,18.4,8,80.0,23,230.0,6,60.0,1,3,1,28,280.0,11,110.0,57,570.0,4,4,4,40.0
2026-08-18,34,DH(G80),299933890,C,187.0,231.0,0,0.0,470,87964.8,314,58643.2,112,20944.0,90,16755.2,57,10659.0,1120,209440.0,280,52360.0,55,164,68,2597,485695.1,76,14212.0,3997,747495.1,62,196,-113,-21131.0
2026-08-18,34,CV,299548882,A/S,41.0,150.0,0,0.0,291,11933.5,194,7955.6,69,2841.3,55,2273.0,223,9143.0,693,28413.0,173,7093.0,34,102,42,1607,65903.4,296,12136.0,2473,101409.4,47,146,-25,-1025.0
2026-08-18,34,SG2,299689507,A/S,61.0,283.0,0,0.0,290,17703.4,193,11802.3,69,4215.1,55,3372.1,231,14091.0,691,42151.0,173,10553.0,34,101,42,844,51484.0,306,18666.0,1708,104188.0,119,131,54,3294.0
2026-08-18,34,ON(TELLURIDE),206310110,A/S,107.0,389.0,0,0.0,180,19234.3,120,12822.9,43,4579.6,34,3663.7,134,14338.0,428,45796.0,107,11449.0,21,63,26,522,55854.0,178,19046.0,1057,113099.0,57,63,-18,-1926.0
2026-08-18,34,PAINT,299725654,원재료,,,579,37056.0,0,0.0,0,0.0,0,0.0,0,0.0,0,0.0,0,0.0,0,0.0,0,0,0,0,0.0,0,0.0,579,37056.0,0,0,57,3648.0
2026-08-18,34,LX2(PALISADE),206350064,A/S,27.0,93.0,0,0.0,24,635.0,16,423.4,6,151.2,4,121.0,18,486.0,56,1512.0,14,378.0,3,8,3,68,1836.0,24,648.0,138,3726.0,8,9,11,297.0
2026-08-18,34,TM,299954551,A/S,195.0,,0,0.0,392,76494.6,262,50996.4,93,18213.0,75,14570.4,323,62985.0,934,182130.0,234,45630.0,46,137,57,1140,222300.0,427,83265.0,2308,450060.0,150,165,-155,-30225.0
2026-08-18,34,NX4-PE(TUCSON),299786819,A/S,58.0,,0,0.0,353,20486.8,235,13657.8,84,4877.8,67,3902.2,296,17168.0,841,48778.0,210,12180.0,41,123,51,1026,59508.0,393,22794.0,2077,120466.0,131,144,-267,-15486.0
2026-08-18,34,PAINT,299589837,원재료,33.0,,9451,311883.0,0,0.0,0,0.0,0,0.0,0,0.0,0,0.0,0,0.0,0,0.0,0,0,0,0,0.0,0,0.0,9451,311883.0,0,0,757,24981.0
2026-08-18,34,SM,299541712,A/S,55.0,,0,0.0,190,10441.2,127,6960.8,45,2486.0,36,1988.8,161,8855.0,452,24860.0,113,6215.0,22,66,28,551,30305.0,213,11715.0,1116,61380.0,61,67,-137,-7535.0
2026-08-18,34,PAINT,299783554,원재료,48.0,,5597,268656.0,0,0.0,0,0.0,0,0.0,0,0.0,0,0.0,0,0.0,0,0.0,0,0,0,0,0.0,0,0.0,5597,268656.0,0,0,441,21168.0
2026-08-18,34,SP2(SORENTO),206795166,A,96.0,107.0,0,0.0,231,22216.3,154,14810.9,55,5289.6,44,4231.7,28,2688.0,551,52896.0,138,13248.0,27,81,34,673,64608.0,37,3552.0,1362,130752.0,93,102,-130,-12480.0
2026-08-18,34,AKZO,299646760,원재료,81.0,,1670,135270.0,0,0.0,0,0.0,0,0.0,0,0.0,0,0.0,0,0.0,0,0.0,0,0,0,0,0.0,0,0.0,1670,135270.0,0,0,-46,-3726.0
2026-08-18,34,PAINT,299924190,원재료,81.0,,1446,117126.0,0,0.0,0,0.0,0,0.0,0,0.0,0,0.0,0,0.0,0,0.0,0,0,0,0,0.0,0,0.0,1446,117126.0,0,0,-76,-6156.0
2026-08-18,34,CN7(AVANTE),299156517,A/S,23.0,75.0,0,0.0,130,2994.6,87,1996.4,31,713.0,25,570.4,104,2392.0,310,7130.0,78,1794.0,15,45,19,379,8717.0,138,3174.0,767,17641.0,42,46,23,529.0
2026-08-18,34,SM,299787616,A/S,,203.0,0,0.0,92,5859.8,61,3906.6,22,1395.2,17,1116.2,73,4672.0,218,13952.0,54,3456.0,11,32,13,266,17024.0,97,6208.0,538,34432.0,41,45,28,1792.0
2026-08-18,34,ON(TELLURIDE),299626456,A/S,42.0,162.0,0,0.0,222,9331.6,148,6221.0,53,2221.8,42,1777.4,181,7602.0,529,22218.0,132,5544.0,26,78,32,646,27132.0,240,10080.0,1307,54894.0,65,72,38,1596.0
2026-08-18,34,SM,299382396,A/S,104.0,355.0,0,0.0,535,55648.3,357,37098.9,127,13249.6,102,10599.7,408,42432.0,1274,132496.0,318,33072.0,62,187,78,1555,161720.0,542,56368.0,3147,327288.0,197,217,225,23400.0
2026-08-18,34,RESIN,206420533,원재료,34.0,,3768,128112.0,0,0.0,0,0.0,0,0.0,0,0.0,0,0.0,0,0.0,0,0.0,0,0,0,0,0.0,0,0.0,3768,128112.0,0,0,118,4012.0
2026-08-18,34,AE-PE(IONIQ),299114457,A/S,248.0,946.0,0,0.0,58,14478.2,39,9652.2,14,3447.2,11,2757.8,44,10912.0,139,34472.0,35,8680.0,7,20,8,170,42160.0,59,14632.0,344,85312.0,16,18,-8,-1984.0
2026-08-18,34,SP2(SORENTO),299113316,B,78.0,,0,0.0,207,16117.9,138,10745.3,49,3837.6,39,3070.1,25,1950.0,492,38376.0,123,9594.0,24,72,30,601,46878.0,33,2574.0,1216,94848.0,41,45,-32,-2496.0
2026-08-18,34,QL(TUCSON),299915940,A/S,74.0,322.0,0,0.0,143,10598.3,95,7065.5,34,2523.4,27,2018.7,122,9028.0,341,25234.0,85,6290.0,17,50,21,416,30784.0,162,11988.0,842,62308.0,56,62,-38,-2812.0
2026-08-18,34,PAINT,299249050,원재료,58.0,,3748,217384.0,0,0.0,0,0.0,0,0.0,0,0.0,0,0.0,0,0.0,0,0.0,0,0,0,0,0.0,0,0.0,3748,217384.0,0,0,265,15370.0
2026-08-18,34,AKZO,299803948,원재료,35.0,42.0,9754,341390.0,0,0.0,0,0.0,0,0.0,0,0.0,0,0.0,0,0.0,0,0.0,0,0,0,0,0.0,0,0.0,9754,341390.0,0,0,1124,39340.0
2026-08-18,34,JB,299234881,A/S,105.0,349.0,0,0.0,84,8864.1,56,5909.4,20,2110.5,16,1688.4,68,7140.0,201,21105.0,50,5250.0,10,30,12,246,25830.0,90,9450.0,497,52185.0,27,30,-9,-945.0
2026-08-18,34,MX5(SANTAFE),299222755,D,70.0,81.0,0,0.0,1742,121951.2,1161,81300.8,415,29036.0,332,23228.8,178,12460.0,4148,290360.0,1037,72590.0,203,608,253,5063,354410.0,235,16450.0,10248,717360.0,691,760,427,29890.0
2026-08-18,34,CK(STINGER),299345395,A/S,,245.0,0,0.0,44,2795.5,29,1863.7,10,665.6,8,532.5,34,2176.0,104,6656.0,26,1664.0,5,15,6,127,8128.0,45,2880.0,257,16448.0,13,14,15,960.0
2026-08-18,34,EG,202349373,A/S,57.0,182.0,0,0.0,352,20085.7,235,13390.4,84,4782.3,67,3825.8,268,15276.0,839,47823.0,210,11970.0,41,123,51,1024,58368.0,355,20235.0,2073,118161.0,148,163,33,1881.0
2026-08-18,34,YP(CARNIVAL),299182277,A/S,65.0,,0,0.0,151,9800.7,101,6533.8,36,2333.5,29,1866.8,125,8125.0,359,23335.0,90,5850.0,18,53,22,438,28470.0,166,10790.0,887,57655.0,55,61,-5,-325.0
2026-08-18,34,OS(KONA),299113890,A/S,77.0,,0,0.0,61,4721.6,41,3147.8,15,1124.2,12,899.4,51,3927.0,146,11242.0,36,2772.0,7,21,9,178,13706.0,67,5159.0,360,27720.0,26,29,5,385.0
2026-08-18,34,AE-PE(IONIQ),299452372,A/S,162.0,602.0,0,0.0,102,16601.8,68,11067.8,24,3952.8,20,3162.2,74,11988.0,244,39528.0,61,9882.0,12,36,15,298,48276.0,98,15876.0,603,97686.0,32,35,46,7452.0
2026-08-18,34,JB,299497471,A/S,35.0,126.0,0,0.0,126,4424.7,84,2949.8,30,1053.5,24,842.8,102,3570.0,301,10535.0,75,2625.0,15,44,18,367,12845.0,135,4725.0,743,26005.0,43,47,113,3955.0
2026-08-18,34,JB,299787794,A/S,47.0,174.0,0,0.0,91,4283.6,61,2855.7,22,1019.9,17,815.9,68,3196.0,217,10199.0,54,2538.0,11,32,13,265,12455.0,90,4230.0,536,25192.0,36,40,22,1034.0
2026-08-18,34,YP(CARNIVAL),299251242,A/S,57.0,225.0,0,0.0,91,5171.0,60,3447.4,22,1231.2,17,985.0,73,4161.0,216,12312.0,54,3078.0,11,32,13,264,15048.0,97,5529.0,534,30438.0,28,31,0,0.0
2026-08-18,34,YP(CARNIVAL),299698905,A/S,75.0,,0,0.0,302,22648.5,201,15099.0,72,5392.5,58,4314.0,228,17100.0,719,53925.0,180,13500.0,35,105,44,877,65775.0,303,22725.0,1776,133200.0,118,130,-96,-7200.0
2026-08-18,34,QL(TUCSON),206348454,A/S,164.0,,0,0.0,1556,255131.5,1037,170087.7,370,60745.6,296,48596.5,1273,208772.0,3704,607456.0,926,151864.0,181,543,226,4521,741444.0,1687,276668.0,9151,1500764.0,527,580,-607,-99548.0
2026-08-18,34,ON(TELLURIDE),299751346,E,40.0,52.0,0,0.0,476,19034.4,317,12689.6,113,4532.0,91,3625.6,63,2520.0,1133,45320.0,283,11320.0,55,166,69,1382,55280.0,83,3320.0,2798,111920.0,0,202,-150,-6000.0
2026-08-18,34,CV,299367722,A/S,331.0,1081.0,0,0.0,2336,773368.3,1558,515578.8,556,184135.3,445,147308.2,1905,630555.0,5563,1841353.0,1391,460421.0,272,815,340,6790,2247490.0,2525,835775.0,13744,4549264.0,696,766,-820,-271420.0
2026-08-18,34,EG,299622093,A/S,,265.0,0,0.0,284,18170.9,189,12113.9,68,4326.4,54,3461.1,229,14656.0,676,43264.0,169,10816.0,33,99,41,825,52800.0,304,19456.0,1670,106880.0,115,127,47,3008.0
2026-08-18,34,JF(K5),299427257,D,32.0,41.0,0,0.0,597,19111.7,398,12741.1,142,4550.4,114,3640.3,77,2464.0,1422,45504.0,355,11360.0,69,208,87,1736,55552.0,101,3232.0,3513,112416.0,206,227,-454,-14528.0
2026-08-18,34,SP2(SORENTO),299352348,A/S,54.0,229.0,0,0.0,74,4014.4,50,2676.2,18,955.8,14,764.6,61,3294.0,177,9558.0,44,2376.0,9,26,11,217,11718.0,81,4374.0,438,23652.0,22,24,21,1134.0
2026-08-18,34,SG2,299551877,A/S,10.0,44.0,0,0.0,13,134.4,9,89.6,3,32.0,3,25.6,11,110.0,32,320.0,8,80.0,2,5,2,39,390.0,14,140.0,79,790.0,5,6,2,20.0
2026-08-18,34,AE-PE(IONIQ),299447143,A/S,69.0,,0,0.0,181,12461.4,120,8307.6,43,2967.0,34,2373.6,135,9315.0,430,29670.0,108,7452.0,21,63,26,525,36225.0,179,12351.0,1063,73347.0,45,50,39,2691.0
2026-08-18,34,HG(GRANDUER),299707688,A/S,69.0,272.0,0,0.0,173,11939.8,115,7959.8,41,2842.8,33,2274.2,138,9522.0,412,28428.0,103,7107.0,20,60,25,503,34707.0,183,12627.0,1018,70242.0,50,55,29,2001.0
2026-08-18,34,DN8(SONATA),299545017,A/S,70.0,198.0,0,0.0,334,23373.0,223,15582.0,80,5565.0,64,4452.0,273,19110.0,795,55650.0,199,13930.0,39,117,49,971,67970.0,362,25340.0,1965,137550.0,113,124,-13,-910.0
2026-08-18,34,"SX2(KONA,HMC)",206910053,A/S,23.0,,0,0.0,9,202.9,6,135.2,2,48.3,2,38.6,7,161.0,21,483.0,5,115.0,1,3,1,26,598.0,10,230.0,52,1196.0,3,3,-3,-69.0
2026-08-18,34,JX1,299102618,E,31.0,39.0,0,0.0,262,8137.5,175,5425.0,62,1937.5,50,1550.0,32,992.0,625,19375.0,156,4836.0,30,91,38,762,23622.0,42,1302.0,1543,47833.0,0,103,-78,-2418.0
2026-08-18,34,DH(G80),202892271,A/S,79.0,,0,0.0,135,10650.8,90,7100.5,32,2535.9,26,2028.7,107,8453.0,321,25359.0,80,6320.0,16,47,20,392,30968.0,142,11218.0,793,62647.0,48,53,72,5688.0
2026-08-18,34,YP(CARNIVAL),299117209,E,,137.0,0,0.0,631,40400.6,421,26933.8,150,9619.2,120,7695.4,70,4480.0,1503,96192.0,376,24064.0,73,220,92,1834,117376.0,92,5888.0,3713,237632.0,255,280,351,22464.0
2026-08-18,34,HG(GRANDUER),925W75698,A/S,53.0,227.0,0,0.0,29,1558.2,20,1038.8,7,371.0,6,296.8,23,1219.0,70,3710.0,17,901.0,3,10,4,85,4505.0,31,1643.0,172,9116.0,9,10,24,1272.0
2026-08-18,34,CK(STINGER),299400751,A/S,278.0,713.0,0,0.0,1277,355067.2,851,236711.4,304,84539.8,243,67631.8,844,234632.0,3041,845398.0,760,211280.0,148,445,186,3712,1031936.0,1120,311360.0,7513,2088614.0,375,413,410,113980.0
2026-08-18,34,"SX2(KONA,HMC)",299109555,A/S,316.0,,0,0.0,1175,371217.8,783,247478.6,280,88385.2,224,70708.2,839,265124.0,2797,883852.0,699,220884.0,137,410,171,3414,1078824.0,1112,351392.0,6910,2183560.0,370,407,188,59408.0
2026-08-18,34,AE-PE(IONIQ),299398510,A/S,70.0,,0,0.0,312,21873.6,208,14582.4,74,5208.0,60,4166.4,242,16940.0,744,52080.0,186,13020.0,36,109,45,908,63560.0,321,22470.0,1838,128660.0,142,156,-18,-1260.0
2026-08-18,34,TQ(STAREX),299647359,D,20.0,20.0,0,0.0,167,3343.2,111,2228.8,40,796.0,32,636.8,22,440.0,398,7960.0,100,2000.0,19,58,24,486,9720.0,29,580.0,984,19680.0,47,52,-77,-1540.0
2026-08-18,34,RG3(K9),582W49719,A/S,192.0,,0,0.0,230,44110.1,153,29406.7,55,10502.4,44,8401.9,189,36288.0,547,105024.0,137,26304.0,27,80,33,668,128256.0,251,48192.0,1352,259584.0,108,119,-91,-17472.0
2026-08-18,34,M-300,202115785,A/S,78.0,,0,0.0,88,6879.6,59,4586.4,21,1638.0,17,1310.4,76,5928.0,210,16380.0,53,4134.0,10,31,13,257,20046.0,101,7878.0,520,40560.0,39,43,-81,-6318.0
2026-08-18,34,ON(TELLURIDE),299850825,,122.0,393.0,0,0.0,456,55646.6,304,37097.8,109,13249.2,87,10599.4,349,42578.0,1086,132492.0,272,33184.0,53,159,66,1326,161772.0,463,56486.0,2684,327448.0,126,139,-41,-5002.0
2026-08-18,34,JB,206948458,A/S,44.0,157.0,0,0.0,137,6043.0,92,4028.6,33,1438.8,26,1151.0,107,4708.0,327,14388.0,82,3608.0,16,48,20,399,17556.0,143,6292.0,808,35552.0,40,44,-42,-1848.0
2026-08-18,34,ON(TELLURIDE),202279754,A/S,38.0,161.0,0,0.0,60,2298.2,40,1532.2,14,547.2,12,437.8,48,1824.0,144,5472.0,36,1368.0,7,21,9,175,6650.0,63,2394.0,355,13490.0,26,29,23,874.0
2026-08-18,34,SP2(SORENTO),299841667,A/S,144.0,671.0,0,0.0,873,125737.9,582,83825.3,208,29937.6,166,23950.1,675,97200.0,2079,299376.0,520,74880.0,102,305,127,2538,365472.0,895,128880.0,5137,739728.0,258,284,47,6768.0
2026-08-18,34,LX2(PALISADE),299929850,A/S,286.0,,0,0.0,1040,297537.2,694,198358.2,248,70842.2,198,56673.8,877,250822.0,2477,708422.0,619,177034.0,121,363,151,3023,864578.0,1163,332618.0,6119,1750034.0,346,381,-295,-84370.0
2026-08-18,34,AE(IONIQ),299569502,A/S,63.0,296.0,0,0.0,147,9287.5,98,6191.6,35,2211.3,28,1769.0,125,7875.0,351,22113.0,88,5544.0,17,51,21,428,26964.0,166,10458.0,867,54621.0,46,51,-89,-5607.0
2026-08-18,34,QL(TUCSON),206887534,A/S,109.0,386.0,0,0.0,184,20051.6,123,13367.8,44,4774.2,35,3819.4,123,13407.0,438,47742.0,110,11990.0,21,64,27,535,58315.0,163,17767.0,1083,118047.0,53,58,63,6867.0
2026-08-18,34,ON(TELLURIDE),299542389,A/S,97.0,,0,0.0,979,94924.2,652,63282.8,233,22601.0,186,18080.8,812,78764.0,2330,226010.0,583,56551.0,114,341,142,2844,275868.0,1076,104372.0,5757,558429.0,322,354,529,51313.0
2026-08-18,34,TQ(STAREX),CA7330784A,A/S,51.0,174.0,0,0.0,71,3641.4,48,2427.6,17,867.0,14,693.6,55,2805.0,170,8670.0,42,2142.0,8,25,10,207,10557.0,73,3723.0,419,21369.0,26,29,-8,-408.0
2026-08-18,34,JB,299496053,A/S,96.0,428.0,0,0.0,60,5725.4,40,3817.0,14,1363.2,11,1090.6,43,4128.0,142,13632.0,36,3456.0,7,21,9,329,31555.2,57,5472.0,507,48643.2,6,20,-5,-480.0
2026-08-18,34,"SX2(KONA,HMC)",299755795,A/S,61.0,238.0,0,0.0,94,5764.5,63,3843.0,22,1372.5,18,1098.0,73,4453.0,225,13725.0,56,3416.0,11,33,14,275,16775.0,97,5917.0,556,33916.0,33,36,12,732.0
2026-08-18,34,EG,206348829,A/S,146.0,599.0,0,0.0,328,47952.2,219,31968.2,78,11417.2,63,9133.8,275,40150.0,782,114172.0,196,28616.0,38,115,48,955,139430.0,364,53144.0,1933,282218.0,112,123,-165,-24090.0
2026-08-18,34,CN7(AVANTE),299713686,E,151.0,,0,0.0,505,76230.8,337,50820.6,120,18150.2,96,14520.2,60,9060.0,1202,181502.0,301,45451.0,59,176,73,2789,421169.2,79,11929.0,4292,648122.2,62,195,-21,-3171.0
2026-08-18,34,AE(IONIQ),299803746,A/S,290.0,1086.0,0,0.0,215,62239.8,143,41493.2,51,14819.0,41,11855.2,169,49010.0,511,148190.0,128,37120.0,25,75,31,623,180670.0,224,64960.0,1262,365980.0,73,80,-42,-12180.0
2026-08-18,34,"SX2(KONA,HMC)",299963283,A/S,78.0,,0,0.0,480,37477.4,320,24985.0,114,8923.2,92,7138.6,383,29874.0,1144,89232.0,286,22308.0,56,168,70,1396,108888.0,508,39624.0,2826,220428.0,167,184,106,8268.0
2026-08-18,34,ON(TELLURIDE),299836398,A/S,57.0,248.0,0,0.0,189,10749.1,126,7166.0,45,2559.3,36,2047.4,127,7239.0,449,25593.0,112,6384.0,22,66,27,548,31236.0,168,9576.0,1109,63213.0,92,101,-85,-4845.0
2026-08-18,34,"SX2(KONA,HMC)",299933897,A/S,,,0,0.0,52,3360.0,35,2240.0,12,800.0,10,640.0,43,2752.0,125,8000.0,31,1984.0,6,18,8,152,9728.0,57,3648.0,308,19712.0,17,19,-18,-1152.0
2026-08-18,34,VQ,206657118,A/S,297.0,,0,0.0,486,144448.9,324,96299.3,116,34392.6,93,27514.1,345,102465.0,1158,343926.0,290,86130.0,57,170,71,1414,419958.0,457,135729.0,2862,850014.0,138,152,-234,-69498.0
2026-08-18,34,PAINT,299389939,원재료,77.0,101.0,30015,2311155.0,0,0.0,0,0.0,0,0.0,0,0.0,0,0.0,0,0.0,0,0.0,0,0,0,0,0.0,0,0.0,30015,2311155.0,0,0,2098,161546.0
2026-08-18,34,JX1,202670689,D,77.0,,0,0.0,251,19339.3,167,12892.9,60,4604.6,48,3683.7,33,2541.0,598,46046.0,150,11550.0,29,88,36,730,56210.0,44,3388.0,1478,113806.0,112,123,55,4235.0
2026-08-18,34,VQ,299588559,C,44.0,64.0,0,0.0,173,7595.3,115,5063.5,41,1808.4,33,1446.7,19,836.0,411,18084.0,103,4532.0,20,60,25,502,22088.0,25,1100.0,1016,44704.0,48,53,-22,-968.0
2026-08-18,34,CK(STINGER),299307705,A/S,298.0,909.0,0,0.0,1067,317906.4,711,211937.6,254,75692.0,203,60553.6,922,274756.0,2540,756920.0,635,189230.0,124,372,155,3100,923800.0,1223,364454.0,6275,1869950.0,0,332,-437,-130226.0
2026-08-18,34,ON(TELLURIDE),299461843,A/S,131.0,468.0,0,0.0,264,34607.6,176,23071.7,63,8239.9,50,6591.9,192,25152.0,629,82399.0,157,20567.0,31,92,38,767,100477.0,255,33405.0,1553,203443.0,103,113,9,1179.0
2026-08-18,34,CV,335W65576,B,73.0,56.0,0,0.0,738,53869.6,492,35913.1,176,12826.1,141,10260.9,85,6205.0,1757,128261.0,439,32047.0,86,257,107,2144,156512.0,113,8249.0,4340,316820.0,194,213,-95,-6935.0
2026-08-18,34,GN7(GRANDUER),299730297,A/S,97.0,385.0,0,0.0,407,39477.1,271,26318.0,97,9399.3,78,7519.4,301,29197.0,969,93993.0,242,23474.0,47,142,59,1183,114751.0,399,38703.0,2394,232218.0,146,161,3,291.0
2026-08-18,34,TQ(STAREX),299214108,A/S,30.0,76.0,0,0.0,34,1033.2,23,688.8,8,246.0,7,196.8,30,900.0,82,2460.0,21,630.0,4,12,5,100,3000.0,40,1200.0,203,6090.0,11,12,3,90.0
2026-08-18,34,JX1,206224112,A/S,113.0,471.0,0,0.0,153,17275.4,102,11517.0,36,4113.2,29,3290.6,123,13899.0,364,41132.0,91,10283.0,18,53,22,444,50172.0,162,18306.0,899,101587.0,47,52,-67,-7571.0
2026-08-18,34,SM,299326038,A/S,218.0,,0,0.0,52,11353.4,35,7569.0,12,2703.2,10,2162.6,40,8720.0,124,27032.0,31,6758.0,6,18,8,151,32918.0,53,11554.0,306,66708.0,10,11,6,1308.0
2026-08-18,34,ON(TELLURIDE),218W96155,A/S,84.0,,0,0.0,346,29106.0,231,19404.0,82,6930.0,66,5544.0,252,21168.0,825,69300.0,206,17304.0,40,121,50,1007,84588.0,334,28056.0,2038,171192.0,149,164,-15,-1260.0
2026-08-18,34,"SX2(KONA,HMC)",202150989,A/S,,124.0,0,0.0,39,2473.0,26,1648.6,9,588.8,7,471.0,29,1856.0,92,5888.0,23,1472.0,4,13,6,112,7168.0,38,2432.0,227,14528.0,10,11,6,384.0
2026-08-18,34,ON(TELLURIDE),299711680,C,45.0,,0,0.0,885,39803.4,590,26535.6,211,9477.0,168,7581.6,95,4275.0,2106,94770.0,526,23670.0,103,308,128,2570,115650.0,126,5670.0,5202,234090.0,304,334,876,39420.0
2026-08-18,34,VQ,299581986,A/S,31.0,149.0,0,0.0,48,1497.3,32,998.2,12,356.5,9,285.2,35,1085.0,115,3565.0,29,899.0,6,17,7,140,4340.0,46,1426.0,284,8804.0,12,13,23,713.0
2026-08-18,34,NX4-PE(TUCSON),206426988,A,169.0,237.0,0,0.0,1311,221599.6,874,147733.0,312,52761.8,250,42209.4,146,24674.0,3122,527618.0,780,131820.0,152,457,191,3811,644059.0,194,32786.0,7713,1303497.0,347,382,-360,-60840.0
2026-08-18,34,AE(IONIQ),299175100,A/S,117.0,356.0,0,0.0,242,28304.6,161,18869.8,58,6739.2,46,5391.4,175,20475.0,576,67392.0,144,16848.0,28,84,35,703,82251.0,232,27144.0,1423,166491.0,75,82,187,21879.0
2026-08-18,34,VQ,299831987,A/S,49.0,174.0,0,0.0,147,7182.4,98,4788.3,35,1710.1,28,1368.1,117,5733.0,349,17101.0,87,4263.0,17,51,21,426,20874.0,155,7595.0,862,42238.0,41,45,-6,-294.0
2026-08-18,34,SG2,299237177,E,53.0,60.0,0,0.0,769,40780.3,513,27186.9,183,9709.6,147,7767.7,92,4876.0,1832,97096.0,458,24274.0,89,268,112,2236,118508.0,122,6466.0,4526,239878.0,192,211,-207,-10971.0
2026-08-18,34,RESIN,299797250,원재료,80.0,94.0,8332,666560.0,0,0.0,0,0.0,0,0.0,0,0.0,0,0.0,0,0.0,0,0.0,0,0,0,0,0.0,0,0.0,8332,666560.0,0,0,-723,-57840.0
2026-08-18,34,ON(TELLURIDE),299237577,A/S,64.0,280.0,0,0.0,169,10805.8,113,7203.8,40,2572.8,32,2058.2,151,9664.0,402,25728.0,101,6464.0,20,59,25,491,31424.0,200,12800.0,994,63616.0,52,57,-121,-7744.0
2026-08-18,34,"SX2(KONA,HMC)",299202056,A/S,91.0,389.0,0,0.0,59,5389.0,39,3592.7,14,1283.1,11,1026.5,43,3913.0,141,12831.0,35,3185.0,7,21,9,172,15652.0,57,5187.0,348,31668.0,19,21,37,3367.0
2026-08-18,34,MX5(SANTAFE),439W12331,A/S,54.0,173.0,0,0.0,333,18007.9,222,12005.3,79,4287.6,64,3430.1,244,13176.0,794,42876.0,198,10692.0,39,116,48,969,52326.0,324,17496.0,1961,105894.0,107,118,-79,-4266.0
2026-08-18,34,HG(GRANDUER),299938284,A/S,61.0,170.0,0,0.0,196,11938.9,130,7959.3,47,2842.6,37,2274.1,167,10187.0,466,28426.0,117,7137.0,23,68,28,569,34709.0,222,13542.0,1152,70272.0,61,67,28,1708.0
2026-08-18,34,CV,299208749,A/S,182.0,769.0,0,0.0,378,68719.6,252,45813.0,90,16361.8,72,13089.4,264,48048.0,899,163618.0,225,40950.0,44,132,55,1097,199654.0,350,63700.0,2221,404222.0,144,158,144,26208.0
2026-08-18,34,TQ(STAREX),202902965,B,63.0,,0,0.0,318,20056.7,212,13371.1,76,4775.4,61,3820.3,39,2457.0,758,47754.0,189,11907.0,37,111,46,925,58275.0,52,3276.0,1872,117936.0,127,140,-115,-7245.0
2026-08-18,34,GN7(GRANDUER),299983547,A/S,56.0,,0,0.0,117,6538.6,78,4359.0,28,1556.8,22,1245.4,83,4648.0,278,15568.0,70,3920.0,14,41,17,340,19040.0,110,6160.0,688,38528.0,30,33,24,1344.0
2026-08-18,34,JB,202926094,A,228.0,238.0,0,0.0,4491,1023865.9,2994,682577.3,1069,243777.6,855,195022.1,458,104424.0,10692,2437776.0,2673,609444.0,522,1566,653,13051,2975628.0,607,138396.0,26416,6022848.0,1549,1704,1354,308712.0
2026-08-18,34,DH(G80),299301200,A/S,93.0,357.0,0,0.0,304,28279.4,203,18853.0,72,6733.2,58,5386.6,259,24087.0,724,67332.0,181,16833.0,35,106,44,884,82212.0,343,31899.0,1789,166377.0,81,89,-131,-12183.0
2026-08-18,34,AE-PE(IONIQ),299122132,A/S,33.0,128.0,0,0.0,84,2772.0,56,1848.0,20,660.0,16,528.0,74,2442.0,200,6600.0,50,1650.0,10,29,12,244,8052.0,98,3234.0,494,16302.0,28,31,-42,-1386.0
2026-08-18,34,RESIN,299883005,원재료,55.0,,11527,633985.0,0,0.0,0,0.0,0,0.0,0,0.0,0,0.0,0,0.0,0,0.0,0,0,0,0,0.0,0,0.0,11527,633985.0,0,0,-507,-27885.0
2026-08-18,34,CN7(AVANTE),202409305,A/S,191.0,619.0,0,0.0,341,65058.4,227,43372.3,81,15490.1,65,12392.1,218,41638.0,811,154901.0,203,38773.0,40,119,50,990,189090.0,288,55008.0,2004,382764.0,141,155,142,27122.0
2026-08-18,34,YP(CARNIVAL),299712162,A/S,66.0,208.0,0,0.0,45,2993.8,30,1995.8,11,712.8,9,570.2,38,2508.0,108,7128.0,27,1782.0,5,16,7,132,8712.0,51,3366.0,267,17622.0,18,20,-22,-1452.0
2026-08-18,34,EG,202786408,A/S,65.0,,0,0.0,244,15888.6,163,10592.4,58,3783.0,47,3026.4,200,13000.0,582,37830.0,146,9490.0,28,85,36,1351,87808.5,265,17225.0,2079,135128.5,18,57,-97,-6305.0
2026-08-18,34,AE-PE(IONIQ),202556688,A/S,143.0,,0,0.0,119,16997.0,79,11331.3,28,4046.9,23,3237.5,95,13585.0,283,40469.0,71,10153.0,14,41,17,345,49335.0,126,18018.0,699,99957.0,41,45,45,6435.0
2026-08-18,34,JX1,299575400,A/S,66.0,235.0,0,0.0,117,7733.9,78,5155.9,28,1841.4,22,1473.1,91,6006.0,279,18414.0,70,4620.0,14,41,17,340,22440.0,121,7986.0,689,45474.0,47,52,34,2244.0
2026-08-18,34,DN8(SONATA),197W90371,A/S,,151.0,0,0.0,47,3037.4,32,2025.0,11,723.2,9,578.6,41,2624.0,113,7232.0,28,1792.0,6,17,7,138,8832.0,54,3456.0,279,17856.0,19,21,-49,-3136.0
2026-08-18,34,EG,201701358,A/S,38.0,,0,0.0,40,1516.2,27,1010.8,10,361.0,8,288.8,35,1330.0,95,3610.0,24,912.0,5,14,6,116,4408.0,46,1748.0,235,8930.0,17,19,-26,-988.0
2026-08-18,34,OS(KONA),299549110,A/S,102.0,393.0,0,0.0,627,63960.1,418,42640.1,149,15228.6,119,12182.9,446,45492.0,1493,152286.0,373,38046.0,73,219,91,1822,185844.0,592,60384.0,3688,376176.0,250,275,140,14280.0
2026-08-18,34,TM,299464379,A/S,118.0,,0,0.0,77,9119.0,52,6079.4,18,2171.2,15,1737.0,62,7316.0,184,21712.0,46,5428.0,9,27,11,225,26550.0,83,9794.0,455,53690.0,25,28,3,354.0
2026-08-18,34,DN8(SONATA),206690269,A/S,26.0,80.0,0,0.0,53,1375.9,35,917.3,13,327.6,10,262.1,39,1014.0,126,3276.0,31,806.0,6,18,8,154,4004.0,51,1326.0,311,8086.0,17,19,32,832.0
2026-08-18,34,GN7(GRANDUER),299897299,A/S,,70.0,0,0.0,10,645.1,7,430.1,2,153.6,2,122.9,8,512.0,24,1536.0,6,384.0,1,3,1,29,1856.0,11,704.0,59,3776.0,4,4,0,0.0
2026-08-18,34,OS(KONA),CA6253905D,A/S,40.0,,0,0.0,67,2671.2,45,1780.8,16,636.0,13,508.8,51,2040.0,159,6360.0,40,1600.0,8,23,10,193,7720.0,68,2720.0,392,15680.0,28,31,9,360.0
2026-08-18,34,GN7(GRANDUER),206617384,A/S,61.0,264.0,0,0.0,266,16243.1,178,10828.7,63,3867.4,51,3093.9,196,11956.0,634,38674.0,159,9699.0,31,93,39,774,47214.0,260,15860.0,1567,95587.0,100,110,79,4819.0
2026-08-18,34,HG(GRANDUER),299108823,A/S,116.0,437.0,0,0.0,173,20023.9,115,13349.3,41,4767.6,33,3814.1,134,15544.0,411,47676.0,103,11948.0,20,60,25,502,58232.0,177,20532.0,1016,117856.0,52,57,-27,-3132.0
2026-08-18,34,LX2(PALISADE),299842392,A/S,85.0,282.0,0,0.0,120,10174.5,80,6783.0,28,2422.5,23,1938.0,89,7565.0,285,24225.0,71,6035.0,14,42,17,348,29580.0,118,10030.0,704,59840.0,52,57,-15,-1275.0
2026-08-18,34,TM,299134383,A/S,18.0,70.0,0,0.0,6,113.4,4,75.6,2,27.0,1,21.6,5,90.0,15,270.0,4,72.0,1,2,1,18,324.0,7,126.0,37,666.0,2,2,-2,-36.0
2026-08-18,34,AE(IONIQ),299210630,A/S,262.0,,0,0.0,1285,336722.4,857,224481.6,306,80172.0,245,64137.6,1061,277982.0,3060,801720.0,765,200430.0,149,448,187,3735,978570.0,1406,368372.0,7560,1980720.0,333,366,364,95368.0
2026-08-18,34,CV,201770882,A/S,35.0,,0,0.0,117,4101.3,78,2734.2,28,976.5,22,781.2,94,3290.0,279,9765.0,70,2450.0,14,41,17,341,11935.0,124,4340.0,690,24150.0,45,50,110,3850.0
2026-08-18,34,NX4-PE(TUCSON),299878856,A/S,81.0,,0,0.0,3,272.2,2,181.4,1,64.8,1,51.8,2,162.0,8,648.0,2,162.0,0,1,0,10,810.0,3,243.0,20,1620.0,1,1,0,0.0
2026-08-18,34,LX2(PALISADE),206673393,A/S,99.0,303.0,0,0.0,54,5363.8,36,3575.9,13,1277.1,10,1021.7,40,3960.0,129,12771.0,32,3168.0,6,19,8,157,15543.0,53,5247.0,318,31482.0,16,18,36,3564.0
2026-08-18,34,QL(TUCSON),299555007,A/S,25.0,120.0,0,0.0,57,1428.0,38,952.0,14,340.0,11,272.0,48,1200.0,136,3400.0,34,850.0,7,20,8,165,4125.0,64,1600.0,335,8375.0,13,14,42,1050.0
2026-08-18,34,CN7(AVANTE),206359357,E,51.0,48.0,0,0.0,651,33201.0,434,22134.0,155,7905.0,124,6324.0,77,3927.0,1550,79050.0,388,19788.0,76,227,95,1892,96492.0,102,5202.0,3830,195330.0,225,248,302,15402.0
2026-08-18,34,DN8(SONATA),299688564,A/S,135.0,,0,0.0,56,7541.1,37,5027.4,13,1795.5,11,1436.4,47,6345.0,133,17955.0,33,4455.0,7,20,8,163,22005.0,62,8370.0,329,44415.0,24,26,-37,-4995.0
2026-08-18,34,HG(GRANDUER),299512190,A/S,6.0,,0,0.0,22,133.6,15,89.0,5,31.8,4,25.4,18,108.0,53,318.0,13,78.0,3,8,3,65,390.0,24,144.0,131,786.0,4,4,10,60.0
2026-08-18,34,AD-100,CA3520564A,A/S,248.0,906.0,0,0.0,131,32393.8,87,21595.8,31,7712.8,25,6170.2,100,24800.0,311,77128.0,78,19344.0,15,46,19,380,94240.0,133,32984.0,769,190712.0,52,57,-130,-32240.0
2026-08-18,34,QL(TUCSON),299513677,A/S,67.0,243.0,0,0.0,258,17278.0,172,11518.6,61,4113.8,49,3291.0,198,13266.0,614,41138.0,153,10251.0,30,90,37,749,50183.0,262,17554.0,1516,101572.0,109,120,-67,-4489.0
2026-08-18,34,CK(STINGER),206189287,A/S,347.0,1274.0,0,0.0,719,249361.1,479,166240.8,171,59371.7,137,47497.4,496,172112.0,1711,593717.0,428,148516.0,84,251,104,2089,724883.0,658,228326.0,4228,1467116.0,214,235,66,22902.0
2026-08-18,34,ON(TELLURIDE),735W21908,E,30.0,,0,0.0,313,9399.6,209,6266.4,75,2238.0,60,1790.4,36,1080.0,746,22380.0,187,5610.0,36,109,46,911,27330.0,47,1410.0,1844,55320.0,96,106,-28,-840.0
2026-08-18,34,RG3(K9),299605070,A/S,59.0,203.0,0,0.0,58,3394.9,38,2263.2,14,808.3,11,646.6,51,3009.0,137,8083.0,34,2006.0,7,20,8,167,9853.0,67,3953.0,338,19942.0,0,21,12,708.0
2026-08-18,34,GN7(GRANDUER),206713876,A/S,194.0,,0,0.0,369,71539.4,246,47693.0,88,17033.2,70,13626.6,260,50440.0,878,170332.0,219,42486.0,43,129,54,1072,207968.0,344,66736.0,2169,420786.0,125,138,1,194.0
2026-08-18,34,SG2,206149192,A/S,85.0,,0,0.0,274,23312.1,183,15541.4,65,5550.5,52,4440.4,216,18360.0,653,55505.0,163,13855.0,32,96,40,797,67745.0,286,24310.0,1613,137105.0,101,111,-59,-5015.0
2026-08-18,34,TQ(STAREX),299560208,A/S,17.0,,0,0.0,2,28.6,1,19.0,0,6.8,0,5.4,2,34.0,4,68.0,1,17.0,0,1,0,5,85.0,2,34.0,10,170.0,1,1,-2,-34.0
2026-08-18,34,YP(CARNIVAL),206602375,A/S,53.0,150.0,0,0.0,37,1958.9,25,1305.9,9,466.4,7,373.1,29,1537.0,88,4664.0,22,1166.0,4,13,5,107,5671.0,39,2067.0,217,11501.0,13,14,21,1113.0
2026-08-18,34,PAINT,299822002,원재료,126.0,171.0,5648,711648.0,0,0.0,0,0.0,0,0.0,0,0.0,0,0.0,0,0.0,0,0.0,0,0,0,0,0.0,0,0.0,5648,711648.0,0,0,52,6552.0
2026-08-18,34,LX2(PALISADE),202761892,A/S,29.0,93.0,0,0.0,30,864.8,20,576.5,7,205.9,6,164.7,25,725.0,71,2059.0,18,522.0,3,10,4,87,2523.0,33,957.0,176,5104.0,13,14,1,29.0
2026-08-18,34,MX5(SANTAFE),299660996,A/S,41.0,174.0,0,0.0,52,2118.1,34,1412.0,12,504.3,10,403.4,43,1763.0,123,5043.0,31,1271.0,6,18,8,151,6191.0,58,2378.0,305,12505.0,16,18,-22,-902.0
2026-08-18,34,CV,299987801,A/S,105.0,373.0,0,0.0,395,41498.1,263,27665.4,94,9880.5,75,7904.4,286,30030.0,941,98805.0,235,24675.0,46,138,57,1149,120645.0,379,39795.0,2325,244125.0,115,127,23,2415.0
2026-08-18,34,CK(STINGER),299936825,A/S,31.0,109.0,0,0.0,18,559.9,12,373.2,4,133.3,3,106.6,17,527.0,43,1333.0,11,341.0,2,6,3,53,1643.0,22,682.0,107,3317.0,5,6,-11,-341.0
2026-08-18,34,M-300,299266760,A/S,67.0,,0,0.0,105,7035.0,70,4690.0,25,1675.0,20,1340.0,81,5427.0,250,16750.0,63,4221.0,12,37,15,305,20435.0,108,7236.0,618,41406.0,31,34,-63,-4221.0
2026-08-18,34,M-300,299287624,D,42.0,53.0,0,0.0,424,17816.4,283,11877.6,101,4242.0,81,3393.6,51,2142.0,1010,42420.0,253,10626.0,49,148,62,1233,51786.0,68,2856.0,2496,104832.0,152,167,-68,-2856.0
2026-08-18,34,CK(STINGER),299292221,A/S,111.0,460.0,0,0.0,112,12400.9,74,8267.3,27,2952.6,21,2362.1,79,8769.0,266,29526.0,67,7437.0,13,39,16,325,36075.0,105,11655.0,658,73038.0,51,56,31,3441.0
2026-08-18,34,CV,299119113,A/S,37.0,,0,0.0,117,4320.1,78,2880.1,28,1028.6,22,822.9,92,3404.0,278,10286.0,69,2553.0,14,41,17,339,12543.0,122,4514.0,686,25382.0,43,47,-38,-1406.0
2026-08-18,34,AE(IONIQ),299336569,E,63.0,,0,0.0,444,27941.8,296,18627.8,106,6652.8,84,5322.2,49,3087.0,1056,66528.0,264,16632.0,52,155,64,1288,81144.0,65,4095.0,2608,164304.0,152,167,37,2331.0
2026-08-18,34,AE-PE(IONIQ),299626644,A/S,74.0,334.0,0,0.0,167,12338.8,111,8225.8,40,2937.8,32,2350.2,134,9916.0,397,29378.0,99,7326.0,19,58,24,484,35816.0,177,13098.0,980,72520.0,48,53,-16,-1184.0
2026-08-18,34,M-300,299545759,E,27.0,33.0,0,0.0,205,5533.9,137,3689.3,49,1317.6,39,1054.1,23,621.0,488,13176.0,122,3294.0,24,71,30,595,16065.0,31,837.0,1205,32535.0,82,90,12,324.0
2026-08-18,34,TQ(STAREX),299359312,A/S,121.0,,0,0.0,283,34252.7,189,22835.1,67,8155.4,54,6524.3,220,26620.0,674,81554.0,168,20328.0,33,99,41,822,99462.0,292,35332.0,1664,201344.0,0,138,-9,-1089.0
2026-08-18,34,PAINT,623W24242,원재료,73.0,98.0,2345,171185.0,0,0.0,0,0.0,0,0.0,0,0.0,0,0.0,0,0.0,0,0.0,0,0,0,0,0.0,0,0.0,2345,171185.0,0,0,275,20075.0
2026-08-18,34,EG,206764550,A/S,,69.0,0,0.0,17,1075.2,11,716.8,4,256.0,3,204.8,13,832.0,40,2560.0,10,640.0,2,6,2,48,3072.0,18,1152.0,98,6272.0,6,7,-4,-256.0
2026-08-18,34,"SX2(KONA,HMC)",206594362,A/S,78.0,304.0,0,0.0,234,18214.6,156,12143.0,56,4336.8,44,3469.4,177,13806.0,556,43368.0,139,10842.0,27,81,34,679,52962.0,234,18252.0,1374,107172.0,62,68,23,1794.0
2026-08-18,34,M-300,299942336,A/S,335.0,,0,0.0,387,129584.7,258,86389.8,92,30853.5,74,24682.8,300,100500.0,921,308535.0,230,77050.0,45,135,56,1124,376540.0,398,133330.0,2275,762125.0,62,68,11,3685.0
2026-08-18,34,EG,206123080,A/S,57.0,,0,0.0,84,4788.0,56,3192.0,20,1140.0,16,912.0,67,3819.0,200,11400.0,50,2850.0,10,29,12,244,13908.0,89,5073.0,494,28158.0,29,32,-3,-171.0
2026-08-18,34,RG3(K9),299443359,A/S,69.0,268.0,0,0.0,418,28835.1,279,19223.4,100,6865.5,80,5492.4,301,20769.0,995,68655.0,249,17181.0,49,146,61,1215,83835.0,400,27600.0,2459,169671.0,95,105,-6,-414.0
2026-08-18,34,PAINT,299295064,원재료,169.0,246.0,48188,8143772.0,0,0.0,0,0.0,0,0.0,0,0.0,0,0.0,0,0.0,0,0.0,0,0,0,0,0.0,0,0.0,48188,8143772.0,0,0,380,64220.0
2026-08-18,34,GN7(GRANDUER),299728694,A/S,71.0,,0,0.0,110,7783.0,73,5188.7,26,1853.1,21,1482.5,93,6603.0,261,18531.0,65,4615.0,13,38,16,318,22578.0,123,8733.0,644,45724.0,26,29,20,1420.0
2026-08-18,34,PAINT,CA5037668C,원재료,26.0,33.0,1745,45370.0,0,0.0,0,0.0,0,0.0,0,0.0,0,0.0,0,0.0,0,0.0,0,0,0,0,0.0,0,0.0,1745,45370.0,0,0,183,4758.0
2026-08-18,34,HG(GRANDUER),299922889,A/S,29.0,115.0,0,0.0,30,864.8,20,576.5,7,205.9,6,164.7,22,638.0,71,2059.0,18,522.0,3,10,4,87,2523.0,29,841.0,176,5104.0,10,11,10,290.0
2026-08-18,34,ON(TELLURIDE),CA5914984B,A/S,102.0,,0,0.0,585,59633.3,390,39755.5,139,14198.4,111,11358.7,465,47430.0,1392,141984.0,348,35496.0,68,204,85,1699,173298.0,616,62832.0,3439,350778.0,180,198,79,8058.0
2026-08-18,34,MX5(SANTAFE),202314677,A/S,168.0,577.0,0,0.0,602,101183.0,402,67455.4,143,24091.2,115,19273.0,468,78624.0,1434,240912.0,359,60312.0,70,210,88,1751,294168.0,620,104160.0,3544,595392.0,210,231,-257,-43176.0
2026-08-18,34,YP(CARNIVAL),202561017,A/S,25.0,74.0,0,0.0,54,1354.5,36,903.0,13,322.5,10,258.0,42,1050.0,129,3225.0,32,800.0,6,19,8,157,3925.0,56,1400.0,318,7950.0,21,23,22,550.0
2026-08-18,34,PAINT,299981753,원재료,88.0,108.0,2706,238128.0,0,0.0,0,0.0,0,0.0,0,0.0,0,0.0,0,0.0,0,0.0,0,0,0,0,0.0,0,0.0,2706,238128.0,0,0,164,14432.0
2026-08-18,34,AD-100,206925070,A/S,67.0,278.0,0,0.0,252,16884.0,168,11256.0,60,4020.0,48,3216.0,209,14003.0,600,40200.0,150,10050.0,29,88,37,732,49044.0,277,18559.0,1482,99294.0,64,70,14,938.0
2026-08-18,34,TQ(STAREX),206195696,B,36.0,44.0,0,0.0,156,5624.6,104,3749.8,37,1339.2,30,1071.4,20,720.0,372,13392.0,93,3348.0,18,54,23,454,16344.0,26,936.0,919,33084.0,44,48,-27,-972.0
2026-08-18,34,YP(CARNIVAL),299425042,A/S,89.0,,0,0.0,315,28072.4,210,18714.9,75,6683.9,60,5347.1,294,26166.0,751,66839.0,188,16732.0,37,110,46,916,81524.0,390,34710.0,1855,165095.0,119,131,-387,-34443.0
2026-08-18,34,JB,299505920,A/S,43.0,188.0,0,0.0,33,1426.7,22,951.2,8,339.7,6,271.8,29,1247.0,79,3397.0,20,860.0,4,12,5,96,4128.0,38,1634.0,195,8385.0,14,15,5,215.0
2026-08-18,34,JB,299701048,A/S,128.0,,0,0.0,236,30213.1,157,20142.1,56,7193.6,45,5754.9,195,24960.0,562,71936.0,140,17920.0,27,82,34,685,87680.0,258,33024.0,1387,177536.0,98,108,11,1408.0
2026-08-18,34,CN7(AVANTE),CA2246603E,A/S,,225.0,0,0.0,312,19971.8,208,13314.6,74,4755.2,59,3804.2,223,14272.0,743,47552.0,186,11904.0,36,109,45,907,58048.0,296,18944.0,1836,117504.0,123,135,117,7488.0
2026-08-18,34,AE(IONIQ),201998735,A/S,74.0,335.0,0,0.0,142,10474.0,94,6982.6,34,2493.8,27,1995.0,110,8140.0,337,24938.0,84,6216.0,16,49,21,783,57927.2,147,10878.0,1204,89081.2,19,61,-32,-2368.0
2026-08-18,34,AD-100,206788183,A/S,68.0,,0,0.0,106,7225.7,71,4817.1,25,1720.4,20,1376.3,89,6052.0,253,17204.0,63,4284.0,12,37,15,308,20944.0,118,8024.0,624,42432.0,47,52,11,748.0
2026-08-18,34,OS(KONA),299497993,A/S,110.0,550.0,0,0.0,40,4435.2,27,2956.8,10,1056.0,8,844.8,29,3190.0,96,10560.0,24,2640.0,5,14,6,117,12870.0,39,4290.0,237,26070.0,8,9,-1,-110.0
2026-08-18,34,AD-100,299952018,A/S,315.0,1207.0,0,0.0,769,242373.6,513,161582.4,183,57708.0,147,46166.4,573,180495.0,1832,577080.0,458,144270.0,89,268,112,2236,704340.0,759,239085.0,4526,1425690.0,231,254,-203,-63945.0
2026-08-18,34,DH(G80),202689751,D,52.0,69.0,0,0.0,146,7578.5,97,5052.3,35,1804.4,28,1443.5,16,832.0,347,18044.0,87,4524.0,17,51,21,424,22048.0,21,1092.0,858,44616.0,59,65,43,2236.0
2026-08-18,34,HG(GRANDUER),202791391,E,18.0,,0,0.0,250,4498.2,167,2998.8,60,1071.0,48,856.8,32,576.0,595,10710.0,149,2682.0,29,87,36,726,13068.0,42,756.0,1470,26460.0,0,97,-159,-2862.0
2026-08-18,34,MX5(SANTAFE),206384372,A/S,99.0,,0,0.0,1000,99043.6,667,66029.0,238,23581.8,191,18865.4,811,80289.0,2382,235818.0,595,58905.0,116,349,145,2907,287793.0,1075,106425.0,5884,582516.0,322,354,-221,-21879.0
2026-08-18,34,CV,CA2992560E,A/S,35.0,,0,0.0,20,705.6,13,470.4,5,168.0,4,134.4,15,525.0,48,1680.0,12,420.0,2,7,3,59,2065.0,19,665.0,119,4165.0,8,9,13,455.0
2026-08-18,34,QL(TUCSON),299252084,A/S,95.0,400.0,0,0.0,839,79680.3,559,53120.2,200,18971.5,160,15177.2,648,61560.0,1997,189715.0,499,47405.0,97,292,122,2437,231515.0,859,81605.0,4933,468635.0,275,302,44,4180.0
2026-08-18,34,RESIN,206814086,원재료,69.0,81.0,7279,502251.0,0,0.0,0,0.0,0,0.0,0,0.0,0,0.0,0,0.0,0,0.0,0,0,0,0,0.0,0,0.0,7279,502251.0,0,0,-414,-28566.0
2026-08-18,34,HG(GRANDUER),299117515,A/S,102.0,,0,0.0,1174,119737.8,783,79825.2,280,28509.0,224,22807.2,866,88332.0,2795,285090.0,699,71298.0,136,409,171,3411,347922.0,1148,117096.0,6905,704310.0,415,457,156,15912.0
2026-08-18,34,CK(STINGER),CA8078486A,C,85.0,,0,0.0,1914,162649.2,1276,108432.8,456,38726.0,364,30980.8,235,19975.0,4556,387260.0,1139,96815.0,222,667,278,5561,472685.0,312,26520.0,11256,956760.0,795,875,-1663,-141355.0
2026-08-18,34,VQ,299947773,A/S,130.0,,0,0.0,131,17089.8,88,11393.2,31,4069.0,25,3255.2,96,12480.0,313,40690.0,78,10140.0,15,46,19,383,49790.0,127,16510.0,774,100620.0,40,44,-12,-1560.0
2026-08-18,34,CK(STINGER),299302690,A/S,163.0,,0,0.0,525,85506.5,350,57004.4,125,20358.7,100,16287.0,420,68460.0,1249,203587.0,312,50856.0,61,183,76,1524,248412.0,557,90791.0,3085,502855.0,147,162,-231,-37653.0
2026-08-18,34,M-300,299221904,A/S,,,0,0.0,259,16558.1,172,11038.7,62,3942.4,49,3153.9,215,13760.0,616,39424.0,154,9856.0,30,90,38,752,48128.0,284,18176.0,1522,97408.0,91,100,59,3776.0
2026-08-18,34,JB,299779698,C,182.0,,0,0.0,965,175659.1,643,117106.1,230,41823.6,184,33458.9,111,20202.0,2298,418236.0,575,104650.0,112,337,140,2806,510692.0,147,26754.0,5679,1033578.0,290,319,-473,-86086.0
2026-08-18,34,GN7(GRANDUER),202700247,A/S,98.0,330.0,0,0.0,265,25972.0,177,17314.6,63,6183.8,50,4947.0,211,20678.0,631,61838.0,158,15484.0,31,92,38,770,75460.0,280,27440.0,1559,152782.0,88,97,-67,-6566.0
2026-08-18,34,NX4-PE(TUCSON),299152499,A/S,95.0,372.0,0,0.0,123,11730.6,82,7820.4,29,2793.0,24,2234.4,101,9595.0,294,27930.0,74,7030.0,14,43,18,359,34105.0,134,12730.0,727,69065.0,44,48,-28,-2660.0
2026-08-18,34,DN8(SONATA),299133314,E,324.0,,0,0.0,1444,467707.0,962,311804.6,344,111358.8,275,89087.0,173,56052.0,3437,1113588.0,859,278316.0,168,504,210,4196,1359504.0,230,74520.0,8492,2751408.0,657,723,7,2268.0
2026-08-18,34,OS(KONA),299434032,D,114.0,,0,0.0,823,93844.8,549,62563.2,196,22344.0,157,17875.2,99,11286.0,1960,223440.0,490,55860.0,96,287,120,2392,272688.0,132,15048.0,4842,551988.0,256,282,118,13452.0
2026-08-18,34,DH(G80),299140258,A/S,33.0,,0,0.0,65,2148.3,43,1432.2,16,511.5,12,409.2,48,1584.0,155,5115.0,39,1287.0,8,23,9,189,6237.0,64,2112.0,383,12639.0,16,18,-39,-1287.0
2026-08-18,34,PAINT,299550451,원재료,34.0,,3949,134266.0,0,0.0,0,0.0,0,0.0,0,0.0,0,0.0,0,0.0,0,0.0,0,0,0,0,0.0,0,0.0,3949,134266.0,0,0,139,4726.0
2026-08-18,34,PAINT,299693087,원재료,144.0,,4389,632016.0,0,0.0,0,0.0,0,0.0,0,0.0,0,0.0,0,0.0,0,0.0,0,0,0,0,0.0,0,0.0,4389,632016.0,0,0,-264,-38016.0
2026-08-18,34,QL(TUCSON),299960797,A/S,17.0,45.0,0,0.0,9,157.1,6,104.7,2,37.4,2,29.9,7,119.0,22,374.0,5,85.0,1,3,1,26,442.0,9,153.0,53,901.0,2,2,1,17.0
2026-08-18,34,JB,202391905,A/S,73.0,258.0,0,0.0,179,13061.2,119,8707.4,43,3109.8,34,2487.8,141,10293.0,426,31098.0,107,7811.0,21,62,26,520,37960.0,187,13651.0,1053,76869.0,46,51,25,1825.0
2026-08-18,34,M-300,299401242,E,24.0,,0,0.0,84,2016.0,56,1344.0,20,480.0,16,384.0,10,240.0,200,4800.0,50,1200.0,10,29,12,244,5856.0,13,312.0,494,11856.0,28,31,10,240.0
2026-08-18,34,CV,299943940,A/S,45.0,,0,0.0,281,12663.0,188,8442.0,67,3015.0,54,2412.0,248,11160.0,670,30150.0,168,7560.0,33,98,41,818,36810.0,329,14805.0,1656,74520.0,96,106,11,495.0
2026-08-18,34,SP2(SORENTO),299904793,E,94.0,,0,0.0,3984,374467.8,2656,249645.2,948,89159.0,759,71327.2,472,44368.0,9485,891590.0,2371,222874.0,463,1389,579,11578,1088332.0,626,58844.0,23434,2202796.0,1408,1549,1527,143538.0
2026-08-18,34,VQ,299595800,A/S,55.0,279.0,0,0.0,216,11896.5,144,7931.0,52,2832.5,41,2266.0,174,9570.0,515,28325.0,129,7095.0,25,75,31,628,34540.0,231,12705.0,1272,69960.0,89,98,-82,-4510.0
2026-08-18,34,DN8(SONATA),299613881,A/S,14.0,42.0,0,0.0,56,782.0,37,521.4,13,186.2,11,149.0,44,616.0,133,1862.0,33,462.0,6,19,8,162,2268.0,58,812.0,328,4592.0,17,19,24,336.0
2026-08-18,34,OS(KONA),299666432,A/S,95.0,,0,0.0,562,53346.3,374,35564.2,134,12701.5,107,10161.2,442,41990.0,1337,127015.0,334,31730.0,65,196,82,1632,155040.0,586,55670.0,3303,313785.0,169,186,-102,-9690.0
2026-08-18,34,AE(IONIQ),299733351,,,,0,0.0,191,12203.5,127,8135.7,45,2905.6,36,2324.5,157,10048.0,454,29056.0,113,7232.0,22,66,28,554,35456.0,208,13312.0,1121,71744.0,64,70,44,2816.0
2026-08-18,34,SG2,299355295,A/S,57.0,210.0,0,0.0,284,16183.4,189,10789.0,68,3853.2,54,3082.6,230,13110.0,676,38532.0,169,9633.0,33,99,41,825,47025.0,305,17385.0,1670,95190.0,83,91,136,7752.0
2026-08-18,34,TM,299948237,A/S,19.0,90.0,0,0.0,132,2505.7,88,1670.5,31,596.6,25,477.3,117,2223.0,314,5966.0,79,1501.0,15,46,19,383,7277.0,155,2945.0,776,14744.0,28,31,-42,-798.0
2026-08-18,34,NX4-PE(TUCSON),299313044,A/S,72.0,347.0,0,0.0,160,11551.7,107,7701.1,38,2750.4,31,2200.3,121,8712.0,382,27504.0,96,6912.0,19,56,23,467,33624.0,161,11592.0,945,68040.0,52,57,30,2160.0
2026-08-18,34,DH(G80),201652705,A/S,13.0,52.0,0,0.0,22,289.4,15,192.9,5,68.9,4,55.1,21,273.0,53,689.0,13,169.0,3,8,3,65,845.0,28,364.0,131,1703.0,9,10,-3,-39.0
2026-08-18,34,QL(TUCSON),299754886,C,119.0,119.0,0,0.0,1228,146141.5,819,97427.7,292,34795.6,234,27836.5,173,20587.0,2924,347956.0,731,86989.0,143,428,178,3569,424711.0,229,27251.0,7224,859656.0,392,431,-850,-101150.0
2026-08-18,34,CN7(AVANTE),830W71042,A/S,38.0,150.0,0,0.0,71,2681.3,47,1787.5,17,638.4,13,510.7,63,2394.0,168,6384.0,42,1596.0,8,25,10,205,7790.0,83,3154.0,415,15770.0,24,26,-26,-988.0
2026-08-18,34,GN7(GRANDUER),299854402,A/S,138.0,,0,0.0,624,86070.6,416,57380.4,148,20493.0,119,16394.4,425,58650.0,1485,204930.0,371,51198.0,73,218,91,1813,250194.0,563,77694.0,3669,506322.0,263,289,302,41676.0
2026-08-18,34,DH(G80),942W18148,A/S,32.0,,0,0.0,33,1048.3,22,698.9,8,249.6,6,199.7,28,896.0,78,2496.0,20,640.0,4,12,5,96,3072.0,36,1152.0,194,6208.0,12,13,-13,-416.0
2026-08-18,34,PAINT,202W85093,원재료,93.0,,11345,1055085.0,0,0.0,0,0.0,0,0.0,0,0.0,0,0.0,0,0.0,0,0.0,0,0,0,0,0.0,0,0.0,11345,1055085.0,0,0,1081,100533.0
2026-08-18,34,MX5(SANTAFE),299442263,A/S,50.0,,0,0.0,56,2793.0,37,1862.0,13,665.0,11,532.0,47,2350.0,133,6650.0,33,1650.0,7,20,8,163,8150.0,63,3150.0,329,16450.0,17,19,8,400.0
2026-08-18,34,RESIN,299334417,원재료,60.0,,8354,501240.0,0,0.0,0,0.0,0,0.0,0,0.0,0,0.0,0,0.0,0,0.0,0,0,0,0,0.0,0,0.0,8354,501240.0,0,0,526,31560.0
2026-08-18,34,YP(CARNIVAL),299702500,A/S,107.0,,0,0.0,76,8179.1,51,5452.7,18,1947.4,15,1557.9,61,6527.0,182,19474.0,46,4922.0,9,27,11,222,23754.0,80,8560.0,450,48150.0,18,20,-27,-2889.0
2026-08-18,34,NX4-PE(TUCSON),316W76723,A/S,26.0,97.0,0,0.0,27,709.8,18,473.2,6,169.0,5,135.2,21,546.0,65,1690.0,16,416.0,3,9,4,79,2054.0,28,728.0,160,4160.0,9,10,9,234.0
2026-08-18,34,OS(KONA),299521254,A/S,44.0,,0,0.0,81,3585.1,54,2390.1,19,853.6,16,682.9,70,3080.0,194,8536.0,49,2156.0,9,28,12,237,10428.0,92,4048.0,480,21120.0,19,21,-39,-1716.0
2026-08-18,34,CV,202345734,D,58.0,,0,0.0,874,50717.5,583,33811.7,208,12075.6,167,9660.5,99,5742.0,2082,120756.0,520,30160.0,102,305,127,2541,147378.0,132,7656.0,5143,298294.0,324,356,637,36946.0
2026-08-18,34,ON(TELLURIDE),299790536,A/S,11.0,24.0,0,0.0,10,106.3,6,70.8,2,25.3,2,20.2,8,88.0,23,253.0,6,66.0,1,3,1,28,308.0,11,121.0,57,627.0,0,4,0,0.0
2026-08-18,34,DH(G80),299247111,A/S,93.0,360.0,0,0.0,452,42067.6,302,28045.1,108,10016.1,86,8012.9,315,29295.0,1077,100161.0,269,25017.0,53,158,66,1314,122202.0,418,38874.0,2660,247380.0,132,145,21,1953.0
2026-08-18,34,TM,299426170,A/S,82.0,,0,0.0,60,4959.4,40,3306.2,14,1180.8,12,944.6,50,4100.0,144,11808.0,36,2952.0,7,21,9,176,14432.0,66,5412.0,356,29192.0,23,25,8,656.0
2026-08-18,34,EG,299289460,A,51.0,66.0,0,0.0,424,21634.2,283,14422.8,101,5151.0,81,4120.8,53,2703.0,1010,51510.0,253,12903.0,49,148,62,1233,62883.0,70,3570.0,2496,127296.0,150,165,-165,-8415.0
2026-08-18,34,CV,299449806,A/S,84.0,277.0,0,0.0,394,33127.9,263,22085.3,94,7887.6,75,6310.1,296,24864.0,939,78876.0,235,19740.0,46,138,57,1146,96264.0,392,32928.0,2320,194880.0,100,110,117,9828.0
2026-08-18,34,JX1,206277085,A/S,45.0,,0,0.0,64,2872.8,43,1915.2,15,684.0,12,547.2,49,2205.0,152,6840.0,38,1710.0,7,22,9,185,8325.0,64,2880.0,375,16875.0,18,20,17,765.0
2026-08-18,34,CV,299606570,A/S,37.0,142.0,0,0.0,101,3745.1,67,2496.8,24,891.7,19,713.4,81,2997.0,241,8917.0,60,2220.0,12,35,15,294,10878.0,107,3959.0,595,22015.0,40,44,-15,-555.0
2026-08-18,34,DH(G80),299457123,A/S,67.0,268.0,0,0.0,264,17700.1,176,11800.0,63,4214.3,50,3371.4,217,14539.0,629,42143.0,157,10519.0,31,92,38,767,51389.0,287,19229.0,1553,104051.0,112,123,-44,-2948.0
2026-08-18,34,DH(G80),299662498,A/S,112.0,,0,0.0,137,15382.1,92,10254.7,33,3662.4,26,2929.9,104,11648.0,327,36624.0,82,9184.0,16,48,20,399,44688.0,137,15344.0,808,90496.0,44,48,-37,-4144.0
2026-08-18,34,ON(TELLURIDE),299431281,,17.0,20.0,0,0.0,247,4198.3,165,2798.9,59,999.6,47,799.7,29,493.0,588,9996.0,147,2499.0,29,86,36,717,12189.0,39,663.0,1452,24684.0,94,103,-58,-986.0
2026-08-18,34,DH(G80),299794260,A/S,55.0,266.0,0,0.0,39,2125.2,26,1416.8,9,506.0,7,404.8,30,1650.0,92,5060.0,23,1265.0,5,14,6,113,6215.0,40,2200.0,228,12540.0,20,22,20,1100.0
2026-08-18,34,EG,206849697,A/S,114.0,429.0,0,0.0,209,23796.4,139,15864.2,50,5665.8,40,4532.6,158,18012.0,497,56658.0,124,14136.0,24,73,30,606,69084.0,210,23940.0,1227,139878.0,39,43,47,5358.0
2026-08-18,34,TQ(STAREX),299400589,A/S,65.0,277.0,0,0.0,132,8599.5,88,5733.0,32,2047.5,25,1638.0,102,6630.0,315,20475.0,79,5135.0,15,46,19,385,25025.0,135,8775.0,779,50635.0,39,43,-33,-2145.0
2026-08-18,34,CK(STINGER),299591931,C,,,0,0.0,225,14380.8,150,9587.2,54,3424.0,43,2739.2,28,1792.0,535,34240.0,134,8576.0,26,78,33,653,41792.0,37,2368.0,1322,84608.0,62,68,19,1216.0
2026-08-18,34,DN8(SONATA),206709397,A/S,44.0,,0,0.0,436,19182.2,291,12788.2,104,4567.2,83,3653.8,363,15972.0,1038,45672.0,259,11396.0,51,152,63,1266,55704.0,481,21164.0,2563,112772.0,189,208,3,132.0
2026-08-18,34,VQ,299707255,D,22.0,,0,0.0,139,3067.7,93,2045.1,33,730.4,27,584.3,19,418.0,332,7304.0,83,1826.0,16,49,20,405,8910.0,25,550.0,820,18040.0,46,51,-18,-396.0
2026-08-18,34,TM,299941347,A/S,,137.0,0,0.0,62,3978.2,41,2652.2,15,947.2,12,757.8,47,3008.0,148,9472.0,37,2368.0,7,22,9,180,11520.0,63,4032.0,365,23360.0,24,26,-1,-64.0
2026-08-18,34,OS(KONA),299690189,A/S,27.0,98.0,0,0.0,205,5522.6,136,3681.7,49,1314.9,39,1051.9,166,4482.0,487,13149.0,122,3294.0,24,71,30,594,16038.0,220,5940.0,1203,32481.0,60,66,140,3780.0
2026-08-18,34,VQ,299208124,A/S,17.0,61.0,0,0.0,14,235.6,9,157.1,3,56.1,3,44.9,12,204.0,33,561.0,8,136.0,2,5,2,41,697.0,15,255.0,82,1394.0,4,4,-4,-68.0
2026-08-18,34,ON(TELLURIDE),299534915,A/S,59.0,258.0,0,0.0,303,17891.2,202,11927.4,72,4259.8,58,3407.8,243,14337.0,722,42598.0,180,10620.0,35,106,44,881,51979.0,322,18998.0,1783,105197.0,83,91,-122,-7198.0
2026-08-18,34,PAINT,202385028,원재료,107.0,96.0,2785,297995.0,0,0.0,0,0.0,0,0.0,0,0.0,0,0.0,0,0.0,0,0.0,0,0,0,0,0.0,0,0.0,2785,297995.0,0,0,119,12733.0
2026-08-18,34,JB,299652809,C,26.0,30.0,0,0.0,415,10799.9,277,7199.9,99,2571.4,79,2057.1,49,1274.0,989,25714.0,247,6422.0,48,145,60,1208,31408.0,64,1664.0,2444,63544.0,148,163,57,1482.0
2026-08-18,34,JF(K5),299341600,A/S,135.0,519.0,0,0.0,278,37535.4,185,25023.6,66,8937.0,53,7149.6,189,25515.0,662,89370.0,165,22275.0,32,97,40,808,109080.0,251,33885.0,1635,220725.0,93,102,-134,-18090.0
2026-08-18,34,GN7(GRANDUER),299253862,A/S,85.0,331.0,0,0.0,360,30559.2,240,20372.8,86,7276.0,68,5820.8,260,22100.0,856,72760.0,214,18190.0,42,125,52,1045,88825.0,345,29325.0,2115,179775.0,170,187,350,29750.0
2026-08-18,34,HG(GRANDUER),206990138,D,,39.0,0,0.0,696,44540.2,464,29693.4,166,10604.8,133,8483.8,82,5248.0,1657,106048.0,414,26496.0,81,243,101,2022,129408.0,108,6912.0,4093,261952.0,329,362,-202,-12928.0
2026-08-18,34,LX2(PALISADE),206593259,A/S,418.0,1252.0,0,0.0,575,240166.1,383,160110.7,137,57182.4,109,45745.9,447,186846.0,1368,571824.0,342,142956.0,67,200,84,1670,698060.0,593,247874.0,3380,1412840.0,200,220,-96,-40128.0
2026-08-18,34,OS(KONA),299643458,C,144.0,,0,0.0,951,136926.7,634,91284.5,226,32601.6,181,26081.3,107,15408.0,2264,326016.0,566,81504.0,111,332,138,2763,397872.0,142,20448.0,5593,805392.0,396,436,-186,-26784.0
2026-08-18,34,AD-100,299334514,A/S,43.0,193.0,0,0.0,98,4208.0,65,2805.3,23,1001.9,19,801.5,85,3655.0,233,10019.0,58,2494.0,11,34,14,284,12212.0,112,4816.0,575,24725.0,29,32,-35,-1505.0
2026-08-18,34,EG,206509425,A/S,104.0,307.0,0,0.0,35,3625.4,23,2417.0,8,863.2,7,690.6,29,3016.0,83,8632.0,21,2184.0,4,12,5,101,10504.0,38,3952.0,205,21320.0,12,13,-4,-416.0
2026-08-18,34,M-300,299116837,B,49.0,,0,0.0,295,14447.2,197,9631.4,70,3439.8,56,2751.8,37,1813.0,702,34398.0,176,8624.0,34,103,43,857,41993.0,49,2401.0,1735,85015.0,110,121,-99,-4851.0
2026-08-18,34,GN7(GRANDUER),201895598,E,52.0,65.0,0,0.0,43,2227.7,29,1485.1,10,530.4,8,424.3,5,260.0,102,5304.0,25,1300.0,5,15,6,124,6448.0,7,364.0,251,13052.0,9,10,0,0.0
2026-08-18,34,VQ,299325478,A/S,56.0,212.0,0,0.0,56,3151.7,38,2101.1,13,750.4,11,600.3,46,2576.0,134,7504.0,34,1904.0,7,20,8,164,9184.0,61,3416.0,332,18592.0,18,20,-2,-112.0
2026-08-18,34,M-300,299953672,A/S,150.0,,0,0.0,942,141309.0,628,94206.0,224,33645.0,179,26916.0,697,104550.0,2243,336450.0,561,84150.0,110,329,137,2738,410700.0,924,138600.0,5542,831300.0,454,499,-266,-39900.0
2026-08-18,34,LX2(PALISADE),299368670,A/S,57.0,,0,0.0,160,9097.2,106,6064.8,38,2166.0,30,1732.8,122,6954.0,380,21660.0,95,5415.0,19,56,23,464,26448.0,161,9177.0,939,53523.0,56,62,-20,-1140.0
2026-08-18,34,SP2(SORENTO),299787119,A/S,130.0,,0,0.0,221,28774.2,148,19182.8,53,6851.0,42,5480.8,181,23530.0,527,68510.0,132,17160.0,26,77,32,644,83720.0,240,31200.0,1303,169390.0,97,107,-41,-5330.0
2026-08-18,34,VQ,299965340,A,16.0,,0,0.0,69,1108.8,46,739.2,16,264.0,13,211.2,8,128.0,165,2640.0,41,656.0,8,24,10,202,3232.0,11,176.0,408,6528.0,17,19,37,592.0
2026-08-18,34,DN8(SONATA),299225432,A/S,130.0,388.0,0,0.0,727,94458.0,484,62972.0,173,22490.0,138,17992.0,539,70070.0,1730,224900.0,433,56290.0,84,253,106,2112,274560.0,714,92820.0,4275,555750.0,207,228,-27,-3510.0
2026-08-18,34,MX5(SANTAFE),299780319,A/S,72.0,301.0,0,0.0,360,25915.7,240,17277.1,86,6170.4,69,4936.3,286,20592.0,857,61704.0,214,15408.0,42,126,52,1047,75384.0,379,27288.0,2118,152496.0,124,136,-50,-3600.0
2026-08-18,34,CV,206922151,A/S,72.0,,0,0.0,78,5594.4,52,3729.6,18,1332.0,15,1065.6,52,3744.0,185,13320.0,46,3312.0,9,27,11,225,16200.0,69,4968.0,456,32832.0,25,28,45,3240.0
2026-08-18,34,RG3(K9),299603371,A/S,65.0,255.0,0,0.0,146,9473.1,97,6315.4,35,2255.5,28,1804.4,102,6630.0,347,22555.0,87,5655.0,17,51,21,424,27560.0,135,8775.0,858,55770.0,49,54,6,390.0
2026-08-18,34,"SX2(KONA,HMC)",299590982,D,60.0,,0,0.0,159,9550.8,106,6367.2,38,2274.0,30,1819.2,18,1080.0,379,22740.0,95,5700.0,18,55,23,462,27720.0,24,1440.0,936,56160.0,38,42,19,1140.0
2026-08-18,34,AD-100,299701967,E,161.0,201.0,0,0.0,1274,205091.5,849,136727.6,303,48831.3,243,39065.0,156,25116.0,3033,488313.0,758,122038.0,148,444,185,3702,596022.0,207,33327.0,7493,1206373.0,288,317,-1006,-161966.0
2026-08-18,34,JX1,299390060,A/S,31.0,,0,0.0,79,2434.7,52,1623.2,19,579.7,15,463.8,63,1953.0,187,5797.0,47,1457.0,9,27,11,228,7068.0,84,2604.0,462,14322.0,36,40,-23,-713.0
2026-08-18,34,VQ,780W48145,A/S,,,0,0.0,559,35750.4,372,23833.6,133,8512.0,106,6809.6,471,30144.0,1330,85120.0,333,21312.0,65,195,81,1624,103936.0,624,39936.0,3287,210368.0,104,114,6,384.0
2026-08-18,34,EG,201116999,A/S,59.0,,0,0.0,42,2453.2,28,1635.5,10,584.1,8,467.3,34,2006.0,99,5841.0,25,1475.0,5,15,6,121,7139.0,45,2655.0,245,14455.0,14,15,-20,-1180.0
2026-08-18,34,EG,299191666,A/S,41.0,172.0,0,0.0,87,3547.3,58,2364.9,21,844.6,16,675.7,66,2706.0,206,8446.0,52,2132.0,10,30,13,252,10332.0,88,3608.0,510,20910.0,21,23,34,1394.0
2026-08-18,34,VQ,299426117,A/S,104.0,474.0,0,0.0,42,4368.0,28,2912.0,10,1040.0,8,832.0,33,3432.0,100,10400.0,25,2600.0,5,15,6,122,12688.0,44,4576.0,247,25688.0,0,20,22,2288.0
2026-08-18,34,TM,299878595,A/S,140.0,459.0,0,0.0,609,85318.8,406,56879.2,145,20314.0,116,16251.2,435,60900.0,1451,203140.0,363,50820.0,71,213,89,1771,247940.0,577,80780.0,3585,501900.0,157,173,154,21560.0
2026-08-18,34,"SX2(KONA,HMC)",299187885,A/S,76.0,356.0,0,0.0,230,17492.2,153,11661.4,55,4164.8,44,3331.8,188,14288.0,548,41648.0,137,10412.0,27,80,33,669,50844.0,250,19000.0,1354,102904.0,77,85,-45,-3420.0
2026-08-18,34,RG3(K9),299867034,A/S,13.0,,0,0.0,13,174.7,9,116.5,3,41.6,3,33.3,10,130.0,32,416.0,8,104.0,2,5,2,40,520.0,14,182.0,80,1040.0,4,4,9,117.0
2026-08-18,34,CK(STINGER),299521679,A/S,59.0,262.0,0,0.0,52,3072.7,35,2048.5,12,731.6,10,585.3,40,2360.0,124,7316.0,31,1829.0,6,18,8,151,8909.0,53,3127.0,306,18054.0,21,23,11,649.0
2026-08-18,34,SM,299939461,A/S,88.0,,0,0.0,274,24097.9,183,16065.3,65,5737.6,52,4590.1,194,17072.0,652,57376.0,163,14344.0,32,95,40,795,69960.0,257,22616.0,1610,141680.0,102,112,16,1408.0
2026-08-18,34,VQ,299166120,A/S,65.0,,0,0.0,213,13868.4,142,9245.6,51,3302.0,41,2641.6,168,10920.0,508,33020.0,127,8255.0,25,74,31,620,40300.0,223,14495.0,1255,81575.0,49,54,-6,-390.0
2026-08-18,34,NX4-PE(TUCSON),299509433,A/S,39.0,,0,0.0,25,966.4,17,644.3,6,230.1,5,184.1,22,858.0,59,2301.0,15,585.0,3,9,4,71,2769.0,29,1131.0,145,5655.0,8,9,-6,-234.0
2026-08-18,34,EG,299254596,A/S,48.0,,0,0.0,176,8426.9,117,5617.9,42,2006.4,33,1605.1,129,6192.0,418,20064.0,105,5040.0,20,61,26,510,24480.0,171,8208.0,1033,49584.0,66,73,50,2400.0
2026-08-18,34,JF(K5),299204656,A/S,96.0,,0,0.0,315,30199.7,210,20133.1,75,7190.4,60,5752.3,244,23424.0,749,71904.0,187,17952.0,37,110,46,914,87744.0,323,31008.0,1850,177600.0,109,120,14,1344.0
2026-08-18,34,SM,299683080,A/S,35.0,147.0,0,0.0,74,2587.2,49,1724.8,18,616.0,14,492.8,59,2065.0,176,6160.0,44,1540.0,9,26,11,214,7490.0,78,2730.0,434,15190.0,24,26,-31,-1085.0
2026-08-18,34,GN7(GRANDUER),299551382,A/S,22.0,,0,0.0,81,1774.1,54,1182.7,19,422.4,15,337.9,66,1452.0,192,4224.0,48,1056.0,9,28,12,234,5148.0,88,1936.0,474,10428.0,29,32,-18,-396.0
2026-08-18,34,RG3(K9),299755675,A/S,13.0,,0,0.0,30,393.1,20,262.1,7,93.6,6,74.9,25,325.0,72,936.0,18,234.0,4,11,4,88,1144.0,33,429.0,178,2314.0,12,13,12,156.0
2026-08-18,34,DN8(SONATA),299590030,A/S,,128.0,0,0.0,158,10080.0,105,6720.0,38,2400.0,30,1920.0,130,8320.0,375,24000.0,94,6016.0,18,55,23,457,29248.0,173,11072.0,926,59264.0,64,70,31,1984.0
2026-08-18,34,TQ(STAREX),299506834,A/S,134.0,404.0,0,0.0,89,11987.6,60,7991.8,21,2854.2,17,2283.4,69,9246.0,213,28542.0,53,7102.0,10,31,13,260,34840.0,91,12194.0,526,70484.0,19,21,-42,-5628.0
2026-08-18,34,RESIN,299948995,원재료,78.0,,10521,820638.0,0,0.0,0,0.0,0,0.0,0,0.0,0,0.0,0,0.0,0,0.0,0,0,0,0,0.0,0,0.0,10521,820638.0,0,0,1110,86580.0
2026-08-18,34,M-300,299529308,A/S,51.0,,0,0.0,131,6683.0,87,4455.4,31,1591.2,25,1273.0,91,4641.0,312,15912.0,78,3978.0,15,46,19,381,19431.0,121,6171.0,771,39321.0,35,38,42,2142.0
2026-08-18,34,HG(GRANDUER),299288592,A/S,105.0,,0,0.0,131,13759.2,87,9172.8,31,3276.0,25,2620.8,102,10710.0,312,32760.0,78,8190.0,15,46,19,381,40005.0,135,14175.0,771,80955.0,37,41,10,1050.0
2026-08-18,34,AKZO,299992529,원재료,18.0,17.0,2642,47556.0,0,0.0,0,0.0,0,0.0,0,0.0,0,0.0,0,0.0,0,0.0,0,0,0,0,0.0,0,0.0,2642,47556.0,0,0,207,3726.0
2026-08-18,34,ON(TELLURIDE),299427672,A/S,29.0,,0,0.0,39,1132.7,26,755.2,9,269.7,7,215.8,32,928.0,93,2697.0,23,667.0,5,14,6,113,3277.0,43,1247.0,229,6641.0,17,19,6,174.0
2026-08-18,34,AD-100,206536913,A/S,71.0,292.0,0,0.0,316,22454.5,211,14969.6,75,5346.3,60,4277.0,253,17963.0,753,53463.0,188,13348.0,37,110,46,919,65249.0,335,23785.0,1860,132060.0,110,121,29,2059.0
2026-08-18,34,TM,299696025,A/S,48.0,,0,0.0,139,6693.1,93,4462.1,33,1593.6,27,1274.9,106,5088.0,332,15936.0,83,3984.0,16,49,20,405,19440.0,140,6720.0,820,39360.0,51,56,12,576.0
2026-08-18,34,JF(K5),299975641,A/S,31.0,,0,0.0,18,572.9,12,381.9,4,136.4,4,109.1,16,496.0,44,1364.0,11,341.0,2,6,3,53,1643.0,21,651.0,108,3348.0,7,8,-7,-217.0
2026-08-18,34,AD-100,299245852,A/S,24.0,,0,0.0,149,3578.4,99,2385.6,36,852.0,28,681.6,119,2856.0,355,8520.0,89,2136.0,17,52,22,433,10392.0,157,3768.0,877,21048.0,0,59,-6,-144.0
2026-08-18,34,HG(GRANDUER),299207708,A/S,164.0,521.0,0,0.0,42,6956.9,28,4637.9,10,1656.4,8,1325.1,35,5740.0,101,16564.0,25,4100.0,5,15,6,123,20172.0,46,7544.0,249,40836.0,10,11,-22,-3608.0
2026-08-18,34,MX5(SANTAFE),299164892,A/S,122.0,390.0,0,0.0,992,121080.1,662,80720.1,236,28828.6,189,23062.9,832,101504.0,2363,288286.0,591,72102.0,115,346,144,2884,351848.0,1103,134566.0,5838,712236.0,258,284,-663,-80886.0
2026-08-18,34,NX4-PE(TUCSON),299874347,A/S,113.0,,0,0.0,322,36401.8,215,24267.9,77,8667.1,61,6933.7,247,27911.0,767,86671.0,192,21696.0,37,112,47,936,105768.0,327,36951.0,1895,214135.0,109,120,49,5537.0
2026-08-18,34,YP(CARNIVAL),206755840,E,110.0,,0,0.0,806,88704.0,538,59136.0,192,21120.0,154,16896.0,100,11000.0,1920,211200.0,480,52800.0,94,281,117,2343,257730.0,133,14630.0,4743,521730.0,270,297,33,3630.0
2026-08-18,34,SG2,299469098,C,,33.0,0,0.0,719,45991.7,479,30661.1,171,10950.4,137,8760.3,81,5184.0,1711,109504.0,428,27392.0,84,251,104,2088,133632.0,107,6848.0,4227,270528.0,184,202,-188,-12032.0
2026-08-18,34,PAINT,299552771,원재료,158.0,126.0,35668,5635544.0,0,0.0,0,0.0,0,0.0,0,0.0,0,0.0,0,0.0,0,0.0,0,0,0,0,0.0,0,0.0,35668,5635544.0,0,0,4008,633264.0
2026-08-18,34,RG3(K9),299941826,A/S,186.0,748.0,0,0.0,53,9843.1,35,6562.1,13,2343.6,10,1874.9,36,6696.0,126,23436.0,32,5952.0,6,18,8,154,28644.0,47,8742.0,312,58032.0,19,21,27,5022.0
2026-08-18,34,YP(CARNIVAL),CA8468620B,E,64.0,,0,0.0,517,33116.2,345,22077.4,123,7884.8,99,6307.8,58,3712.0,1232,78848.0,308,19712.0,60,180,75,1503,96192.0,77,4928.0,3043,194752.0,145,160,323,20672.0
2026-08-18,34,JF(K5),451W12772,A/S,,513.0,0,0.0,52,3306.2,34,2204.2,12,787.2,10,629.8,44,2816.0,123,7872.0,31,1984.0,6,18,8,150,9600.0,59,3776.0,304,19456.0,22,24,-22,-1408.0
2026-08-18,34,AE-PE(IONIQ),299903084,A/S,48.0,,0,0.0,97,4636.8,64,3091.2,23,1104.0,18,883.2,86,4128.0,230,11040.0,57,2736.0,11,34,14,281,13488.0,114,5472.0,568,27264.0,30,33,-32,-1536.0
2026-08-18,34,"SX2(KONA,HMC)",206553848,E,805.0,941.0,0,0.0,5866,4721904.6,3910,3147936.4,1397,1124263.0,1117,899410.4,633,509565.0,13966,11242630.0,3492,2811060.0,682,2046,852,17047,13722835.0,839,675395.0,34505,27776525.0,2364,2600,1840,1481200.0
2026-08-18,34,NX4-PE(TUCSON),299913392,C,106.0,121.0,0,0.0,1979,209822.8,1320,139881.8,471,49957.8,377,39966.2,258,27348.0,4713,499578.0,1178,124868.0,230,690,288,5752,609712.0,342,36252.0,11643,1234158.0,638,702,-198,-20988.0
2026-08-18,34,QL(TUCSON),299574555,A,274.0,,0,0.0,3003,822822.0,2002,548548.0,715,195910.0,572,156728.0,301,82474.0,7150,1959100.0,1788,489912.0,349,1047,436,8728,2391472.0,399,109326.0,17666,4840484.0,1165,1282,740,202760.0
2026-08-18,34,SM,299653310,D,70.0,67.0,0,0.0,2328,162934.8,1552,108623.2,554,38794.0,443,31035.2,265,18550.0,5542,387940.0,1385,96950.0,271,812,338,6764,473480.0,351,24570.0,13691,958370.0,901,991,547,38290.0
2026-08-18,34,JF(K5),299953182,A/S,169.0,,0,0.0,235,39677.8,157,26451.9,56,9447.1,45,7557.7,191,32279.0,559,94471.0,140,23660.0,27,82,34,683,115427.0,253,42757.0,1382,233558.0,85,94,-80,-13520.0
2026-08-18,34,RG3(K9),299541447,A,65.0,88.0,0,0.0,185,12039.3,123,8026.2,44,2866.5,35,2293.2,24,1560.0,441,28665.0,110,7150.0,22,65,27,538,34970.0,31,2015.0,1089,70785.0,57,63,-20,-1300.0
2026-08-18,34,PAINT,CA1605763D,원재료,188.0,156.0,8469,1592172.0,0,0.0,0,0.0,0,0.0,0,0.0,0,0.0,0,0.0,0,0.0,0,0,0,0,0.0,0,0.0,8469,1592172.0,0,0,95,17860.0
2026-08-18,34,"SX2(KONA,HMC)",299733799,A/S,42.0,,0,0.0,119,5009.8,80,3339.8,28,1192.8,23,954.2,92,3864.0,284,11928.0,71,2982.0,14,42,17,346,14532.0,122,5124.0,701,29442.0,38,42,-105,-4410.0
2026-08-18,34,EG,299472881,A/S,21.0,56.0,0,0.0,24,493.9,16,329.3,6,117.6,4,94.1,20,420.0,56,1176.0,14,294.0,3,8,3,68,1428.0,27,567.0,138,2898.0,7,8,-5,-105.0
2026-08-18,34,RG3(K9),299165838,A/S,89.0,,0,0.0,636,56593.3,424,37728.9,151,13474.6,121,10779.7,472,42008.0,1514,134746.0,379,33731.0,74,222,92,1848,164472.0,626,55714.0,3741,332949.0,172,189,195,17355.0
2026-08-18,34,PAINT,299711613,원재료,101.0,,4694,474094.0,0,0.0,0,0.0,0,0.0,0,0.0,0,0.0,0,0.0,0,0.0,0,0,0,0,0.0,0,0.0,4694,474094.0,0,0,324,32724.0
2026-08-18,34,DN8(SONATA),CA8376992B,A/S,25.0,96.0,0,0.0,31,766.5,20,511.0,7,182.5,6,146.0,23,575.0,73,1825.0,18,450.0,4,11,4,89,2225.0,31,775.0,180,4500.0,10,11,12,300.0
2026-08-18,34,VQ,299540409,E,143.0,133.0,0,0.0,824,117777.7,549,78518.4,196,28042.3,157,22433.8,96,13728.0,1961,280423.0,490,70070.0,96,287,120,2394,342342.0,127,18161.0,4845,692835.0,409,450,-278,-39754.0
2026-08-18,34,OS(KONA),206643897,,,95.0,0,0.0,308,19729.9,206,13153.3,73,4697.6,59,3758.1,255,16320.0,734,46976.0,184,11776.0,36,108,45,896,57344.0,338,21632.0,1814,116096.0,101,111,-153,-9792.0
2026-08-18,34,"SX2(KONA,HMC)",299129502,A/S,37.0,126.0,0,0.0,216,8003.1,144,5335.4,52,1905.5,41,1524.4,165,6105.0,515,19055.0,129,4773.0,25,75,31,629,23273.0,219,8103.0,1273,47101.0,56,62,87,3219.0
2026-08-18,34,JF(K5),202599909,D,34.0,39.0,0,0.0,676,22976.5,451,15317.7,161,5470.6,129,4376.5,82,2788.0,1609,54706.0,402,13668.0,79,236,98,1965,66810.0,108,3672.0,3976,135184.0,155,170,-216,-7344.0
2026-08-18,34,HG(GRANDUER),299641702,A/S,95.0,,0,0.0,253,24059.7,169,16039.8,60,5728.5,48,4582.8,173,16435.0,603,57285.0,151,14345.0,29,88,37,736,69920.0,228,21660.0,1490,141550.0,91,100,163,15485.0
2026-08-18,34,M-300,299683220,A/S,28.0,71.0,0,0.0,7,188.2,4,125.4,2,44.8,1,35.8,6,168.0,16,448.0,4,112.0,1,2,1,20,560.0,8,224.0,40,1120.0,2,2,-7,-196.0
2026-08-18,34,EG,299619557,D,362.0,,0,0.0,1284,464634.2,856,309756.2,306,110627.2,244,88501.8,141,51042.0,3056,1106272.0,764,276568.0,149,448,186,3730,1350260.0,187,67694.0,7550,2733100.0,365,402,-180,-65160.0
2026-08-18,34,JF(K5),299923756,A/S,125.0,383.0,0,0.0,124,15487.5,83,10325.0,30,3687.5,24,2950.0,95,11875.0,295,36875.0,74,9250.0,14,43,18,360,45000.0,125,15625.0,729,91125.0,44,48,-20,-2500.0
2026-08-18,34,JX1,299121741,D,72.0,85.0,0,0.0,1079,77716.8,720,51811.2,257,18504.0,206,14803.2,132,9504.0,2570,185040.0,642,46224.0,125,376,157,3137,225864.0,175,12600.0,6349,457128.0,293,322,-788,-56736.0
2026-08-18,34,CV,299165943,A/S,40.0,134.0,0,0.0,85,3410.4,57,2273.6,20,812.0,16,649.6,76,3040.0,203,8120.0,51,2040.0,10,30,12,248,9920.0,101,4040.0,502,20080.0,30,33,-20,-800.0
2026-08-18,34,YP(CARNIVAL),CA7856592C,A/S,121.0,370.0,0,0.0,97,11688.6,64,7792.4,23,2783.0,18,2226.4,71,8591.0,230,27830.0,58,7018.0,11,34,14,281,34001.0,94,11374.0,569,68849.0,28,31,56,6776.0
2026-08-18,34,OS(KONA),299704370,A/S,154.0,597.0,0,0.0,664,102259.1,443,68172.7,158,24347.4,126,19477.9,526,81004.0,1581,243474.0,395,60830.0,77,231,96,1929,297066.0,698,107492.0,3905,601370.0,250,275,373,57442.0
2026-08-18,34,"SX2(KONA,HMC)",299275605,E,55.0,50.0,0,0.0,93,5105.1,62,3403.4,22,1215.5,18,972.4,11,605.0,221,12155.0,55,3025.0,11,32,14,270,14850.0,14,770.0,546,30030.0,43,47,52,2860.0
2026-08-18,34,DH(G80),299927046,A/S,23.0,74.0,0,0.0,39,908.0,26,605.4,9,216.2,8,173.0,32,736.0,94,2162.0,23,529.0,5,14,6,114,2622.0,43,989.0,231,5313.0,14,15,-9,-207.0
2026-08-18,34,ON(TELLURIDE),299545214,A/S,147.0,,0,0.0,182,26733.4,121,17822.3,43,6365.1,35,5092.1,140,20580.0,433,63651.0,108,15876.0,21,63,26,528,77616.0,185,27195.0,1069,157143.0,67,74,37,5439.0
2026-08-18,34,DH(G80),223W73945,A/S,20.0,82.0,0,0.0,42,831.6,28,554.4,10,198.0,8,158.4,33,660.0,99,1980.0,25,500.0,5,14,6,120,2400.0,44,880.0,244,4880.0,15,16,19,380.0
2026-08-18,34,MX5(SANTAFE),202843652,B,43.0,46.0,0,0.0,68,2925.7,45,1950.5,16,696.6,13,557.3,8,344.0,162,6966.0,41,1763.0,8,24,10,198,8514.0,10,430.0,401,17243.0,19,21,-16,-688.0
2026-08-18,34,SP2(SORENTO),420W60761,B,16.0,,0,0.0,659,10550.4,440,7033.6,157,2512.0,126,2009.6,81,1296.0,1570,25120.0,393,6288.0,77,230,96,1916,30656.0,108,1728.0,3879,62064.0,235,258,149,2384.0
2026-08-18,34,SP2(SORENTO),206915213,E,46.0,52.0,0,0.0,373,17136.8,248,11424.6,89,4080.2,71,3264.2,41,1886.0,887,40802.0,222,10212.0,43,130,54,1083,49818.0,55,2530.0,2192,100832.0,156,172,-126,-5796.0
2026-08-18,34,DN8(SONATA),202795912,A/S,100.0,330.0,0,0.0,259,25872.0,172,17248.0,62,6160.0,49,4928.0,192,19200.0,616,61600.0,154,15400.0,30,90,38,752,75200.0,254,25400.0,1522,152200.0,74,81,130,13000.0
2026-08-18,34,AE-PE(IONIQ),299915836,A/S,40.0,,0,0.0,61,2436.0,41,1624.0,14,580.0,12,464.0,49,1960.0,145,5800.0,36,1440.0,7,21,9,176,7040.0,65,2600.0,357,14280.0,23,25,7,280.0
2026-08-18,34,AKZO,299695620,원재료,78.0,85.0,7646,596388.0,0,0.0,0,0.0,0,0.0,0,0.0,0,0.0,0,0.0,0,0.0,0,0,0,0,0.0,0,0.0,7646,596388.0,0,0,340,26520.0
2026-08-18,34,PAINT,206536293,원재료,93.0,,2074,192882.0,0,0.0,0,0.0,0,0.0,0,0.0,0,0.0,0,0.0,0,0.0,0,0,0,0,0.0,0,0.0,2074,192882.0,0,0,178,16554.0
2026-08-18,34,EG,CA8548441C,A/S,18.0,,0,0.0,81,1451.5,54,967.7,19,345.6,15,276.5,61,1098.0,192,3456.0,48,864.0,9,28,12,234,4212.0,81,1458.0,474,8532.0,25,28,27,486.0
2026-08-18,34,LX2(PALISADE),206583326,A,74.0,,0,0.0,503,37202.8,335,24801.8,120,8857.8,96,7086.2,58,4292.0,1197,88578.0,299,22126.0,58,175,73,1461,108114.0,77,5698.0,2957,218818.0,143,157,-59,-4366.0
2026-08-18,34,CV,206531579,A/S,73.0,275.0,0,0.0,75,5488.1,50,3658.8,18,1306.7,14,1045.4,62,4526.0,179,13067.0,45,3285.0,9,26,11,218,15914.0,82,5986.0,442,32266.0,33,36,1,73.0
2026-08-18,34,JX1,206110880,A/S,150.0,,0,0.0,638,95697.0,425,63798.0,152,22785.0,122,18228.0,469,70350.0,1519,227850.0,380,57000.0,74,222,93,1854,278100.0,621,93150.0,3753,562950.0,242,266,55,8250.0
2026-08-18,34,YP(CARNIVAL),299825879,A/S,30.0,98.0,0,0.0,133,3981.6,88,2654.4,32,948.0,25,758.4,120,3600.0,316,9480.0,79,2370.0,15,46,19,385,11550.0,160,4800.0,780,23400.0,47,52,-37,-1110.0
2026-08-18,34,PAINT,299549446,원재료,198.0,,10002,1980396.0,0,0.0,0,0.0,0,0.0,0,0.0,0,0.0,0,0.0,0,0.0,0,0,0,0,0.0,0,0.0,10002,1980396.0,0,0,222,43956.0
2026-08-18,34,PAINT,206639529,원재료,49.0,49.0,6427,314923.0,0,0.0,0,0.0,0,0.0,0,0.0,0,0.0,0,0.0,0,0.0,0,0,0,0,0.0,0,0.0,6427,314923.0,0,0,-11,-539.0
2026-08-18,34,QL(TUCSON),299973705,A/S,146.0,,0,0.0,492,71867.0,328,47911.4,117,17111.2,94,13689.0,339,49494.0,1172,171112.0,293,42778.0,57,172,72,1430,208780.0,449,65554.0,2895,422670.0,150,165,125,18250.0
2026-08-18,34,EG,299176808,C,64.0,83.0,0,0.0,1693,108353.3,1129,72235.5,403,25798.4,322,20638.7,195,12480.0,4031,257984.0,1008,64512.0,197,590,246,4920,314880.0,258,16512.0,9959,637376.0,510,561,-103,-6592.0
2026-08-18,34,PAINT,299271098,원재료,22.0,,4367,96074.0,0,0.0,0,0.0,0,0.0,0,0.0,0,0.0,0,0.0,0,0.0,0,0,0,0,0.0,0,0.0,4367,96074.0,0,0,129,2838.0
2026-08-18,34,YP(CARNIVAL),299386753,D,246.0,276.0,0,0.0,2164,532304.6,1443,354869.8,515,126739.2,412,101391.4,231,56826.0,5152,1267392.0,1288,316848.0,252,755,314,6289,1547094.0,307,75522.0,12729,3131334.0,746,821,989,243294.0
2026-08-18,34,MX5(SANTAFE),206690539,A/S,55.0,282.0,0,0.0,42,2310.0,28,1540.0,10,550.0,8,440.0,33,1815.0,100,5500.0,25,1375.0,5,15,6,122,6710.0,44,2420.0,247,13585.0,12,13,-6,-330.0
2026-08-18,34,NX4-PE(TUCSON),299115797,A/S,55.0,255.0,0,0.0,258,14206.5,172,9471.0,62,3382.5,49,2706.0,196,10780.0,615,33825.0,154,8470.0,30,90,38,751,41305.0,259,14245.0,1520,83600.0,85,94,97,5335.0
2026-08-18,34,JX1,299526470,A/S,79.0,328.0,0,0.0,107,8460.9,71,5640.6,26,2014.5,20,1611.6,79,6241.0,255,20145.0,64,5056.0,12,37,16,312,24648.0,105,8295.0,631,49849.0,36,40,-10,-790.0
2026-08-18,34,PAINT,299737996,원재료,75.0,103.0,3853,288975.0,0,0.0,0,0.0,0,0.0,0,0.0,0,0.0,0,0.0,0,0.0,0,0,0,0,0.0,0,0.0,3853,288975.0,0,0,434,32550.0
2026-08-18,34,"SX2(KONA,HMC)",299541542,A/S,41.0,136.0,0,0.0,257,10555.9,172,7037.2,61,2513.3,49,2010.6,228,9348.0,613,25133.0,153,6273.0,30,90,37,748,30668.0,302,12382.0,1514,62074.0,63,69,-48,-1968.0
2026-08-18,34,PAINT,CA7778118D,원재료,54.0,62.0,485,26190.0,0,0.0,0,0.0,0,0.0,0,0.0,0,0.0,0,0.0,0,0.0,0,0,0,0,0.0,0,0.0,485,26190.0,0,0,29,1566.0
2026-08-18,34,JB,299750495,A/S,51.0,179.0,0,0.0,112,5719.1,75,3812.8,27,1361.7,21,1089.4,95,4845.0,267,13617.0,67,3417.0,13,39,16,326,16626.0,126,6426.0,660,33660.0,28,31,-34,-1734.0
2026-08-18,34,OS(KONA),299607522,A/S,83.0,306.0,0,0.0,227,18859.3,151,12572.8,54,4490.3,43,3592.2,171,14193.0,541,44903.0,135,11205.0,26,79,33,661,54863.0,227,18841.0,1337,110971.0,30,33,14,1162.0
2026-08-18,34,DN8(SONATA),201830095,A/S,31.0,,0,0.0,81,2512.9,54,1675.2,19,598.3,15,478.6,68,2108.0,193,5983.0,48,1488.0,9,28,12,235,7285.0,91,2821.0,476,14756.0,22,24,-26,-806.0
2026-08-18,34,PAINT,299604617,원재료,72.0,81.0,6653,479016.0,0,0.0,0,0.0,0,0.0,0,0.0,0,0.0,0,0.0,0,0.0,0,0,0,0,0.0,0,0.0,6653,479016.0,0,0,587,42264.0
2026-08-18,34,DH(G80),206995499,A/S,76.0,169.0,0,0.0,107,8139.6,71,5426.4,26,1938.0,20,1550.4,89,6764.0,255,19380.0,64,4864.0,12,37,16,312,23712.0,118,8968.0,631,47956.0,31,34,-10,-760.0
2026-08-18,34,M-300,299537518,A/S,71.0,,0,0.0,127,9035.5,85,6023.6,30,2151.3,24,1721.0,108,7668.0,303,21513.0,76,5396.0,15,44,18,370,26270.0,144,10224.0,749,53179.0,39,43,-10,-710.0
2026-08-18,34,PAINT,299332384,원재료,138.0,165.0,8961,1236618.0,0,0.0,0,0.0,0,0.0,0,0.0,0,0.0,0,0.0,0,0.0,0,0,0,0,0.0,0,0.0,8961,1236618.0,0,0,-238,-32844.0
2026-08-18,34,SM,339W80729,A/S,34.0,121.0,0,0.0,12,399.8,8,266.6,3,95.2,2,76.2,10,340.0,28,952.0,7,238.0,1,4,2,34,1156.0,13,442.0,69,2346.0,4,4,4,136.0
2026-08-18,34,YP(CARNIVAL),299364284,,43.0,167.0,0,0.0,201,8632.7,134,5755.1,48,2055.4,38,1644.3,179,7697.0,478,20554.0,120,5160.0,23,70,29,584,25112.0,238,10234.0,1182,50826.0,74,81,26,1118.0
2026-08-18,34,"SX2(KONA,HMC)",206483650,A/S,110.0,399.0,0,0.0,195,21483.0,130,14322.0,46,5115.0,37,4092.0,146,16060.0,465,51150.0,116,12760.0,23,68,28,568,62480.0,194,21340.0,1149,126390.0,60,66,89,9790.0
2026-08-18,34,HG(GRANDUER),299465276,A/S,17.0,71.0,0,0.0,50,856.8,34,571.2,12,204.0,10,163.2,38,646.0,120,2040.0,30,510.0,6,18,7,147,2499.0,51,867.0,297,5049.0,12,13,36,612.0
2026-08-18,34,CN7(AVANTE),202134258,A/S,28.0,117.0,0,0.0,61,1705.2,41,1136.8,14,406.0,12,324.8,50,1400.0,145,4060.0,36,1008.0,7,21,9,177,4956.0,66,1848.0,358,10024.0,21,23,-16,-448.0
2026-08-18,34,LX2(PALISADE),299261104,A/S,56.0,223.0,0,0.0,23,1270.1,15,846.7,5,302.4,4,241.9,17,952.0,54,3024.0,14,784.0,3,8,3,66,3696.0,23,1288.0,134,7504.0,10,11,16,896.0
2026-08-18,34,TQ(STAREX),299710488,A/S,46.0,141.0,0,0.0,29,1333.1,19,888.7,7,317.4,6,253.9,23,1058.0,69,3174.0,17,782.0,3,10,4,84,3864.0,31,1426.0,170,7820.0,10,11,10,460.0
2026-08-18,34,QL(TUCSON),206248946,A/S,20.0,,0,0.0,88,1764.0,59,1176.0,21,420.0,17,336.0,69,1380.0,210,4200.0,52,1040.0,10,31,13,256,5120.0,91,1820.0,518,10360.0,33,36,-27,-540.0
2026-08-18,34,HG(GRANDUER),299806999,A/S,32.0,,0,0.0,81,2593.9,54,1729.3,19,617.6,15,494.1,61,1952.0,193,6176.0,48,1536.0,9,28,12,236,7552.0,81,2592.0,477,15264.0,23,25,-9,-288.0
2026-08-18,34,"SX2(KONA,HMC)",299892463,E,38.0,,0,0.0,134,5075.3,89,3383.5,32,1208.4,25,966.7,15,570.0,318,12084.0,80,3040.0,16,47,19,388,14744.0,21,798.0,786,29868.0,33,36,-44,-1672.0
2026-08-18,34,DH(G80),299990180,A,91.0,76.0,0,0.0,35,3210.5,24,2140.3,8,764.4,7,611.5,5,455.0,84,7644.0,21,1911.0,4,12,5,103,9373.0,6,546.0,208,18928.0,14,15,5,455.0
2026-08-18,34,VQ,206518956,A/S,49.0,,0,0.0,164,8046.8,109,5364.5,39,1915.9,31,1532.7,119,5831.0,391,19159.0,98,4802.0,19,57,24,478,23422.0,159,7791.0,967,47383.0,44,48,39,1911.0
2026-08-18,34,NX4-PE(TUCSON),202115136,A/S,65.0,269.0,0,0.0,294,19110.0,196,12740.0,70,4550.0,56,3640.0,235,15275.0,700,45500.0,175,11375.0,34,103,43,855,55575.0,312,20280.0,1730,112450.0,103,113,-101,-6565.0
2026-08-18,34,DH(G80),206507817,A/S,99.0,274.0,0,0.0,516,51101.8,344,34067.9,123,12167.1,98,9733.7,426,42174.0,1229,121671.0,307,30393.0,60,180,75,1500,148500.0,565,55935.0,3036,300564.0,172,189,-168,-16632.0
2026-08-18,34,JB,976W12118,E,87.0,113.0,0,0.0,1018,88573.0,679,59048.6,242,21088.8,194,16871.0,129,11223.0,2424,210888.0,606,52722.0,118,355,148,2959,257433.0,171,14877.0,5989,521043.0,302,332,-434,-37758.0
2026-08-18,34,CN7(AVANTE),299563945,A,94.0,,0,0.0,117,11014.9,78,7343.3,28,2622.6,22,2098.1,14,1316.0,279,26226.0,70,6580.0,14,41,17,341,32054.0,19,1786.0,690,64860.0,34,37,-11,-1034.0
2026-08-18,34,RESIN,299792033,원재료,92.0,,15002,1380184.0,0,0.0,0,0.0,0,0.0,0,0.0,0,0.0,0,0.0,0,0.0,0,0,0,0,0.0,0,0.0,15002,1380184.0,0,0,621,57132.0
2026-08-18,34,QL(TUCSON),299343440,C,76.0,83.0,0,0.0,434,33005.3,290,22003.5,103,7858.4,83,6286.7,54,4104.0,1034,78584.0,259,19684.0,50,151,63,1262,95912.0,71,5396.0,2555,194180.0,149,164,-48,-3648.0
2026-08-18,34,AE-PE(IONIQ),299871385,A/S,95.0,376.0,0,0.0,134,12688.2,89,8458.8,32,3021.0,25,2416.8,102,9690.0,318,30210.0,80,7600.0,16,47,19,389,36955.0,135,12825.0,787,74765.0,50,55,53,5035.0
2026-08-18,34,PAINT,299673054,원재료,50.0,61.0,706,35300.0,0,0.0,0,0.0,0,0.0,0,0.0,0,0.0,0,0.0,0,0.0,0,0,0,0,0.0,0,0.0,706,35300.0,0,0,6,300.0
2026-08-18,34,SM,202558144,A/S,,562.0,0,0.0,98,6289.9,66,4193.3,23,1497.6,19,1198.1,80,5120.0,234,14976.0,59,3776.0,11,34,14,286,18304.0,107,6848.0,579,37056.0,33,36,-20,-1280.0
2026-08-18,34,DN8(SONATA),299576215,A/S,44.0,,0,0.0,129,5654.9,86,3769.9,31,1346.4,24,1077.1,112,4928.0,306,13464.0,76,3344.0,15,45,19,373,16412.0,149,6556.0,755,33220.0,35,38,-38,-1672.0
2026-08-18,34,DH(G80),299307286,D,144.0,151.0,0,0.0,94,13487.0,62,8991.4,22,3211.2,18,2569.0,11,1584.0,223,32112.0,56,8064.0,11,33,14,273,39312.0,14,2016.0,552,79488.0,0,32,-15,-2160.0
2026-08-18,34,JX1,299295494,A/S,94.0,369.0,0,0.0,36,3355.8,24,2237.2,8,799.0,7,639.2,28,2632.0,85,7990.0,21,1974.0,4,12,5,104,9776.0,38,3572.0,210,19740.0,9,10,0,0.0
2026-08-18,34,VQ,299649523,A/S,113.0,405.0,0,0.0,327,36971.3,218,24647.6,78,8802.7,62,7042.2,243,27459.0,779,88027.0,195,22035.0,38,114,48,951,107463.0,323,36499.0,1925,217525.0,135,148,208,23504.0
2026-08-18,34,M-300,299404538,C,230.0,230.0,0,0.0,494,113505.0,329,75670.0,118,27025.0,94,21620.0,56,12880.0,1175,270250.0,294,67620.0,57,172,72,1435,330050.0,74,17020.0,2904,667920.0,189,208,77,17710.0
2026-08-18,34,LX2(PALISADE),299860441,A/S,49.0,175.0,0,0.0,126,6174.0,84,4116.0,30,1470.0,24,1176.0,100,4900.0,300,14700.0,75,3675.0,15,44,18,366,17934.0,133,6517.0,741,36309.0,47,52,16,784.0
2026-08-18,34,CN7(AVANTE),299709339,A/S,82.0,338.0,0,0.0,148,12157.3,99,8104.9,35,2894.6,28,2315.7,127,10414.0,353,28946.0,88,7216.0,17,52,22,431,35342.0,168,13776.0,872,71504.0,53,58,-32,-2624.0
2026-08-18,34,PAINT,299398786,원재료,73.0,66.0,1779,129867.0,0,0.0,0,0.0,0,0.0,0,0.0,0,0.0,0,0.0,0,0.0,0,0,0,0,0.0,0,0.0,1779,129867.0,0,0,-148,-10804.0
2026-08-18,34,JB,299483363,A/S,33.0,84.0,0,0.0,12,388.1,8,258.7,3,92.4,2,73.9,9,297.0,28,924.0,7,231.0,1,4,2,34,1122.0,13,429.0,69,2277.0,5,6,-2,-66.0
2026-08-18,34,PAINT,299296190,원재료,49.0,,2495,122255.0,0,0.0,0,0.0,0,0.0,0,0.0,0,0.0,0,0.0,0,0.0,0,0,0,0,0.0,0,0.0,2495,122255.0,0,0,-113,-5537.0
2026-08-18,34,OS(KONA),299384738,E,57.0,90.0,0,0.0,307,17476.2,204,11650.8,73,4161.0,58,3328.8,36,2052.0,730,41610.0,183,10431.0,36,107,45,891,50787.0,48,2736.0,1804,102828.0,107,118,126,7182.0
2026-08-18,34,JB,299440095,E,139.0,120.0,0,0.0,2085,289798.3,1390,193198.9,496,68999.6,397,55199.7,242,33638.0,4964,689996.0,1241,172499.0,242,727,303,6060,842340.0,320,44480.0,12265,1704835.0,585,644,-219,-30441.0
2026-08-18,34,AE(IONIQ),CA2533505C,A/S,103.0,,0,0.0,236,24312.1,157,16208.1,56,5788.6,45,4630.9,184,18952.0,562,57886.0,141,14523.0,27,82,34,686,70658.0,244,25132.0,1389,143067.0,81,89,6,618.0
2026-08-18,34,CV,299928940,A/S,40.0,,0,0.0,95,3796.8,63,2531.2,23,904.0,18,723.2,73,2920.0,226,9040.0,57,2280.0,11,33,14,276,11040.0,97,3880.0,559,22360.0,31,34,39,1560.0
2026-08-18,34,CV,299634853,A/S,35.0,,0,0.0,88,3072.3,59,2048.2,21,731.5,17,585.2,72,2520.0,209,7315.0,52,1820.0,10,31,13,256,8960.0,95,3325.0,517,18095.0,27,30,11,385.0
2026-08-18,34,GN7(GRANDUER),299619195,A/S,28.0,116.0,0,0.0,118,3304.6,79,2203.0,28,786.8,22,629.4,87,2436.0,281,7868.0,70,1960.0,14,41,17,343,9604.0,116,3248.0,694,19432.0,39,43,34,952.0
2026-08-18,34,JF(K5),299374178,A/S,43.0,,0,0.0,321,13815.9,214,9210.6,76,3289.5,61,2631.6,251,10793.0,765,32895.0,191,8213.0,37,112,47,934,40162.0,332,14276.0,1890,81270.0,85,94,138,5934.0
2026-08-18,34,ON(TELLURIDE),299955784,A/S,186.0,,0,0.0,169,31482.4,113,20988.2,40,7495.8,32,5996.6,141,26226.0,403,74958.0,101,18786.0,20,59,25,491,91326.0,188,34968.0,995,185070.0,55,61,-152,-28272.0
2026-08-18,34,JX1,202875755,C,69.0,89.0,0,0.0,732,50512.1,488,33674.8,174,12026.7,139,9621.4,89,6141.0,1743,120267.0,436,30084.0,85,255,106,2127,146763.0,118,8142.0,4306,297114.0,216,238,-395,-27255.0
2026-08-18,34,SP2(SORENTO),299560719,A/S,119.0,,0,0.0,233,27738.9,155,18492.6,56,6604.5,44,5283.6,165,19635.0,555,66045.0,139,16541.0,27,81,34,677,80563.0,219,26061.0,1371,163149.0,72,79,113,13447.0
2026-08-18,34,AE-PE(IONIQ),299878931,A/S,24.0,94.0,0,0.0,42,1008.0,28,672.0,10,240.0,8,192.0,35,840.0,100,2400.0,25,600.0,5,15,6,122,2928.0,46,1104.0,247,5928.0,21,23,-7,-168.0
2026-08-18,34,HG(GRANDUER),299613481,A/S,,208.0,0,0.0,261,16719.4,174,11146.2,62,3980.8,50,3184.6,171,10944.0,622,39808.0,155,9920.0,30,91,38,759,48576.0,227,14528.0,1536,98304.0,65,72,142,9088.0
2026-08-18,34,"SX2(KONA,HMC)",299895482,A/S,164.0,,0,0.0,293,48009.4,195,32006.2,70,11430.8,56,9144.6,212,34768.0,697,114308.0,174,28536.0,34,102,43,851,139564.0,282,46248.0,1722,282408.0,61,67,62,10168.0
2026-08-18,34,JB,206515199,A/S,64.0,223.0,0,0.0,269,17230.1,179,11486.7,64,4102.4,51,3281.9,228,14592.0,641,41024.0,160,10240.0,31,94,39,783,50112.0,302,19328.0,1584,101376.0,117,129,15,960.0
2026-08-18,34,AE-PE(IONIQ),299496654,A/S,61.0,239.0,0,0.0,93,5662.0,62,3774.7,22,1348.1,18,1078.5,71,4331.0,221,13481.0,55,3355.0,11,32,14,270,16470.0,94,5734.0,546,33306.0,36,40,34,2074.0
2026-08-18,34,AE(IONIQ),206888091,D,19.0,22.0,0,0.0,253,4804.0,169,3202.6,60,1143.8,48,915.0,27,513.0,602,11438.0,150,2850.0,29,88,37,734,13946.0,35,665.0,1486,28234.0,53,58,160,3040.0
2026-08-18,34,HG(GRANDUER),206349306,A/S,188.0,803.0,0,0.0,209,39243.1,139,26162.1,50,9343.6,40,7474.9,153,28764.0,497,93436.0,124,23312.0,24,73,30,607,114116.0,202,37976.0,1228,230864.0,74,81,45,8460.0
2026-08-18,34,PAINT,299690456,원재료,57.0,43.0,2708,154356.0,0,0.0,0,0.0,0,0.0,0,0.0,0,0.0,0,0.0,0,0.0,0,0,0,0,0.0,0,0.0,2708,154356.0,0,0,-6,-342.0
2026-08-18,34,AE(IONIQ),299421098,A/S,154.0,,0,0.0,42,6468.0,28,4312.0,10,1540.0,8,1232.0,34,5236.0,100,15400.0,25,3850.0,5,15,6,122,18788.0,46,7084.0,247,38038.0,14,15,-2,-308.0
2026-08-18,34,GN7(GRANDUER),299101046,A/S,155.0,,0,0.0,477,73888.5,318,49259.0,114,17592.5,91,14074.0,344,53320.0,1135,175925.0,284,44020.0,55,166,69,1385,214675.0,456,70680.0,2804,434620.0,166,183,199,30845.0
2026-08-18,34,QL(TUCSON),299623261,A/S,29.0,104.0,0,0.0,129,3727.1,86,2484.7,31,887.4,24,709.9,108,3132.0,306,8874.0,77,2233.0,15,45,19,374,10846.0,144,4176.0,757,21953.0,34,37,25,725.0
2026-08-18,34,M-300,299406527,E,25.0,25.0,0,0.0,20,493.5,13,329.0,5,117.5,4,94.0,3,75.0,47,1175.0,12,300.0,2,7,3,57,1425.0,3,75.0,116,2900.0,0,6,7,175.0
2026-08-18,34,CV,299181125,A/S,161.0,616.0,0,0.0,228,36785.3,152,24523.5,54,8758.4,44,7006.7,173,27853.0,544,87584.0,136,21896.0,27,80,33,664,106904.0,229,36869.0,1344,216384.0,126,139,-45,-7245.0
2026-08-18,34,EG,299820292,A/S,192.0,,0,0.0,600,115153.9,400,76769.3,143,27417.6,114,21934.1,447,85824.0,1428,274176.0,357,68544.0,70,209,87,1743,334656.0,593,113856.0,3528,677376.0,180,198,-401,-76992.0
2026-08-18,34,CK(STINGER),299256141,A/S,56.0,,0,0.0,243,13618.1,162,9078.7,58,3242.4,46,2593.9,198,11088.0,579,32424.0,145,8120.0,28,85,35,707,39592.0,263,14728.0,1431,80136.0,81,89,-126,-7056.0
2026-08-18,34,LX2(PALISADE),299510423,A/S,40.0,159.0,0,0.0,215,8618.4,144,5745.6,51,2052.0,41,1641.6,175,7000.0,513,20520.0,128,5120.0,25,75,31,626,25040.0,232,9280.0,1267,50680.0,91,100,-38,-1520.0
2026-08-18,34,DN8(SONATA),299715241,A/S,44.0,119.0,0,0.0,129,5654.9,86,3769.9,31,1346.4,24,1077.1,101,4444.0,306,13464.0,76,3344.0,15,45,19,373,16412.0,134,5896.0,755,33220.0,45,50,21,924.0
2026-08-18,34,ON(TELLURIDE),299489315,A,46.0,61.0,0,0.0,234,10780.6,156,7187.0,56,2566.8,45,2053.4,31,1426.0,558,25668.0,139,6394.0,27,82,34,681,31326.0,40,1840.0,1378,63388.0,79,87,-122,-5612.0
2026-08-18,34,LX2(PALISADE),299170595,C,48.0,,0,0.0,696,33385.0,464,22256.6,166,7948.8,132,6359.0,82,3936.0,1656,79488.0,414,19872.0,81,243,101,2021,97008.0,109,5232.0,4091,196368.0,222,244,-84,-4032.0
2026-08-18,34,RG3(K9),299667624,A/S,27.0,117.0,0,0.0,65,1746.4,43,1164.2,15,415.8,12,332.6,51,1377.0,154,4158.0,39,1053.0,8,23,9,188,5076.0,69,1863.0,381,10287.0,27,30,6,162.0
2026-08-18,34,JF(K5),299405104,A/S,58.0,223.0,0,0.0,158,9183.7,106,6122.5,38,2186.6,30,1749.3,125,7250.0,377,21866.0,94,5452.0,18,55,23,460,26680.0,166,9628.0,931,53998.0,46,51,9,522.0
2026-08-18,34,AKZO,299810762,원재료,93.0,83.0,17151,1595043.0,0,0.0,0,0.0,0,0.0,0,0.0,0,0.0,0,0.0,0,0.0,0,0,0,0,0.0,0,0.0,17151,1595043.0,0,0,336,31248.0
2026-08-18,34,PAINT,299872477,원재료,53.0,61.0,2409,127677.0,0,0.0,0,0.0,0,0.0,0,0.0,0,0.0,0,0.0,0,0.0,0,0,0,0,0.0,0,0.0,2409,127677.0,0,0,22,1166.0
2026-08-18,34,CN7(AVANTE),202443859,A/S,101.0,265.0,0,0.0,321,32451.3,214,21634.2,76,7726.5,61,6181.2,251,25351.0,765,77265.0,191,19291.0,37,112,47,934,94334.0,334,33734.0,1890,190890.0,99,109,-106,-10706.0
2026-08-18,34,EG,299207568,A/S,,140.0,0,0.0,182,11639.0,121,7759.4,43,2771.2,35,2217.0,131,8384.0,433,27712.0,108,6912.0,21,63,26,529,33856.0,174,11136.0,1070,68480.0,58,64,74,4736.0
2026-08-18,34,JX1,206138974,A/S,50.0,233.0,0,0.0,326,16317.0,218,10878.0,78,3885.0,62,3108.0,260,13000.0,777,38850.0,194,9700.0,38,114,47,948,47400.0,345,17250.0,1919,95950.0,114,125,22,1100.0
2026-08-18,34,TQ(STAREX),299315377,E,16.0,,0,0.0,273,4374.7,182,2916.5,65,1041.6,52,833.3,34,544.0,651,10416.0,163,2608.0,32,95,40,1509,24137.6,45,720.0,2323,37161.6,30,96,26,416.0
2026-08-18,34,"SX2(KONA,HMC)",299255542,E,100.0,89.0,0,0.0,198,19824.0,132,13216.0,47,4720.0,38,3776.0,23,2300.0,472,47200.0,118,11800.0,23,69,29,576,57600.0,30,3000.0,1166,116600.0,66,73,-50,-5000.0
2026-08-18,34,QL(TUCSON),206430007,C,54.0,55.0,0,0.0,355,19164.6,237,12776.4,84,4563.0,68,3650.4,49,2646.0,845,45630.0,211,11394.0,41,124,52,1032,55728.0,65,3510.0,2088,112752.0,152,167,-56,-3024.0
2026-08-18,34,DH(G80),299809943,D,82.0,84.0,0,0.0,854,70051.0,570,46700.6,203,16678.8,163,13343.0,105,8610.0,2034,166788.0,509,41738.0,99,298,124,2483,203606.0,139,11398.0,5026,412132.0,0,278,-125,-10250.0
2026-08-18,34,RG3(K9),299988406,A/S,38.0,127.0,0,0.0,44,1659.8,29,1106.6,10,395.2,8,316.2,33,1254.0,104,3952.0,26,988.0,5,15,6,127,4826.0,44,1672.0,257,9766.0,16,18,27,1026.0
2026-08-18,34,ON(TELLURIDE),299233603,A/S,37.0,,0,0.0,18,652.7,12,435.1,4,155.4,3,124.3,13,481.0,42,1554.0,10,370.0,2,6,3,51,1887.0,18,666.0,103,3811.0,5,6,0,0.0
2026-08-18,34,OS(KONA),299322076,A/S,174.0,475.0,0,0.0,449,78195.6,300,52130.4,107,18618.0,86,14894.4,303,52722.0,1070,186180.0,268,46632.0,52,157,65,1306,227244.0,402,69948.0,2644,460056.0,188,207,13,2262.0
2026-08-18,34,JB,299907455,B,115.0,,0,0.0,1371,157651.2,914,105100.8,326,37536.0,261,30028.8,157,18055.0,3264,375360.0,816,93840.0,159,478,199,3984,458160.0,209,24035.0,8064,927360.0,447,492,-487,-56005.0
2026-08-18,34,HG(GRANDUER),299179157,A/S,61.0,257.0,0,0.0,73,4432.3,48,2954.8,17,1055.3,14,844.2,61,3721.0,173,10553.0,43,2623.0,8,25,11,212,12932.0,80,4880.0,428,26108.0,23,25,1,61.0
2026-08-18,34,ON(TELLURIDE),299399811,A/S,96.0,377.0,0,0.0,172,16490.9,115,10993.9,41,3926.4,33,3141.1,130,12480.0,409,39264.0,102,9792.0,20,60,25,499,47904.0,172,16512.0,1010,96960.0,53,58,-47,-4512.0
2026-08-18,34,MX5(SANTAFE),299440259,A/S,35.0,,0,0.0,143,4998.0,95,3332.0,34,1190.0,27,952.0,112,3920.0,340,11900.0,85,2975.0,17,50,21,415,14525.0,148,5180.0,840,29400.0,49,54,45,1575.0
2026-08-18,34,AKZO,299190276,원재료,29.0,33.0,90,2610.0,0,0.0,0,0.0,0,0.0,0,0.0,0,0.0,0,0.0,0,0.0,0,0,0,0,0.0,0,0.0,90,2610.0,0,0,-1,-29.0
2026-08-18,34,GN7(GRANDUER),299432485,A/S,78.0,,0,0.0,93,7240.0,62,4826.6,22,1723.8,18,1379.0,73,5694.0,221,17238.0,55,4290.0,11,32,13,269,20982.0,96,7488.0,545,42510.0,30,33,16,1248.0
2026-08-18,34,YP(CARNIVAL),299843306,A/S,54.0,193.0,0,0.0,84,4558.7,56,3039.1,20,1085.4,16,868.3,66,3564.0,201,10854.0,50,2700.0,10,29,12,245,13230.0,88,4752.0,496,26784.0,35,38,16,864.0
2026-08-18,34,OS(KONA),299882765,A/S,124.0,462.0,0,0.0,175,21665.3,116,14443.5,42,5158.4,33,4126.7,128,15872.0,416,51584.0,104,12896.0,20,61,25,507,62868.0,170,21080.0,1027,127348.0,63,69,48,5952.0
2026-08-18,34,GN7(GRANDUER),299465153,A/S,170.0,,0,0.0,339,57619.8,226,38413.2,81,13719.0,65,10975.2,267,45390.0,807,137190.0,202,34340.0,39,118,49,984,167280.0,354,60180.0,1993,338810.0,112,123,16,2720.0
2026-08-18,34,LX2(PALISADE),299757150,A/S,38.0,,0,0.0,28,1069.3,19,712.9,7,254.6,5,203.7,21,798.0,67,2546.0,17,646.0,3,10,4,82,3116.0,28,1064.0,166,6308.0,10,11,6,228.0
2026-08-18,34,"SX2(KONA,HMC)",206841491,A/S,50.0,,0,0.0,52,2625.0,35,1750.0,12,625.0,10,500.0,42,2100.0,125,6250.0,31,1550.0,6,18,8,152,7600.0,56,2800.0,308,15400.0,20,22,-16,-800.0
2026-08-18,34,AD-100,299287332,A/S,42.0,128.0,0,0.0,178,7497.0,119,4998.0,42,1785.0,34,1428.0,135,5670.0,425,17850.0,106,4452.0,21,62,26,518,21756.0,179,7518.0,1049,44058.0,66,73,-38,-1596.0
2026-08-18,34,M-300,299235427,A/S,132.0,,0,0.0,233,30769.2,155,20512.8,56,7326.0,44,5860.8,186,24552.0,555,73260.0,139,18348.0,27,81,34,677,89364.0,247,32604.0,1371,180972.0,63,69,-27,-3564.0
2026-08-18,34,SG2,206161503,C,45.0,58.0,0,0.0,207,9336.6,138,6224.4,49,2223.0,40,1778.4,23,1035.0,494,22230.0,124,5580.0,24,72,30,604,27180.0,30,1350.0,1222,54990.0,55,61,63,2835.0
2026-08-18,34,TM,299309437,A/S,80.0,191.0,0,0.0,24,1881.6,16,1254.4,6,448.0,4,358.4,19,1520.0,56,4480.0,14,1120.0,3,8,3,68,5440.0,25,2000.0,138,11040.0,6,7,-5,-400.0
2026-08-18,34,VQ,299149311,A,42.0,,0,0.0,577,24219.7,384,16146.5,137,5766.6,110,4613.3,62,2604.0,1373,57666.0,343,14406.0,67,201,84,1676,70392.0,82,3444.0,3392,142464.0,222,244,299,12558.0
2026-08-18,34,AE(IONIQ),299180042,A,27.0,36.0,0,0.0,441,11907.0,294,7938.0,105,2835.0,84,2268.0,51,1377.0,1050,28350.0,263,7101.0,51,154,64,1282,34614.0,68,1836.0,2595,70065.0,159,175,239,6453.0
2026-08-18,34,JX1,299402002,A/S,28.0,,0,0.0,46,1293.6,31,862.4,11,308.0,9,246.4,38,1064.0,110,3080.0,28,784.0,5,16,7,135,3780.0,51,1428.0,273,7644.0,11,12,8,224.0
2026-08-18,34,PAINT,299397818,원재료,44.0,,6676,293744.0,0,0.0,0,0.0,0,0.0,0,0.0,0,0.0,0,0.0,0,0.0,0,0,0,0,0.0,0,0.0,6676,293744.0,0,0,556,24464.0
2026-08-18,34,PAINT,299368173,원재료,109.0,146.0,21612,2355708.0,0,0.0,0,0.0,0,0.0,0,0.0,0,0.0,0,0.0,0,0.0,0,0,0,0,0.0,0,0.0,21612,2355708.0,0,0,-221,-24089.0
2026-08-18,34,VQ,299483798,D,26.0,,0,0.0,570,14829.4,380,9886.2,136,3530.8,109,2824.6,66,1716.0,1358,35308.0,339,8814.0,66,199,83,1657,43082.0,87,2262.0,3354,87204.0,180,198,-202,-5252.0
2026-08-18,34,JX1,206290942,E,86.0,93.0,0,0.0,722,62126.4,482,41417.6,172,14792.0,138,11833.6,82,7052.0,1720,147920.0,430,36980.0,84,252,105,2099,180514.0,109,9374.0,4249,365414.0,259,285,75,6450.0
2026-08-18,34,MX5(SANTAFE),299795691,A/S,147.0,,0,0.0,81,11915.8,54,7943.9,19,2837.1,15,2269.7,68,9996.0,193,28371.0,48,7056.0,9,28,12,236,34692.0,90,13230.0,477,70119.0,25,28,32,4704.0
2026-08-18,34,JF(K5),206359904,A/S,66.0,,0,0.0,407,26888.4,272,17925.6,97,6402.0,78,5121.6,329,21714.0,970,64020.0,242,15972.0,47,142,59,1183,78078.0,436,28776.0,2395,158070.0,126,139,-172,-11352.0
2026-08-18,34,TQ(STAREX),661918855,A/S,51.0,213.0,0,0.0,383,19535.0,255,13023.4,91,4651.2,73,3721.0,297,15147.0,912,46512.0,228,11628.0,45,134,56,1114,56814.0,394,20094.0,2254,114954.0,155,170,-150,-7650.0
2026-08-18,34,DN8(SONATA),299506930,A/S,64.0,,0,0.0,163,10429.4,109,6953.0,39,2483.2,31,1986.6,130,8320.0,388,24832.0,97,6208.0,19,57,24,474,30336.0,173,11072.0,959,61376.0,44,48,82,5248.0
2026-08-18,34,PAINT,299499012,원재료,8.0,9.0,635,5080.0,0,0.0,0,0.0,0,0.0,0,0.0,0,0.0,0,0.0,0,0.0,0,0,0,0,0.0,0,0.0,635,5080.0,0,0,25,200.0
2026-08-18,34,AE-PE(IONIQ),299428005,C,166.0,156.0,0,0.0,1318,218781.4,879,145854.2,314,52090.8,251,41672.6,154,25564.0,3138,520908.0,784,130144.0,153,460,192,3830,635780.0,203,33698.0,7752,1286832.0,477,525,357,59262.0
2026-08-18,34,YP(CARNIVAL),299897737,A/S,36.0,159.0,0,0.0,102,3689.3,68,2459.5,24,878.4,20,702.7,84,3024.0,244,8784.0,61,2196.0,12,36,15,298,10728.0,112,4032.0,603,21708.0,33,36,8,288.0
2026-08-18,34,SG2,101716815,A/S,28.0,,0,0.0,90,2528.4,60,1685.6,22,602.0,17,481.6,74,2072.0,215,6020.0,54,1512.0,11,32,13,263,7364.0,98,2744.0,532,14896.0,30,33,-10,-280.0
2026-08-18,34,DH(G80),299999814,A/S,68.0,214.0,0,0.0,48,3284.4,32,2189.6,12,782.0,9,625.6,38,2584.0,115,7820.0,29,1972.0,6,17,7,140,9520.0,51,3468.0,284,19312.0,16,18,-16,-1088.0
2026-08-18,34,ON(TELLURIDE),299995789,A/S,27.0,89.0,0,0.0,52,1406.2,35,937.4,12,334.8,10,267.8,40,1080.0,124,3348.0,31,837.0,6,18,8,151,4077.0,53,1431.0,306,8262.0,16,18,19,513.0
2026-08-18,34,SM,299113772,A/S,70.0,302.0,0,0.0,129,9055.2,86,6036.8,31,2156.0,25,1724.8,107,7490.0,308,21560.0,77,5390.0,15,45,19,376,26320.0,142,9940.0,761,53270.0,39,43,-18,-1260.0
2026-08-18,34,LX2(PALISADE),299959851,C,58.0,43.0,0,0.0,294,17027.6,196,11351.8,70,4054.2,56,3243.4,35,2030.0,699,40542.0,175,10150.0,34,102,43,853,49474.0,47,2726.0,1727,100166.0,66,73,47,2726.0
2026-08-18,34,AE-PE(IONIQ),202673111,A/S,39.0,134.0,0,0.0,41,1605.2,27,1070.2,10,382.2,8,305.8,34,1326.0,98,3822.0,25,975.0,5,14,6,120,4680.0,45,1755.0,243,9477.0,12,13,2,78.0
2026-08-18,34,AD-100,299967943,D,100.0,,0,0.0,1206,120582.0,804,80388.0,287,28710.0,230,22968.0,143,14300.0,2871,287100.0,718,71800.0,140,420,175,3504,350400.0,189,18900.0,7093,709300.0,500,550,141,14100.0
2026-08-18,34,LX2(PALISADE),206926708,A/S,128.0,,0,0.0,346,44298.2,231,29532.2,82,10547.2,66,8437.8,263,33664.0,824,105472.0,206,26368.0,40,121,50,1006,128768.0,349,44672.0,2036,260608.0,130,143,-247,-31616.0
2026-08-18,34,CK(STINGER),202829260,A/S,59.0,,0,0.0,178,10531.5,119,7021.0,42,2507.5,34,2006.0,126,7434.0,425,25075.0,106,6254.0,21,62,26,519,30621.0,167,9853.0,1050,61950.0,71,78,104,6136.0
2026-08-18,34,SG2,299168391,A/S,223.0,,0,0.0,878,195749.4,585,130499.6,209,46607.0,167,37285.6,676,150748.0,2090,466070.0,522,116406.0,102,306,128,2550,568650.0,895,199585.0,5162,1151126.0,309,340,288,64224.0
2026-08-18,34,RESIN,299519906,원재료,104.0,110.0,770,80080.0,0,0.0,0,0.0,0,0.0,0,0.0,0,0.0,0,0.0,0,0.0,0,0,0,0,0.0,0,0.0,770,80080.0,0,0,43,4472.0
2026-08-18,34,MX5(SANTAFE),299917503,D,82.0,83.0,0,0.0,62,5062.7,41,3375.1,15,1205.4,12,964.3,7,574.0,147,12054.0,37,3034.0,7,21,9,179,14678.0,9,738.0,363,29766.0,26,29,0,0.0
2026-08-18,34,RG3(K9),299902843,A/S,56.0,152.0,0,0.0,133,7455.8,89,4970.6,32,1775.2,25,1420.2,99,5544.0,317,17752.0,79,4424.0,15,46,19,387,21672.0,131,7336.0,783,43848.0,51,56,0,0.0
2026-08-18,34,SM,CA6769808C,A/S,88.0,,0,0.0,184,16151.5,122,10767.7,44,3845.6,35,3076.5,139,12232.0,437,38456.0,109,9592.0,21,64,27,533,46904.0,184,16192.0,1079,94952.0,56,62,67,5896.0
2026-08-18,34,SP2(SORENTO),596W35233,E,17.0,,0,0.0,237,4027.0,158,2684.6,56,958.8,45,767.0,27,459.0,564,9588.0,141,2397.0,28,83,34,689,11713.0,36,612.0,1394,23698.0,60,66,115,1955.0
2026-08-18,34,AD-100,299895665,B,,,0,0.0,1511,96687.4,1007,64458.2,360,23020.8,288,18416.6,173,11072.0,3597,230208.0,899,57536.0,176,527,220,4391,281024.0,229,14656.0,8887,568768.0,493,542,-35,-2240.0
2026-08-18,34,SG2,299871859,A/S,38.0,171.0,0,0.0,25,941.6,17,627.8,6,224.2,5,179.4,18,684.0,59,2242.0,15,570.0,3,9,4,72,2736.0,24,912.0,146,5548.0,8,9,-10,-380.0
2026-08-18,34,CN7(AVANTE),299626515,A/S,102.0,363.0,0,0.0,147,15036.8,98,10024.6,35,3580.2,28,2864.2,120,12240.0,351,35802.0,88,8976.0,17,51,21,428,43656.0,159,16218.0,867,88434.0,40,44,15,1530.0
2026-08-18,34,LX2(PALISADE),CA6767158D,,69.0,69.0,0,0.0,587,40485.1,391,26990.0,140,9639.3,112,7711.4,72,4968.0,1397,96393.0,349,24081.0,68,205,85,1706,117714.0,95,6555.0,3452,238188.0,243,267,-142,-9798.0
2026-08-18,34,SP2(SORENTO),299661348,E,26.0,37.0,0,0.0,84,2173.1,56,1448.7,20,517.4,16,413.9,10,260.0,199,5174.0,50,1300.0,10,29,12,243,6318.0,14,364.0,492,12792.0,20,22,26,676.0
2026-08-18,34,TM,299392855,A/S,147.0,590.0,0,0.0,323,47478.1,215,31652.0,77,11304.3,62,9043.4,260,38220.0,769,113043.0,192,28224.0,38,113,47,939,138033.0,345,50715.0,1900,279300.0,91,100,-86,-12642.0
2026-08-18,34,OS(KONA),299268018,A/S,,,0,0.0,60,3870.7,40,2580.5,14,921.6,12,737.3,45,2880.0,144,9216.0,36,2304.0,7,21,9,176,11264.0,59,3776.0,356,22784.0,21,23,6,384.0
2026-08-18,34,DH(G80),299358759,A/S,198.0,,0,0.0,148,29355.5,99,19570.3,35,6989.4,28,5591.5,118,23364.0,353,69894.0,88,17424.0,17,52,22,431,85338.0,157,31086.0,872,172656.0,50,55,17,3366.0
2026-08-18,34,GN7(GRANDUER),299945083,,249.0,863.0,0,0.0,640,159484.5,427,106323.0,152,37972.5,122,30378.0,491,122259.0,1525,379725.0,381,94869.0,74,223,93,1861,463389.0,651,162099.0,3767,937983.0,229,252,241,60009.0
2026-08-18,34,DH(G80),206972323,A,69.0,80.0,0,0.0,528,36427.9,352,24285.2,126,8673.3,101,6938.6,59,4071.0,1257,86733.0,314,21666.0,61,184,77,1534,105846.0,78,5382.0,3105,214245.0,190,209,-70,-4830.0
2026-08-18,34,CV,299620326,A/S,143.0,510.0,0,0.0,137,19639.6,92,13093.1,33,4676.1,26,3740.9,108,15444.0,327,46761.0,82,11726.0,16,48,20,399,57057.0,144,20592.0,808,115544.0,39,43,16,2288.0
2026-08-18,34,TM,206628450,A/S,190.0,,0,0.0,1137,216098.4,758,144065.6,271,51452.0,217,41161.6,1017,193230.0,2708,514520.0,677,128630.0,132,397,165,3305,627950.0,1348,256120.0,6690,1271100.0,430,473,-129,-24510.0
2026-08-18,34,NX4-PE(TUCSON),516W35833,A/S,28.0,68.0,0,0.0,270,7549.9,180,5033.3,64,1797.6,51,1438.1,229,6412.0,642,17976.0,161,4508.0,31,94,39,784,21952.0,303,8484.0,1587,44436.0,85,94,-191,-5348.0
2026-08-18,34,CN7(AVANTE),206357801,A/S,112.0,384.0,0,0.0,151,16887.4,101,11258.2,36,4020.8,29,3216.6,118,13216.0,359,40208.0,90,10080.0,18,53,22,438,49056.0,157,17584.0,887,99344.0,54,59,20,2240.0
2026-08-18,34,CV,206306877,A/S,73.0,275.0,0,0.0,50,3648.5,33,2432.4,12,868.7,10,695.0,39,2847.0,119,8687.0,30,2190.0,6,17,7,145,10585.0,51,3723.0,294,21462.0,17,19,7,511.0
2026-08-18,34,AE-PE(IONIQ),206536156,C,11.0,,0,0.0,127,1399.9,85,933.2,30,333.3,24,266.6,15,165.0,303,3333.0,76,836.0,15,44,18,370,4070.0,20,220.0,749,8239.0,46,51,10,110.0
2026-08-18,34,"SX2(KONA,HMC)",299949715,B,127.0,149.0,0,0.0,1751,222427.8,1168,148285.2,417,52959.0,334,42367.2,225,28575.0,4170,529590.0,1042,132334.0,204,611,254,9671,1228217.0,299,37973.0,14883,1890141.0,223,702,-1,-127.0
2026-08-18,34,TQ(STAREX),299428618,D,55.0,77.0,0,0.0,476,26172.3,317,17448.2,113,6231.5,91,4985.2,55,3025.0,1133,62315.0,283,15565.0,55,166,69,1383,76065.0,73,4015.0,2799,153945.0,169,186,169,9295.0
2026-08-18,34,MX5(SANTAFE),299825039,C,56.0,68.0,0,0.0,667,37373.3,445,24915.5,159,8898.4,127,7118.7,74,4144.0,1589,88984.0,397,22232.0,78,233,97,1940,108640.0,98,5488.0,3926,219856.0,210,231,247,13832.0
2026-08-18,34,SG2,206204404,E,121.0,134.0,0,0.0,843,101944.9,562,67963.3,201,24272.6,160,19418.1,103,12463.0,2006,242726.0,502,60742.0,98,294,122,2449,296329.0,136,16456.0,4957,599797.0,261,287,-137,-16577.0
2026-08-18,34,SG2,299458701,A/S,167.0,551.0,0,0.0,666,111242.0,444,74161.4,159,26486.2,127,21189.0,526,87842.0,1586,264862.0,397,66299.0,77,232,97,1936,323312.0,697,116399.0,3919,654473.0,238,262,94,15698.0
2026-08-18,34,SG2,378W29048,A/S,62.0,193.0,0,0.0,294,18202.0,196,12134.6,70,4333.8,56,3467.0,227,14074.0,699,43338.0,175,10850.0,34,102,43,853,52886.0,301,18662.0,1727,107074.0,118,130,2,124.0
2026-08-18,34,CN7(AVANTE),299818381,A/S,65.0,293.0,0,0.0,216,14059.5,144,9373.0,52,3347.5,41,2678.0,197,12805.0,515,33475.0,129,8385.0,25,75,31,629,40885.0,262,17030.0,1273,82745.0,53,58,80,5200.0
2026-08-18,34,HG(GRANDUER),206856467,A/S,37.0,,0,0.0,36,1336.4,24,891.0,9,318.2,7,254.6,26,962.0,86,3182.0,21,777.0,4,13,5,105,3885.0,34,1258.0,212,7844.0,7,8,12,444.0
2026-08-18,34,TQ(STAREX),299625821,E,93.0,122.0,0,0.0,588,54684.0,392,36456.0,140,13020.0,112,10416.0,71,6603.0,1400,130200.0,350,32550.0,68,205,85,1709,158937.0,94,8742.0,3459,321687.0,261,287,-4,-372.0
2026-08-18,34,NX4-PE(TUCSON),299604579,C,42.0,68.0,0,0.0,951,39937.0,634,26624.6,226,9508.8,181,7607.0,112,4704.0,2264,95088.0,566,23772.0,111,332,138,2763,116046.0,148,6216.0,5593,234906.0,285,314,31,1302.0
2026-08-18,34,PAINT,299244759,원재료,111.0,120.0,32318,3587298.0,0,0.0,0,0.0,0,0.0,0,0.0,0,0.0,0,0.0,0,0.0,0,0,0,0,0.0,0,0.0,32318,3587298.0,0,0,3301,366411.0
2026-08-18,34,YP(CARNIVAL),299147284,A/S,47.0,,0,0.0,56,2625.4,37,1750.3,13,625.1,11,500.1,46,2162.0,133,6251.0,33,1551.0,6,19,8,162,7614.0,61,2867.0,328,15416.0,17,19,-20,-940.0
2026-08-18,34,HG(GRANDUER),299995930,C,85.0,114.0,0,0.0,278,23633.4,185,15755.6,66,5627.0,53,4501.6,33,2805.0,662,56270.0,165,14025.0,32,97,40,808,68680.0,44,3740.0,1635,138975.0,71,78,-47,-3995.0
2026-08-18,34,SG2,299133711,B,49.0,54.0,0,0.0,626,30664.2,417,20442.8,149,7301.0,119,5840.8,76,3724.0,1490,73010.0,373,18277.0,73,218,91,1819,89131.0,101,4949.0,3682,180418.0,170,187,278,13622.0
2026-08-18,34,JB,299899869,E,54.0,79.0,0,0.0,85,4604.0,57,3069.4,20,1096.2,16,877.0,11,594.0,203,10962.0,51,2754.0,10,30,12,248,13392.0,14,756.0,502,27108.0,25,28,-12,-648.0
2026-08-18,34,DH(G80),875W82178,A/S,117.0,472.0,0,0.0,196,22948.4,131,15298.9,47,5463.9,37,4371.1,147,17199.0,467,54639.0,117,13689.0,23,68,28,570,66690.0,195,22815.0,1154,135018.0,56,62,84,9828.0
2026-08-18,34,JB,299128899,A/S,26.0,93.0,0,0.0,37,961.0,25,640.6,9,228.8,7,183.0,32,832.0,88,2288.0,22,572.0,4,13,5,108,2808.0,43,1118.0,218,5668.0,14,15,11,286.0
2026-08-18,34,JF(K5),299128310,A/S,37.0,162.0,0,0.0,105,3900.5,70,2600.4,25,928.7,20,743.0,95,3515.0,251,9287.0,63,2331.0,12,37,15,307,11359.0,126,4662.0,621,22977.0,40,44,-19,-703.0
2026-08-18,34,CN7(AVANTE),417W45937,A/S,86.0,,0,0.0,57,4876.2,38,3250.8,14,1161.0,11,928.8,42,3612.0,135,11610.0,34,2924.0,7,20,8,164,14104.0,56,4816.0,333,28638.0,20,22,-9,-774.0
2026-08-18,34,AE(IONIQ),299216185,A/S,49.0,,0,0.0,75,3663.2,50,2442.2,18,872.2,14,697.8,58,2842.0,178,8722.0,44,2156.0,9,26,11,217,10633.0,77,3773.0,439,21511.0,26,29,17,833.0
2026-08-18,34,EG,299627192,E,32.0,41.0,0,0.0,654,20939.5,436,13959.7,156,4985.6,125,3988.5,83,2656.0,1558,49856.0,390,12480.0,76,228,95,1902,60864.0,110,3520.0,3850,123200.0,0,241,-399,-12768.0
2026-08-18,34,DN8(SONATA),299915509,B,36.0,42.0,0,0.0,69,2479.7,46,1653.1,16,590.4,13,472.3,8,288.0,164,5904.0,41,1476.0,8,24,10,200,7200.0,10,360.0,405,14580.0,33,36,26,936.0
2026-08-18,34,"SX2(KONA,HMC)",299675939,A,40.0,,0,0.0,948,37934.4,632,25289.6,226,9032.0,181,7225.6,110,4400.0,2258,90320.0,564,22560.0,110,331,138,2756,110240.0,146,5840.0,5578,223120.0,188,207,374,14960.0
2026-08-18,34,HG(GRANDUER),299292554,A/S,,96.0,0,0.0,91,5833.0,61,3888.6,22,1388.8,17,1111.0,72,4608.0,217,13888.0,54,3456.0,11,32,13,265,16960.0,95,6080.0,536,34304.0,32,35,-10,-640.0
2026-08-18,34,NX4-PE(TUCSON),299707921,A/S,40.0,,0,0.0,247,9895.2,165,6596.8,59,2356.0,47,1884.8,206,8240.0,589,23560.0,147,5880.0,29,86,36,719,28760.0,272,10880.0,1455,58200.0,104,114,10,400.0
2026-08-18,34,VQ,299603514,A/S,219.0,816.0,0,0.0,399,87289.0,266,58192.7,95,20783.1,76,16626.5,318,69642.0,949,207831.0,237,51903.0,46,139,58,1158,253602.0,422,92418.0,2344,513336.0,70,77,158,34602.0
2026-08-18,34,TQ(STAREX),774W46441,A/S,303.0,924.0,0,0.0,79,23797.6,52,15865.1,19,5666.1,15,4532.9,59,17877.0,187,56661.0,47,14241.0,9,27,11,229,69387.0,78,23634.0,463,140289.0,24,26,19,5757.0
2026-08-18,34,AD-100,299822785,A/S,42.0,175.0,0,0.0,20,846.7,13,564.5,5,201.6,4,161.3,16,672.0,48,2016.0,12,504.0,2,7,3,59,2478.0,21,882.0,119,4998.0,6,7,3,126.0
2026-08-18,34,JB,299645417,A/S,98.0,415.0,0,0.0,309,30293.8,206,20195.8,74,7212.8,59,5770.2,219,21462.0,736,72128.0,184,18032.0,36,108,45,899,88102.0,290,28420.0,1819,178262.0,130,143,174,17052.0
2026-08-18,34,AE(IONIQ),299276532,A/S,76.0,286.0,0,0.0,425,32303.0,283,21535.4,101,7691.2,81,6153.0,321,24396.0,1012,76912.0,253,19228.0,49,148,62,1235,93860.0,426,32376.0,2500,190000.0,119,131,-59,-4484.0
2026-08-18,34,TQ(STAREX),299487939,A/S,182.0,798.0,0,0.0,1118,203559.7,746,135706.5,266,48466.6,213,38773.3,788,143416.0,2663,484666.0,666,121212.0,130,390,163,3251,591682.0,1044,190008.0,6580,1197560.0,442,486,-479,-87178.0
2026-08-18,34,AE(IONIQ),206270937,A/S,141.0,548.0,0,0.0,264,37249.4,176,24832.9,63,8868.9,50,7095.1,188,26508.0,629,88689.0,157,22137.0,31,92,38,767,108147.0,249,35109.0,1553,218973.0,126,139,37,5217.0
2026-08-18,34,JF(K5),206986077,B,89.0,93.0,0,0.0,590,52481.5,393,34987.7,140,12495.6,112,9996.5,68,6052.0,1404,124956.0,351,31239.0,69,206,86,1714,152546.0,90,8010.0,3469,308741.0,241,265,-334,-29726.0
2026-08-18,34,SG2,299169657,A/S,35.0,141.0,0,0.0,21,735.0,14,490.0,5,175.0,4,140.0,16,560.0,50,1750.0,13,455.0,2,7,3,61,2135.0,21,735.0,124,4340.0,7,8,4,140.0
2026-08-18,34,AE-PE(IONIQ),206336791,A/S,25.0,,0,0.0,43,1071.0,29,714.0,10,255.0,8,204.0,36,900.0,102,2550.0,26,650.0,5,15,6,125,3125.0,47,1175.0,253,6325.0,18,20,18,450.0
2026-08-18,34,"SX2(KONA,HMC)",382W84010,A/S,51.0,205.0,0,0.0,95,4862.3,64,3241.6,23,1157.7,18,926.2,70,3570.0,227,11577.0,57,2907.0,11,33,14,277,14127.0,93,4743.0,561,28611.0,44,48,59,3009.0
2026-08-18,34,JX1,299898920,A/S,64.0,142.0,0,0.0,74,4704.0,49,3136.0,18,1120.0,14,896.0,60,3840.0,175,11200.0,44,2816.0,9,26,11,213,13632.0,79,5056.0,432,27648.0,27,30,-5,-320.0
2026-08-18,34,"SX2(KONA,HMC)",299998392,A/S,46.0,139.0,0,0.0,119,5467.6,79,3645.0,28,1301.8,23,1041.4,88,4048.0,283,13018.0,71,3266.0,14,41,17,345,15870.0,117,5382.0,699,32154.0,35,38,19,874.0
2026-08-18,34,AE-PE(IONIQ),299250733,A/S,96.0,412.0,0,0.0,148,14192.6,99,9461.8,35,3379.2,28,2703.4,125,12000.0,352,33792.0,88,8448.0,17,52,22,430,41280.0,166,15936.0,870,83520.0,65,72,-25,-2400.0
2026-08-18,34,AD-100,299464668,A/S,24.0,92.0,0,0.0,84,2005.9,56,1337.3,20,477.6,16,382.1,66,1584.0,199,4776.0,50,1200.0,10,29,12,243,5832.0,87,2088.0,492,11808.0,22,24,30,720.0
2026-08-18,34,M-300,299194542,A/S,,227.0,0,0.0,669,42793.0,446,28528.6,159,10188.8,127,8151.0,585,37440.0,1592,101888.0,398,25472.0,78,233,97,1943,124352.0,776,49664.0,3933,251712.0,241,265,-72,-4608.0
2026-08-18,34,VQ,299857650,A/S,48.0,170.0,0,0.0,67,3225.6,45,2150.4,16,768.0,13,614.4,57,2736.0,160,7680.0,40,1920.0,8,23,10,195,9360.0,75,3600.0,395,18960.0,26,29,4,192.0
2026-08-18,34,GN7(GRANDUER),281W74265,C,98.0,,0,0.0,299,29264.8,199,19509.8,71,6967.8,57,5574.2,32,3136.0,711,69678.0,178,17444.0,35,104,43,868,85064.0,42,4116.0,1757,172186.0,102,112,106,10388.0
2026-08-18,34,OS(KONA),299623435,A/S,274.0,1216.0,0,0.0,1000,273890.4,666,182593.6,238,65212.0,190,52169.6,708,193992.0,2380,652120.0,595,163030.0,116,349,145,2905,795970.0,939,257286.0,5880,1611120.0,361,397,178,48772.0
2026-08-18,34,RG3(K9),202903693,A/S,90.0,,0,0.0,321,28879.2,214,19252.8,76,6876.0,61,5500.8,248,22320.0,764,68760.0,191,17190.0,37,112,47,932,83880.0,329,29610.0,1887,169830.0,106,117,-42,-3780.0
2026-08-18,34,DN8(SONATA),299588213,A/S,91.0,,0,0.0,272,24728.3,181,16485.6,65,5887.7,52,4710.2,220,20020.0,647,58877.0,162,14742.0,32,95,39,789,71799.0,292,26572.0,1598,145418.0,88,97,72,6552.0
2026-08-18,34,AKZO,299499333,원재료,78.0,104.0,10973,855894.0,0,0.0,0,0.0,0,0.0,0,0.0,0,0.0,0,0.0,0,0.0,0,0,0,0,0.0,0,0.0,10973,855894.0,0,0,1220,95160.0
2026-08-18,34,NX4-PE(TUCSON),299706703,C,,23.0,0,0.0,1057,67657.0,705,45104.6,252,16108.8,201,12887.0,128,8192.0,2517,161088.0,629,40256.0,123,369,154,3072,196608.0,170,10880.0,6218,397952.0,364,400,-571,-36544.0
2026-08-18,34,CK(STINGER),299849540,B,56.0,71.0,0,0.0,233,13030.1,155,8686.7,55,3102.4,44,2481.9,27,1512.0,554,31024.0,138,7728.0,27,81,34,676,37856.0,36,2016.0,1368,76608.0,66,73,69,3864.0
2026-08-18,34,M-300,206201579,A/S,201.0,,0,0.0,543,109155.1,362,72770.0,129,25989.3,103,20791.4,385,77385.0,1293,259893.0,323,64923.0,63,189,79,1578,317178.0,511,102711.0,3194,641994.0,111,122,101,20301.0
2026-08-18,34,RG3(K9),299492490,D,179.0,,0,0.0,6405,1146419.8,4270,764279.9,1525,272957.1,1220,218365.7,760,136040.0,15249,2729571.0,3812,682348.0,745,2234,931,18613,3331727.0,1008,180432.0,37674,6743646.0,2041,2245,-4264,-763256.0
2026-08-18,34,CK(STINGER),202403336,A/S,50.0,192.0,0,0.0,244,12180.0,162,8120.0,58,2900.0,46,2320.0,183,9150.0,580,29000.0,145,7250.0,28,85,35,707,35350.0,242,12100.0,1432,71600.0,107,118,52,2600.0
2026-08-18,34,HG(GRANDUER),206793071,A/S,75.0,,0,0.0,112,8379.0,74,5586.0,27,1995.0,21,1596.0,94,7050.0,266,19950.0,67,5025.0,13,39,16,325,24375.0,124,9300.0,658,49350.0,35,38,-26,-1950.0
2026-08-18,34,TQ(STAREX),206442672,A/S,61.0,281.0,0,0.0,41,2510.8,27,1673.8,10,597.8,8,478.2,31,1891.0,98,5978.0,24,1464.0,5,14,6,119,7259.0,41,2501.0,241,14701.0,11,12,-16,-976.0
2026-08-18,34,RG3(K9),CA4698807C,A/S,76.0,,0,0.0,47,3575.0,31,2383.4,11,851.2,9,681.0,35,2660.0,112,8512.0,28,2128.0,5,16,7,137,10412.0,46,3496.0,277,21052.0,14,15,-5,-380.0
2026-08-18,34,DH(G80),299346700,A/S,60.0,,0,0.0,29,1764.0,20,1176.0,7,420.0,6,336.0,24,1440.0,70,4200.0,18,1080.0,3,10,4,86,5160.0,32,1920.0,174,10440.0,13,14,-1,-60.0
2026-08-18,34,LX2(PALISADE),206638910,E,,,0,0.0,411,26315.5,274,17543.7,98,6265.6,78,5012.5,52,3328.0,979,62656.0,245,15680.0,48,143,60,1195,76480.0,69,4416.0,2419,154816.0,209,230,-22,-1408.0
2026-08-18,34,YP(CARNIVAL),299455434,A/S,29.0,96.0,0,0.0,13,377.6,9,251.7,3,89.9,2,71.9,10,290.0,31,899.0,8,232.0,2,5,2,38,1102.0,14,406.0,77,2233.0,5,6,12,348.0
2026-08-18,34,CN7(AVANTE),299253556,A/S,44.0,,0,0.0,165,7244.2,110,4829.4,39,1724.8,31,1379.8,127,5588.0,392,17248.0,98,4312.0,19,57,24,478,21032.0,169,7436.0,968,42592.0,39,43,61,2684.0
2026-08-18,34,CV,299154098,A/S,108.0,,0,0.0,209,22543.9,139,15029.3,50,5367.6,40,4294.1,162,17496.0,497,53676.0,124,13392.0,24,73,30,607,65556.0,215,23220.0,1228,132624.0,72,79,109,11772.0
2026-08-18,34,LX2(PALISADE),299205498,A/S,78.0,262.0,0,0.0,181,14119.6,121,9413.0,43,3361.8,34,2689.4,138,10764.0,431,33618.0,108,8424.0,21,63,26,526,41028.0,182,14196.0,1065,83070.0,0,70,-22,-1716.0
2026-08-18,34,AD-100,299606593,C,18.0,28.0,0,0.0,177,3182.8,118,2121.8,42,757.8,34,606.2,22,396.0,421,7578.0,105,1890.0,21,62,26,514,9252.0,29,522.0,1040,18720.0,69,76,30,540.0
2026-08-18,34,"SX2(KONA,HMC)",299561913,C,67.0,77.0,0,0.0,937,62752.2,624,41834.8,223,14941.0,178,11952.8,115,7705.0,2230,149410.0,557,37319.0,109,327,136,2722,182374.0,152,10184.0,5509,369103.0,328,361,-165,-11055.0
2026-08-18,34,LX2(PALISADE),201203139,D,79.0,95.0,0,0.0,483,38190.2,322,25460.1,115,9092.9,92,7274.3,56,4424.0,1151,90929.0,288,22752.0,56,169,70,1405,110995.0,74,5846.0,2844,224676.0,149,164,-341,-26939.0
2026-08-18,34,RG3(K9),299928888,A/S,71.0,231.0,0,0.0,252,17892.0,168,11928.0,60,4260.0,48,3408.0,207,14697.0,600,42600.0,150,10650.0,29,88,37,733,52043.0,275,19525.0,1483,105293.0,51,56,-73,-5183.0
2026-08-18,34,MX5(SANTAFE),299613101,A/S,39.0,166.0,0,0.0,35,1359.5,23,906.4,8,323.7,7,259.0,25,975.0,83,3237.0,21,819.0,4,12,5,101,3939.0,34,1326.0,205,7995.0,12,13,15,585.0
2026-08-18,34,AD-100,299121975,A/S,18.0,65.0,0,0.0,29,529.2,20,352.8,7,126.0,6,100.8,23,414.0,70,1260.0,18,324.0,3,10,4,86,1548.0,31,558.0,174,3132.0,11,12,18,324.0
2026-08-18,34,SM,299865732,A/S,48.0,202.0,0,0.0,50,2378.9,33,1585.9,12,566.4,9,453.1,44,2112.0,118,5664.0,30,1440.0,6,17,7,145,6960.0,58,2784.0,293,14064.0,17,19,-21,-1008.0
2026-08-18,34,RG3(K9),299973856,A/S,265.0,,0,0.0,441,116753.7,294,77835.8,105,27798.5,84,22238.8,312,82680.0,1049,277985.0,262,69430.0,51,154,64,1281,339465.0,414,109710.0,2592,686880.0,134,147,94,24910.0
2026-08-18,34,HG(GRANDUER),299816369,E,71.0,,0,0.0,656,46578.8,437,31052.6,156,11090.2,125,8872.2,70,4970.0,1562,110902.0,390,27690.0,76,229,95,1906,135326.0,93,6603.0,3858,273918.0,300,330,172,12212.0
2026-08-18,34,M-300,299453506,A/S,31.0,,0,0.0,87,2695.1,58,1796.8,21,641.7,17,513.4,69,2139.0,207,6417.0,52,1612.0,10,30,13,252,7812.0,92,2852.0,511,15841.0,17,19,0,0.0
2026-08-18,34,AD-100,299686902,A/S,,,0,0.0,46,2956.8,31,1971.2,11,704.0,9,563.2,35,2240.0,110,7040.0,27,1728.0,5,16,7,134,8576.0,47,3008.0,271,17344.0,18,20,7,448.0
2026-08-18,34,DH(G80),299471798,A/S,266.0,899.0,0,0.0,639,170037.8,426,113358.6,152,40485.2,122,32388.2,468,124488.0,1522,404852.0,381,101346.0,74,223,93,1858,494228.0,620,164920.0,3761,1000426.0,240,264,-120,-31920.0
2026-08-18,34,YP(CARNIVAL),CA4181548A,A/S,31.0,,0,0.0,43,1341.1,29,894.0,10,319.3,8,255.4,30,930.0,103,3193.0,26,806.0,5,15,6,126,3906.0,40,1240.0,255,7905.0,18,20,24,744.0
2026-08-18,34,OS(KONA),299502445,A/S,57.0,,0,0.0,130,7397.5,87,4931.6,31,1761.3,25,1409.0,95,5415.0,309,17613.0,77,4389.0,15,45,19,377,21489.0,125,7125.0,763,43491.0,30,33,10,570.0
2026-08-18,34,SP2(SORENTO),299643535,A,58.0,,0,0.0,163,9451.7,109,6301.1,39,2250.4,31,1800.3,22,1276.0,388,22504.0,97,5626.0,19,57,24,474,27492.0,29,1682.0,959,55622.0,70,77,5,290.0
2026-08-18,34,EG,658W41946,A/S,747.0,2303.0,0,0.0,542,404724.6,361,269816.4,129,96363.0,103,77090.4,407,304029.0,1290,963630.0,323,241281.0,63,189,79,2992,2235397.5,539,402633.0,4605,3440308.5,50,156,16,11952.0
2026-08-18,34,SM,299820149,A/S,115.0,455.0,0,0.0,326,37480.8,217,24987.2,78,8924.0,62,7139.2,245,28175.0,776,89240.0,194,22310.0,38,114,47,947,108905.0,324,37260.0,1917,220455.0,117,129,165,18975.0
2026-08-18,34,LX2(PALISADE),299564438,D,104.0,101.0,0,0.0,995,103477.9,663,68985.3,237,24637.6,190,19710.1,117,12168.0,2369,246376.0,592,61568.0,116,347,145,2891,300664.0,156,16224.0,5852,608608.0,325,358,97,10088.0
2026-08-18,34,HG(GRANDUER),201716017,A/S,51.0,203.0,0,0.0,33,1670.8,22,1113.8,8,397.8,6,318.2,27,1377.0,78,3978.0,20,1020.0,4,11,5,95,4845.0,35,1785.0,193,9843.0,9,10,-7,-357.0
2026-08-18,34,M-300,299623108,A/S,57.0,240.0,0,0.0,149,8474.8,99,5649.8,35,2017.8,28,1614.2,110,6270.0,354,20178.0,88,5016.0,17,52,22,432,24624.0,146,8322.0,874,49818.0,38,42,95,5415.0
2026-08-18,34,YP(CARNIVAL),299224395,A/S,24.0,,0,0.0,60,1431.4,40,954.2,14,340.8,11,272.6,45,1080.0,142,3408.0,36,864.0,7,21,9,174,4176.0,60,1440.0,352,8448.0,17,19,41,984.0
2026-08-18,34,JF(K5),206414410,A/S,275.0,1049.0,0,0.0,683,187918.5,456,125279.0,163,44742.5,130,35794.0,480,132000.0,1627,447425.0,407,111925.0,79,238,99,1986,546150.0,637,175175.0,4020,1105500.0,273,300,296,81400.0
2026-08-18,34,ON(TELLURIDE),299483323,C,30.0,29.0,0,0.0,675,20260.8,450,13507.2,161,4824.0,129,3859.2,83,2490.0,1608,48240.0,402,12060.0,79,236,98,1963,58890.0,110,3300.0,3973,119190.0,232,255,212,6360.0
2026-08-18,34,JB,299631904,E,26.0,,0,0.0,423,11007.4,282,7338.2,101,2620.8,81,2096.6,47,1222.0,1008,26208.0,252,6552.0,49,148,62,1231,32006.0,63,1638.0,2491,64766.0,112,123,48,1248.0
2026-08-18,34,GN7(GRANDUER),299179751,D,22.0,38.0,0,0.0,112,2467.1,75,1644.7,27,587.4,21,469.9,13,286.0,267,5874.0,67,1474.0,13,39,16,326,7172.0,17,374.0,660,14520.0,46,51,60,1320.0
2026-08-18,34,JX1,299664147,A/S,131.0,402.0,0,0.0,227,29765.8,151,19843.9,54,7087.1,43,5669.7,173,22663.0,541,70871.0,135,17685.0,26,79,33,660,86460.0,228,29868.0,1336,175016.0,74,81,29,3799.0
2026-08-18,34,DH(G80),299491336,A/S,78.0,316.0,0,0.0,247,19230.1,164,12820.1,59,4578.6,47,3662.9,191,14898.0,587,45786.0,147,11466.0,29,86,36,717,55926.0,253,19734.0,1451,113178.0,111,122,47,3666.0
2026-08-18,34,HG(GRANDUER),299118068,A/S,83.0,343.0,0,0.0,240,19939.9,160,13293.3,57,4747.6,46,3798.1,188,15604.0,572,47476.0,143,11869.0,28,84,35,698,57934.0,249,20667.0,1413,117279.0,0,72,-1,-83.0
2026-08-18,34,JB,299327572,A/S,95.0,340.0,0,0.0,249,23620.8,166,15747.2,59,5624.0,47,4499.2,191,18145.0,592,56240.0,148,14060.0,29,87,36,722,68590.0,253,24035.0,1462,138890.0,90,99,42,3990.0
2026-08-18,34,TQ(STAREX),299493866,C,18.0,27.0,0,0.0,81,1451.5,54,967.7,19,345.6,15,276.5,10,180.0,192,3456.0,48,864.0,9,28,12,235,4230.0,13,234.0,475,8550.0,21,23,-19,-342.0
2026-08-18,34,TM,206710018,A/S,,419.0,0,0.0,502,32148.5,335,21432.3,120,7654.4,96,6123.5,397,25408.0,1196,76544.0,299,19136.0,58,175,73,1460,93440.0,526,33664.0,2955,189120.0,161,177,-279,-17856.0
2026-08-18,34,DH(G80),299749266,A/S,44.0,,0,0.0,316,13897.0,211,9264.6,75,3308.8,60,2647.0,245,10780.0,752,33088.0,188,8272.0,37,110,46,918,40392.0,324,14256.0,1858,81752.0,122,134,-85,-3740.0
2026-08-18,34,RG3(K9),299866012,A/S,269.0,,0,0.0,228,61235.2,152,40823.4,54,14579.8,43,11663.8,195,52455.0,542,145798.0,136,36584.0,26,79,33,662,178078.0,258,69402.0,1340,360460.0,74,81,-76,-20444.0
2026-08-18,34,TQ(STAREX),206533174,A/S,155.0,752.0,0,0.0,207,32159.4,138,21439.6,49,7657.0,40,6125.6,152,23560.0,494,76570.0,124,19220.0,24,72,30,603,93465.0,202,31310.0,1221,189255.0,56,62,120,18600.0
2026-08-18,34,TM,299789380,A/S,79.0,259.0,0,0.0,124,9788.1,83,6525.4,30,2330.5,24,1864.4,91,7189.0,295,23305.0,74,5846.0,14,43,18,360,28440.0,121,9559.0,729,57591.0,46,51,19,1501.0
2026-08-18,34,HG(GRANDUER),299127843,A/S,163.0,682.0,0,0.0,965,157252.6,643,104835.1,230,37441.1,184,29952.9,862,140506.0,2297,374411.0,574,93562.0,112,336,140,2803,456889.0,1142,186146.0,5674,924862.0,253,278,-621,-101223.0
2026-08-18,34,AE(IONIQ),705W27585,A/S,68.0,,0,0.0,223,15165.4,149,10110.2,53,3610.8,42,2888.6,185,12580.0,531,36108.0,133,9044.0,26,78,32,648,44064.0,246,16728.0,1312,89216.0,94,103,-81,-5508.0
2026-08-18,34,ON(TELLURIDE),299586744,A/S,41.0,136.0,0,0.0,34,1394.8,23,929.9,8,332.1,6,265.7,28,1148.0,81,3321.0,20,820.0,4,12,5,99,4059.0,37,1517.0,200,8200.0,14,15,0,0.0
2026-08-18,34,PAINT,299410173,원재료,12.0,16.0,2012,24144.0,0,0.0,0,0.0,0,0.0,0,0.0,0,0.0,0,0.0,0,0.0,0,0,0,0,0.0,0,0.0,2012,24144.0,0,0,178,2136.0
2026-08-18,34,CN7(AVANTE),206125865,A/S,145.0,638.0,0,0.0,909,131848.5,606,87899.0,216,31392.5,173,25114.0,669,97005.0,2165,313925.0,541,78445.0,106,317,132,2643,383235.0,887,128615.0,5349,775605.0,331,364,368,53360.0
2026-08-18,34,AE(IONIQ),299312933,A/S,113.0,346.0,0,0.0,45,5030.8,30,3353.8,11,1197.8,8,958.2,31,3503.0,106,11978.0,27,3051.0,5,15,6,129,14577.0,42,4746.0,262,29606.0,15,16,17,1921.0
2026-08-18,34,CV,299603334,A/S,33.0,111.0,0,0.0,26,859.3,17,572.9,6,204.6,5,163.7,21,693.0,62,2046.0,15,495.0,3,9,4,76,2508.0,27,891.0,153,5049.0,5,6,5,165.0
2026-08-18,34,TM,299478609,A/S,158.0,698.0,0,0.0,845,133516.3,563,89010.9,201,31789.6,161,25431.7,641,101278.0,2012,317896.0,503,79474.0,98,295,123,2456,388048.0,850,134300.0,4971,785418.0,256,282,-3,-474.0
2026-08-18,34,DN8(SONATA),299286144,A/S,80.0,,0,0.0,258,20664.0,172,13776.0,62,4920.0,49,3936.0,201,16080.0,615,49200.0,154,12320.0,30,90,38,750,60000.0,267,21360.0,1519,121520.0,90,99,-112,-8960.0
2026-08-18,34,YP(CARNIVAL),202531352,A/S,,,0,0.0,334,21396.5,223,14264.3,80,5094.4,64,4075.5,291,18624.0,796,50944.0,199,12736.0,39,117,49,971,62144.0,386,24704.0,1966,125824.0,83,91,-89,-5696.0
2026-08-18,34,JB,206415163,A/S,,113.0,0,0.0,26,1693.4,18,1129.0,6,403.2,5,322.6,18,1152.0,63,4032.0,16,1024.0,3,9,4,77,4928.0,24,1536.0,156,9984.0,8,9,5,320.0
2026-08-18,34,LX2(PALISADE),299771782,A/S,143.0,478.0,0,0.0,576,82402.3,384,54934.9,137,19619.6,110,15695.7,481,68783.0,1372,196196.0,343,49049.0,67,201,84,1674,239382.0,637,91091.0,3389,484627.0,176,194,-176,-25168.0
2026-08-18,34,JX1,299391054,D,97.0,108.0,0,0.0,610,59154.5,407,39436.3,145,14084.4,116,11267.5,65,6305.0,1452,140844.0,363,35211.0,71,213,89,1772,171884.0,86,8342.0,3587,347939.0,211,232,71,6887.0
2026-08-18,34,M-300,CA6495485B,D,60.0,59.0,0,0.0,272,16329.6,181,10886.4,65,3888.0,52,3110.4,33,1980.0,648,38880.0,162,9720.0,32,95,40,791,47460.0,44,2640.0,1601,96060.0,94,103,197,11820.0
2026-08-18,34,AD-100,299146174,D,45.0,48.0,0,0.0,1162,52277.4,774,34851.6,277,12447.0,221,9957.6,123,5535.0,2766,124470.0,692,31140.0,135,405,169,3376,151920.0,163,7335.0,6834,307530.0,524,576,77,3465.0
2026-08-18,34,TQ(STAREX),206582214,E,191.0,199.0,0,0.0,685,130919.0,457,87279.4,163,31171.2,131,24937.0,76,14516.0,1632,311712.0,408,77928.0,80,239,100,1993,380663.0,101,19291.0,4033,770303.0,231,254,98,18718.0
2026-08-18,34,YP(CARNIVAL),299858730,,57.0,,0,0.0,77,4381.0,51,2920.7,18,1043.1,15,834.5,54,3078.0,183,10431.0,46,2622.0,9,27,11,224,12768.0,72,4104.0,453,25821.0,27,30,32,1824.0
2026-08-18,34,AE-PE(IONIQ),299778579,A/S,28.0,88.0,0,0.0,59,1646.4,39,1097.6,14,392.0,11,313.6,41,1148.0,140,3920.0,35,980.0,7,21,9,171,4788.0,54,1512.0,346,9688.0,22,24,22,616.0
2026-08-18,34,"SX2(KONA,HMC)",202681679,A/S,45.0,,0,0.0,89,4025.7,60,2683.8,21,958.5,17,766.8,77,3465.0,213,9585.0,53,2385.0,10,31,13,260,11700.0,102,4590.0,526,23670.0,33,36,30,1350.0
2026-08-18,34,"SX2(KONA,HMC)",299989960,A,164.0,,0,0.0,3013,494145.1,2009,329430.1,717,117653.6,574,94122.9,352,57728.0,7174,1176536.0,1793,294052.0,350,1051,438,8756,1435984.0,467,76588.0,17723,2906572.0,1278,1406,-1439,-235996.0
2026-08-18,34,AE-PE(IONIQ),299610783,A/S,21.0,,0,0.0,78,1640.5,52,1093.7,19,390.6,15,312.5,65,1365.0,186,3906.0,47,987.0,9,27,11,227,4767.0,86,1806.0,460,9660.0,24,26,23,483.0
2026-08-18,34,AD-100,299758828,E,31.0,34.0,0,0.0,180,5585.6,120,3723.7,43,1329.9,34,1063.9,21,651.0,429,13299.0,107,3317.0,21,63,26,996,30863.6,28,868.0,1532,47479.6,18,56,70,2170.0
2026-08-18,34,AD-100,202654640,A/S,18.0,70.0,0,0.0,30,544.3,20,362.9,7,129.6,6,103.7,25,450.0,72,1296.0,18,324.0,4,11,4,88,1584.0,33,594.0,178,3204.0,9,10,12,216.0
2026-08-18,34,JB,299477704,,173.0,,0,0.0,1011,174965.3,674,116643.5,241,41658.4,193,33326.7,826,142898.0,2408,416584.0,602,104146.0,118,353,147,2939,508447.0,1095,189435.0,5949,1029177.0,340,374,5,865.0
2026-08-18,34,EG,429W38369,A/S,98.0,443.0,0,0.0,13,1276.0,9,850.6,3,303.8,2,243.0,10,980.0,31,3038.0,8,784.0,2,5,2,38,3724.0,14,1372.0,77,7546.0,5,6,-5,-490.0
2026-08-18,34,TQ(STAREX),299783226,A/S,,94.0,0,0.0,437,27982.1,291,18654.7,104,6662.4,83,5329.9,319,20416.0,1041,66624.0,260,16640.0,51,152,64,1270,81280.0,423,27072.0,2571,164544.0,184,202,120,7680.0
2026-08-18,34,DH(G80),299361437,A/S,53.0,167.0,0,0.0,17,912.7,11,608.4,4,217.3,3,173.8,15,795.0,41,2173.0,10,530.0,2,6,2,50,2650.0,19,1007.0,101,5353.0,6,7,0,0.0
2026-08-18,34,OS(KONA),299807673,A/S,43.0,,0,0.0,150,6465.5,100,4310.3,36,1539.4,29,1231.5,105,4515.0,358,15394.0,89,3827.0,17,52,22,436,18748.0,138,5934.0,883,37969.0,57,63,0,0.0
2026-08-18,34,JF(K5),206217060,A/S,29.0,,0,0.0,66,1912.3,44,1274.8,16,455.3,13,364.2,48,1392.0,157,4553.0,39,1131.0,8,23,10,192,5568.0,63,1827.0,388,11252.0,29,32,58,1682.0
2026-08-18,34,LX2(PALISADE),206988877,A/S,60.0,,0,0.0,93,5569.2,62,3712.8,22,1326.0,18,1060.8,73,4380.0,221,13260.0,55,3300.0,11,32,13,269,16140.0,97,5820.0,545,32700.0,17,19,-16,-960.0
2026-08-18,34,VQ,299871579,C,39.0,,0,0.0,165,6437.3,110,4291.6,39,1532.7,31,1226.2,18,702.0,393,15327.0,98,3822.0,19,58,24,480,18720.0,24,936.0,971,37869.0,55,61,10,390.0
2026-08-18,34,AE(IONIQ),299173123,A/S,214.0,745.0,0,0.0,1176,251753.9,784,167835.9,280,59941.4,224,47953.1,911,194954.0,2801,599414.0,700,149800.0,137,410,171,3419,731666.0,1207,258298.0,6920,1480880.0,322,354,-670,-143380.0
2026-08-18,34,LX2(PALISADE),299553388,A/S,238.0,1150.0,0,0.0,404,96261.5,270,64174.3,96,22919.4,77,18335.5,308,73304.0,963,229194.0,241,57358.0,47,141,59,1175,279650.0,408,97104.0,2379,566202.0,154,169,-151,-35938.0
2026-08-18,34,CK(STINGER),299917353,A/S,86.0,239.0,0,0.0,486,41754.7,324,27836.5,116,9941.6,92,7953.3,356,30616.0,1156,99416.0,289,24854.0,56,169,71,1411,121346.0,472,40592.0,2856,245616.0,131,144,129,11094.0
2026-08-18,34,ON(TELLURIDE),CA2453321A,A/S,93.0,360.0,0,0.0,66,6093.4,44,4062.2,16,1450.8,12,1160.6,54,5022.0,156,14508.0,39,3627.0,8,23,10,191,17763.0,72,6696.0,386,35898.0,21,23,-15,-1395.0
2026-08-18,34,JX1,299718750,A/S,98.0,406.0,0,0.0,103,10084.2,69,6722.8,24,2401.0,20,1920.8,69,6762.0,245,24010.0,61,5978.0,12,36,15,299,29302.0,91,8918.0,605,59290.0,41,45,69,6762.0
2026-08-18,34,DN8(SONATA),299769202,A/S,53.0,188.0,0,0.0,64,3405.8,43,2270.5,15,810.9,12,648.7,56,2968.0,153,8109.0,38,2014.0,7,22,9,355,18830.9,74,3922.0,546,28953.9,6,18,-30,-1590.0
2026-08-18,34,NX4-PE(TUCSON),299320650,A/S,18.0,89.0,0,0.0,79,1413.7,52,942.5,19,336.6,15,269.3,62,1116.0,187,3366.0,47,846.0,9,27,11,228,4104.0,83,1494.0,462,8316.0,19,21,5,90.0
2026-08-18,34,OS(KONA),299689067,B,55.0,50.0,0,0.0,272,14945.7,181,9963.8,65,3558.5,52,2846.8,29,1595.0,647,35585.0,162,8910.0,32,95,40,790,43450.0,39,2145.0,1599,87945.0,99,109,127,6985.0
2026-08-18,34,CN7(AVANTE),201416381,A/S,71.0,,0,0.0,32,2266.3,21,1510.9,8,539.6,6,431.7,27,1917.0,76,5396.0,19,1349.0,4,11,5,93,6603.0,36,2556.0,188,13348.0,11,12,0,0.0
2026-08-18,34,DH(G80),299342537,B,61.0,69.0,0,0.0,245,14936.5,163,9957.6,58,3556.3,47,2845.0,31,1891.0,583,35563.0,146,8906.0,28,85,36,712,43432.0,41,2501.0,1441,87901.0,70,77,115,7015.0
2026-08-18,34,"SX2(KONA,HMC)",299329897,A/S,144.0,,0,0.0,470,67616.6,313,45077.8,112,16099.2,89,12879.4,339,48816.0,1118,160992.0,279,40176.0,55,164,68,1364,196416.0,449,64656.0,2761,397584.0,153,168,166,23904.0
2026-08-18,34,CK(STINGER),206355280,A/S,63.0,300.0,0,0.0,18,1137.8,12,758.5,4,270.9,3,216.7,16,1008.0,43,2709.0,11,693.0,2,6,3,52,3276.0,21,1323.0,106,6678.0,6,7,-3,-189.0
2026-08-18,34,PAINT,299593591,원재료,97.0,,1935,187695.0,0,0.0,0,0.0,0,0.0,0,0.0,0,0.0,0,0.0,0,0.0,0,0,0,0,0.0,0,0.0,1935,187695.0,0,0,71,6887.0
2026-08-18,34,CK(STINGER),CA4533565D,A/S,34.0,153.0,0,0.0,190,6468.8,127,4312.6,45,1540.2,36,1232.2,140,4760.0,453,15402.0,113,3842.0,22,66,28,553,18802.0,186,6324.0,1119,38046.0,68,75,119,4046.0
2026-08-18,34,GN7(GRANDUER),CA6877942C,E,55.0,57.0,0,0.0,247,13582.8,165,9055.2,59,3234.0,47,2587.2,32,1760.0,588,32340.0,147,8085.0,29,86,36,718,39490.0,42,2310.0,1453,79915.0,68,75,-129,-7095.0
2026-08-18,34,CN7(AVANTE),993W29113,A/S,61.0,220.0,0,0.0,144,8813.3,96,5875.5,34,2098.4,28,1678.7,107,6527.0,344,20984.0,86,5246.0,17,50,21,420,25620.0,142,8662.0,850,51850.0,55,61,18,1098.0
2026-08-18,34,M-300,206599420,A/S,112.0,511.0,0,0.0,211,23661.1,141,15774.1,50,5633.6,40,4506.9,141,15792.0,503,56336.0,126,14112.0,25,74,31,614,68768.0,187,20944.0,1243,139216.0,89,98,225,25200.0
2026-08-18,34,CV,299388880,B,20.0,,0,0.0,68,1352.4,45,901.6,16,322.0,13,257.6,8,160.0,161,3220.0,40,800.0,8,24,10,197,3940.0,11,220.0,398,7960.0,23,25,-9,-180.0
2026-08-18,34,SG2,CA5335643C,A/S,39.0,,0,0.0,79,3063.1,52,2042.0,19,729.3,15,583.4,63,2457.0,187,7293.0,47,1833.0,9,27,11,228,8892.0,84,3276.0,462,18018.0,28,31,-25,-975.0
2026-08-18,34,GN7(GRANDUER),299521274,B,25.0,,0,0.0,753,18837.0,502,12558.0,179,4485.0,144,3588.0,94,2350.0,1794,44850.0,449,11225.0,88,263,110,2190,54750.0,124,3100.0,4433,110825.0,279,307,-112,-2800.0
2026-08-18,34,SG2,299756720,A/S,,392.0,0,0.0,11,725.8,8,483.8,3,172.8,2,138.2,9,576.0,27,1728.0,7,448.0,1,4,2,33,2112.0,12,768.0,67,4288.0,5,6,5,320.0
2026-08-18,34,JX1,299162431,E,66.0,71.0,0,0.0,226,14885.6,150,9923.8,54,3544.2,43,2835.4,24,1584.0,537,35442.0,134,8844.0,26,79,33,655,43230.0,32,2112.0,1326,87516.0,85,94,77,5082.0
2026-08-18,34,SP2(SORENTO),299158958,A/S,46.0,151.0,0,0.0,431,19822.3,287,13214.9,103,4719.6,82,3775.7,319,14674.0,1026,47196.0,257,11822.0,50,150,63,1253,57638.0,423,19458.0,2536,116656.0,82,90,98,4508.0
2026-08-18,34,HG(GRANDUER),206186147,C,72.0,90.0,0,0.0,541,38949.1,361,25966.1,129,9273.6,103,7418.9,59,4248.0,1288,92736.0,322,23184.0,63,189,79,1572,113184.0,78,5616.0,3182,229104.0,134,147,192,13824.0
2026-08-18,34,JX1,299169463,A/S,37.0,99.0,0,0.0,160,5920.7,107,3947.2,38,1409.7,30,1127.8,129,4773.0,381,14097.0,95,3515.0,19,56,23,466,17242.0,172,6364.0,942,34854.0,52,57,114,4218.0
2026-08-18,34,AE-PE(IONIQ),299133621,A/S,44.0,163.0,0,0.0,109,4804.8,73,3203.2,26,1144.0,21,915.2,85,3740.0,260,11440.0,65,2860.0,13,38,16,318,13992.0,114,5016.0,643,28292.0,41,45,-11,-484.0
2026-08-18,34,RESIN,202211897,원재료,56.0,56.0,2605,145880.0,0,0.0,0,0.0,0,0.0,0,0.0,0,0.0,0,0.0,0,0.0,0,0,0,0,0.0,0,0.0,2605,145880.0,0,0,4,224.0
2026-08-18,34,"SX2(KONA,HMC)",299925119,A/S,233.0,657.0,0,0.0,604,140820.5,403,93880.4,144,33528.7,115,26823.0,419,97627.0,1439,335287.0,360,83880.0,70,211,88,1756,409148.0,556,129548.0,3555,828315.0,221,243,247,57551.0
2026-08-18,34,DN8(SONATA),206864236,A/S,36.0,90.0,0,0.0,134,4823.3,89,3215.5,32,1148.4,26,918.7,103,3708.0,319,11484.0,80,2880.0,16,47,20,390,14040.0,136,4896.0,789,28404.0,49,54,0,0.0
2026-08-18,34,VQ,CA1740941E,A/S,125.0,530.0,0,0.0,20,2520.0,13,1680.0,5,600.0,4,480.0,14,1750.0,48,6000.0,12,1500.0,2,7,3,58,7250.0,19,2375.0,118,14750.0,4,4,10,1250.0
2026-08-18,34,JX1,206247043,A/S,37.0,126.0,0,0.0,42,1554.0,28,1036.0,10,370.0,8,296.0,34,1258.0,100,3700.0,25,925.0,5,15,6,122,4514.0,45,1665.0,247,9139.0,14,15,10,370.0
2026-08-18,34,NX4-PE(TUCSON),299665143,A/S,66.0,186.0,0,0.0,117,7706.2,78,5137.4,28,1834.8,22,1467.8,92,6072.0,278,18348.0,69,4554.0,14,41,17,339,22374.0,121,7986.0,686,45276.0,39,43,-20,-1320.0
2026-08-18,34,PAINT,202772289,원재료,15.0,22.0,279,4185.0,0,0.0,0,0.0,0,0.0,0,0.0,0,0.0,0,0.0,0,0.0,0,0,0,0,0.0,0,0.0,279,4185.0,0,0,32,480.0
2026-08-18,34,HG(GRANDUER),299294710,A/S,61.0,315.0,0,0.0,166,10119.9,111,6746.6,40,2409.5,32,1927.6,135,8235.0,395,24095.0,99,6039.0,19,58,24,482,29402.0,178,10858.0,976,59536.0,57,63,74,4514.0
2026-08-18,34,CV,299479238,A/S,28.0,88.0,0,0.0,257,7185.4,171,4790.2,61,1710.8,49,1368.6,227,6356.0,611,17108.0,153,4284.0,30,90,37,746,20888.0,301,8428.0,1510,42280.0,57,63,-2,-56.0
2026-08-18,34,TQ(STAREX),299947331,A/S,36.0,157.0,0,0.0,107,3855.6,71,2570.4,26,918.0,20,734.4,76,2736.0,255,9180.0,64,2304.0,12,37,16,311,11196.0,101,3636.0,630,22680.0,42,46,7,252.0
2026-08-18,34,TM,202271242,A/S,43.0,,0,0.0,43,1842.1,29,1228.1,10,438.6,8,350.9,34,1462.0,102,4386.0,26,1118.0,5,15,6,125,5375.0,45,1935.0,253,10879.0,11,12,7,301.0
2026-08-18,34,"SX2(KONA,HMC)",299136906,A/S,128.0,377.0,0,0.0,100,12741.1,66,8494.1,24,3033.6,19,2426.9,74,9472.0,237,30336.0,59,7552.0,12,35,14,290,37120.0,99,12672.0,586,75008.0,32,35,-72,-9216.0
2026-08-18,34,M-300,CA6426678A,A/S,112.0,,0,0.0,141,15758.4,94,10505.6,34,3752.0,27,3001.6,120,13440.0,335,37520.0,84,9408.0,16,49,20,409,45808.0,159,17808.0,828,92736.0,47,52,15,1680.0
2026-08-18,34,JB,299612004,E,14.0,18.0,0,0.0,228,3198.7,152,2132.5,54,761.6,44,609.3,29,406.0,544,7616.0,136,1904.0,27,80,33,665,9310.0,39,546.0,1345,18830.0,83,91,-90,-1260.0
2026-08-18,34,JF(K5),672W95059,A/S,45.0,,0,0.0,135,6066.9,90,4044.6,32,1444.5,26,1155.6,101,4545.0,321,14445.0,80,3600.0,16,47,20,392,17640.0,134,6030.0,793,35685.0,48,53,76,3420.0
2026-08-18,34,VQ,299372520,A/S,,115.0,0,0.0,277,17740.8,185,11827.2,66,4224.0,53,3379.2,225,14400.0,660,42240.0,165,10560.0,32,97,40,806,51584.0,298,19072.0,1631,104384.0,83,91,42,2688.0
2026-08-18,34,JF(K5),202780224,A/S,95.0,,0,0.0,770,73136.7,513,48757.8,183,17413.5,147,13930.8,629,59755.0,1833,174135.0,458,43510.0,90,269,112,2238,212610.0,833,79135.0,4529,430255.0,207,228,129,12255.0
2026-08-18,34,DN8(SONATA),206443258,A/S,23.0,79.0,0,0.0,32,743.8,22,495.9,8,177.1,6,141.7,27,621.0,77,1771.0,19,437.0,4,11,5,94,2162.0,36,828.0,190,4370.0,11,12,-6,-138.0
2026-08-18,34,PAINT,206228314,원재료,,,1936,123904.0,0,0.0,0,0.0,0,0.0,0,0.0,0,0.0,0,0.0,0,0.0,0,0,0,0,0.0,0,0.0,1936,123904.0,0,0,-2,-128.0
2026-08-18,34,NX4-PE(TUCSON),299912222,A/S,125.0,,0,0.0,200,24990.0,133,16660.0,48,5950.0,38,4760.0,149,18625.0,476,59500.0,119,14875.0,23,70,29,581,72625.0,198,24750.0,1176,147000.0,40,44,97,12125.0
2026-08-18,34,M-300,CA5593431B,D,24.0,37.0,0,0.0,256,6138.7,171,4092.5,61,1461.6,49,1169.3,34,816.0,609,14616.0,152,3648.0,30,89,37,744,17856.0,45,1080.0,1505,36120.0,94,103,-8,-192.0
2026-08-18,34,LX2(PALISADE),299646858,,52.0,235.0,0,0.0,74,3865.7,50,2577.1,18,920.4,14,736.3,59,3068.0,177,9204.0,44,2288.0,9,26,11,217,11284.0,78,4056.0,438,22776.0,19,21,39,2028.0
2026-08-18,34,EG,299407508,A/S,71.0,251.0,0,0.0,628,44610.7,419,29740.5,150,10621.6,120,8497.3,428,30388.0,1496,106216.0,374,26554.0,73,219,91,1826,129646.0,567,40257.0,3696,262416.0,177,195,287,20377.0
2026-08-18,34,SP2(SORENTO),299479986,A/S,54.0,182.0,0,0.0,50,2698.9,33,1799.3,12,642.6,10,514.1,40,2160.0,119,6426.0,30,1620.0,6,18,7,146,7884.0,53,2862.0,295,15930.0,16,18,13,702.0
2026-08-18,34,NX4-PE(TUCSON),202903099,A/S,91.0,313.0,0,0.0,121,11007.4,81,7338.2,29,2620.8,23,2096.6,91,8281.0,288,26208.0,72,6552.0,14,42,18,351,31941.0,121,11011.0,711,64701.0,41,45,43,3913.0
2026-08-18,34,EG,299291046,A/S,69.0,246.0,0,0.0,265,18286.4,177,12190.9,63,4353.9,50,3483.1,209,14421.0,631,43539.0,158,10902.0,31,92,38,770,53130.0,277,19113.0,1559,107571.0,88,97,168,11592.0
2026-08-18,34,GN7(GRANDUER),206841310,A/S,,194.0,0,0.0,125,7983.4,83,5322.2,30,1900.8,24,1520.6,106,6784.0,297,19008.0,74,4736.0,15,44,18,363,23232.0,140,8960.0,734,46976.0,44,48,22,1408.0
2026-08-18,34,"SX2(KONA,HMC)",299211249,A/S,76.0,279.0,0,0.0,459,34888.6,306,23259.0,109,8306.8,87,6645.4,357,27132.0,1093,83068.0,273,20748.0,53,160,67,1334,101384.0,473,35948.0,2700,205200.0,179,197,285,21660.0
2026-08-18,34,SG2,299148267,A/S,112.0,,0,0.0,379,42477.1,253,28318.1,90,10113.6,72,8090.9,258,28896.0,903,101136.0,226,25312.0,44,132,55,1102,123424.0,342,38304.0,2231,249872.0,147,162,321,35952.0
2026-08-18,34,CV,299303935,A/S,48.0,214.0,0,0.0,77,3689.3,51,2459.5,18,878.4,15,702.7,57,2736.0,183,8784.0,46,2208.0,9,27,11,224,10752.0,76,3648.0,453,21744.0,20,22,24,1152.0
2026-08-18,34,YP(CARNIVAL),299270329,A/S,70.0,,0,0.0,182,12730.2,121,8486.8,43,3031.0,35,2424.8,149,10430.0,433,30310.0,108,7560.0,21,63,26,528,36960.0,198,13860.0,1069,74830.0,70,77,2,140.0
2026-08-18,34,SM,CA8269521E,C,164.0,,0,0.0,1423,233434.3,949,155622.9,339,55579.6,271,44463.7,165,27060.0,3389,555796.0,847,138908.0,165,496,207,4137,678468.0,219,35916.0,8373,1373172.0,467,514,-185,-30340.0
2026-08-18,34,"SX2(KONA,HMC)",299780561,A/S,30.0,126.0,0,0.0,324,9714.6,216,6476.4,77,2313.0,62,1850.4,244,7320.0,771,23130.0,193,5790.0,38,113,47,942,28260.0,324,9720.0,1906,57180.0,109,120,-122,-3660.0
2026-08-18,34,HG(GRANDUER),299773425,A/S,16.0,61.0,0,0.0,123,1962.2,82,1308.2,29,467.2,23,373.8,115,1840.0,292,4672.0,73,1168.0,14,43,18,357,5712.0,153,2448.0,722,11552.0,39,43,-63,-1008.0
2026-08-18,34,VQ,299169099,D,22.0,26.0,0,0.0,405,8907.4,270,5938.2,96,2120.8,77,1696.6,44,968.0,964,21208.0,241,5302.0,47,141,59,1176,25872.0,58,1276.0,2381,52382.0,161,177,94,2068.0
2026-08-18,34,DH(G80),299835954,E,32.0,45.0,0,0.0,69,2204.2,46,1469.4,16,524.8,13,419.8,8,256.0,164,5248.0,41,1312.0,8,24,10,200,6400.0,11,352.0,405,12960.0,19,21,-32,-1024.0
2026-08-18,34,HG(GRANDUER),202444611,A/S,36.0,,0,0.0,8,272.2,5,181.4,2,64.8,1,51.8,6,216.0,18,648.0,5,180.0,1,3,1,22,792.0,8,288.0,45,1620.0,3,3,4,144.0
2026-08-18,34,CK(STINGER),299663436,A/S,25.0,,0,0.0,112,2793.0,74,1862.0,27,665.0,21,532.0,96,2400.0,266,6650.0,66,1650.0,13,39,16,324,8100.0,127,3175.0,656,16400.0,32,35,58,1450.0
2026-08-18,34,TQ(STAREX),299499351,A/S,87.0,,0,0.0,267,23239.4,178,15493.0,64,5533.2,51,4426.6,194,16878.0,636,55332.0,159,13833.0,31,93,39,777,67599.0,257,22359.0,1572,136764.0,104,114,24,2088.0
2026-08-18,34,YP(CARNIVAL),299819078,A/S,83.0,293.0,0,0.0,169,14013.7,113,9342.5,40,3336.6,32,2669.3,133,11039.0,402,33366.0,100,8300.0,20,59,24,490,40670.0,177,14691.0,992,82336.0,67,74,-93,-7719.0
2026-08-18,34,PAINT,299723803,원재료,82.0,73.0,15168,1243776.0,0,0.0,0,0.0,0,0.0,0,0.0,0,0.0,0,0.0,0,0.0,0,0,0,0,0.0,0,0.0,15168,1243776.0,0,0,326,26732.0
2026-08-18,34,MX5(SANTAFE),299881826,C,24.0,,0,0.0,75,1794.2,50,1196.2,18,427.2,14,341.8,10,240.0,178,4272.0,45,1080.0,9,26,11,218,5232.0,13,312.0,441,10584.0,28,31,8,192.0
2026-08-18,34,YP(CARNIVAL),CA6857398E,A/S,36.0,150.0,0,0.0,144,5171.0,96,3447.4,34,1231.2,27,985.0,106,3816.0,342,12312.0,85,3060.0,17,50,21,417,15012.0,140,5040.0,844,30384.0,39,43,-144,-5184.0
2026-08-18,34,GN7(GRANDUER),206698377,A/S,,128.0,0,0.0,208,13305.6,139,8870.4,50,3168.0,40,2534.4,152,9728.0,495,31680.0,124,7936.0,24,72,30,604,38656.0,202,12928.0,1223,78272.0,96,106,20,1280.0
2026-08-18,34,"SX2(KONA,HMC)",299245011,A/S,159.0,,0,0.0,52,8280.7,35,5520.5,12,1971.6,10,1577.3,40,6360.0,124,19716.0,31,4929.0,6,18,8,151,24009.0,53,8427.0,306,48654.0,16,18,-11,-1749.0
2026-08-18,34,EG,299400116,A/S,78.0,206.0,0,0.0,433,33742.8,288,22495.2,103,8034.0,82,6427.2,328,25584.0,1030,80340.0,257,20046.0,50,151,63,1257,98046.0,435,33930.0,2544,198432.0,173,190,123,9594.0
2026-08-18,34,PAINT,299259764,원재료,39.0,,1112,43368.0,0,0.0,0,0.0,0,0.0,0,0.0,0,0.0,0,0.0,0,0.0,0,0,0,0,0.0,0,0.0,1112,43368.0,0,0,-13,-507.0
2026-08-18,34,RG3(K9),299420136,A/S,95.0,256.0,0,0.0,820,77924.7,547,51949.8,195,18553.5,156,14842.8,660,62700.0,1953,185535.0,488,46360.0,95,286,119,2384,226480.0,875,83125.0,4825,458375.0,452,497,348,33060.0
2026-08-18,34,DH(G80),CA9989171E,A/S,34.0,140.0,0,0.0,103,3498.6,69,2332.4,24,833.0,20,666.4,80,2720.0,245,8330.0,61,2074.0,12,36,15,299,10166.0,105,3570.0,605,20570.0,28,31,71,2414.0
2026-08-18,34,ON(TELLURIDE),299231603,A/S,69.0,,0,0.0,144,9911.2,96,6607.4,34,2359.8,27,1887.8,115,7935.0,342,23598.0,86,5934.0,17,50,21,418,28842.0,152,10488.0,846,58374.0,44,48,28,1932.0
2026-08-18,34,EG,206500401,D,18.0,15.0,0,0.0,147,2653.6,98,1769.0,35,631.8,28,505.4,18,324.0,351,6318.0,88,1584.0,17,51,21,428,7704.0,23,414.0,867,15606.0,35,38,25,450.0
2026-08-18,34,DH(G80),299225648,A/S,44.0,,0,0.0,95,4176.5,63,2784.3,23,994.4,18,795.5,74,3256.0,226,9944.0,57,2508.0,11,33,14,276,12144.0,98,4312.0,559,24596.0,0,29,-36,-1584.0
2026-08-18,34,CK(STINGER),299935789,A/S,61.0,235.0,0,0.0,52,3151.3,34,2100.8,12,750.3,10,600.2,39,2379.0,123,7503.0,31,1891.0,6,18,8,150,9150.0,51,3111.0,304,18544.0,26,29,13,793.0
2026-08-18,34,VQ,299657238,A/S,126.0,492.0,0,0.0,694,87476.8,463,58317.8,165,20827.8,132,16662.2,526,66276.0,1653,208278.0,413,52038.0,81,242,101,2017,254142.0,697,87822.0,4083,514458.0,233,256,302,38052.0
2026-08-18,34,CK(STINGER),202756678,A/S,108.0,,0,0.0,194,20956.3,129,13970.9,46,4989.6,37,3991.7,147,15876.0,462,49896.0,115,12420.0,23,68,28,563,60804.0,194,20952.0,1140,123120.0,42,46,-19,-2052.0
2026-08-18,34,NX4-PE(TUCSON),299315041,A/S,155.0,,0,0.0,132,20506.5,88,13671.0,32,4882.5,25,3906.0,93,14415.0,315,48825.0,79,12245.0,15,46,19,384,59520.0,123,19065.0,778,120590.0,58,64,78,12090.0
2026-08-18,34,DH(G80),299757104,D,327.0,,0,0.0,2347,767318.6,1564,511545.7,559,182694.9,447,146155.9,277,90579.0,5587,1826949.0,1397,456819.0,273,818,341,6820,2230140.0,368,120336.0,13804,4513908.0,940,1034,-904,-295608.0
2026-08-18,34,CK(STINGER),299776537,A/S,73.0,,0,0.0,52,3801.8,35,2534.6,12,905.2,10,724.2,42,3066.0,124,9052.0,31,2263.0,6,18,8,152,11096.0,56,4088.0,307,22411.0,21,23,8,584.0
2026-08-18,34,QL(TUCSON),299314481,E,125.0,,0,0.0,1407,175927.5,938,117285.0,335,41887.5,268,33510.0,162,20250.0,3351,418875.0,838,104750.0,164,491,204,4090,511250.0,215,26875.0,8279,1034875.0,457,503,-415,-51875.0
2026-08-18,34,SM,299521050,A/S,105.0,363.0,0,0.0,23,2425.5,15,1617.0,6,577.5,4,462.0,17,1785.0,55,5775.0,14,1470.0,3,8,3,68,7140.0,22,2310.0,137,14385.0,9,10,9,945.0
2026-08-18,34,CV,299575011,E,55.0,,0,0.0,408,22453.2,272,14968.8,97,5346.0,78,4276.8,45,2475.0,972,53460.0,243,13365.0,47,142,59,1186,65230.0,59,3245.0,2401,132055.0,173,190,176,9680.0
2026-08-18,34,OS(KONA),299869117,A/S,36.0,,0,0.0,44,1587.6,29,1058.4,10,378.0,8,302.4,40,1440.0,105,3780.0,26,936.0,5,15,6,129,4644.0,53,1908.0,260,9360.0,15,16,-38,-1368.0
2026-08-18,34,OS(KONA),299577432,A/S,78.0,290.0,0,0.0,208,16216.2,139,10810.8,50,3861.0,40,3088.8,154,12012.0,495,38610.0,124,9672.0,24,72,30,604,47112.0,205,15990.0,1223,95394.0,84,92,-7,-546.0
2026-08-18,34,SM,299926294,E,50.0,48.0,0,0.0,452,22617.0,302,15078.0,108,5385.0,86,4308.0,50,2500.0,1077,53850.0,269,13450.0,53,158,66,1314,65700.0,67,3350.0,2660,133000.0,170,187,101,5050.0
2026-08-18,34,GN7(GRANDUER),299217582,A/S,96.0,398.0,0,0.0,316,30320.6,211,20213.8,75,7219.2,60,5775.4,263,25248.0,752,72192.0,188,18048.0,37,110,46,918,88128.0,349,33504.0,1858,178368.0,89,98,12,1152.0
2026-08-18,34,JB,201681661,A/S,72.0,269.0,0,0.0,459,33022.1,306,22014.7,109,7862.4,87,6289.9,375,27000.0,1092,78624.0,273,19656.0,53,160,67,1333,95976.0,498,35856.0,2698,194256.0,135,148,23,1656.0
2026-08-18,34,DH(G80),201931357,A/S,58.0,226.0,0,0.0,323,18732.8,215,12488.6,77,4460.2,62,3568.2,237,13746.0,769,44602.0,192,11136.0,38,113,47,939,54462.0,315,18270.0,1900,110200.0,131,144,-215,-12470.0
2026-08-18,34,MX5(SANTAFE),299556287,A/S,153.0,,0,0.0,508,77690.3,339,51793.6,121,18497.7,97,14798.2,378,57834.0,1209,184977.0,302,46206.0,59,177,74,1475,225675.0,502,76806.0,2986,456858.0,143,157,330,50490.0
2026-08-18,34,CK(STINGER),299408459,A/S,,547.0,0,0.0,271,17364.5,181,11576.3,65,4134.4,52,3307.5,186,11904.0,646,41344.0,162,10368.0,32,95,39,789,50496.0,247,15808.0,1597,102208.0,98,108,137,8768.0
2026-08-18,34,AE(IONIQ),299376393,A/S,,,0,0.0,142,9112.3,95,6074.9,34,2169.6,27,1735.7,111,7104.0,339,21696.0,85,5440.0,17,50,21,413,26432.0,147,9408.0,837,53568.0,57,63,-19,-1216.0
2026-08-18,34,PAINT,299486665,원재료,31.0,38.0,1191,36921.0,0,0.0,0,0.0,0,0.0,0,0.0,0,0.0,0,0.0,0,0.0,0,0,0,0,0.0,0,0.0,1191,36921.0,0,0,60,1860.0
2026-08-18,34,DN8(SONATA),206228202,A/S,63.0,,0,0.0,119,7514.6,80,5009.8,28,1789.2,23,1431.4,89,5607.0,284,17892.0,71,4473.0,14,42,17,346,21798.0,117,7371.0,701,44163.0,45,50,86,5418.0
2026-08-18,34,SM,202248345,A/S,67.0,265.0,0,0.0,378,25297.9,252,16865.2,90,6023.3,72,4818.6,268,17956.0,899,60233.0,225,15075.0,44,132,55,1097,73499.0,356,23852.0,2221,148807.0,160,176,41,2747.0
2026-08-18,34,ON(TELLURIDE),299863342,A/S,137.0,432.0,0,0.0,112,15363.2,75,10242.1,27,3657.9,21,2926.3,82,11234.0,267,36579.0,67,9179.0,13,39,16,326,44662.0,108,14796.0,660,90420.0,48,53,17,2329.0
2026-08-18,34,DN8(SONATA),CA9435386E,A/S,67.0,212.0,0,0.0,66,4446.1,44,2964.1,16,1058.6,13,846.9,56,3752.0,158,10586.0,39,2613.0,8,23,10,193,12931.0,75,5025.0,390,26130.0,24,26,0,0.0
2026-08-18,34,AD-100,299732081,A/S,178.0,,0,0.0,78,13830.6,52,9220.4,18,3293.0,15,2634.4,63,11214.0,185,32930.0,46,8188.0,9,27,11,226,40228.0,83,14774.0,457,81346.0,28,31,-20,-3560.0
2026-08-18,34,AE(IONIQ),299112276,A/S,46.0,156.0,0,0.0,173,7979.2,116,5319.4,41,1899.8,33,1519.8,152,6992.0,413,18998.0,103,4738.0,20,60,25,504,23184.0,201,9246.0,1020,46920.0,67,74,7,322.0
2026-08-18,34,LX2(PALISADE),299418376,E,33.0,37.0,0,0.0,1005,33167.0,670,22111.3,239,7896.9,191,6317.5,106,3498.0,2393,78969.0,598,19734.0,117,351,146,2921,96393.0,141,4653.0,5912,195096.0,330,363,733,24189.0
2026-08-18,34,SM,299196048,A,139.0,143.0,0,0.0,200,27847.3,134,18564.8,48,6630.3,38,5304.2,23,3197.0,477,66303.0,119,16541.0,23,70,29,582,80898.0,30,4170.0,1178,163742.0,39,43,64,8896.0
2026-08-18,34,DN8(SONATA),299191520,A/S,63.0,231.0,0,0.0,329,20744.6,220,13829.8,78,4939.2,63,3951.4,250,15750.0,784,49392.0,196,12348.0,38,115,48,957,60291.0,331,20853.0,1937,122031.0,87,96,37,2331.0
2026-08-18,34,QL(TUCSON),299983723,A/S,34.0,102.0,0,0.0,29,971.0,19,647.4,7,231.2,5,185.0,25,850.0,68,2312.0,17,578.0,3,10,4,83,2822.0,34,1156.0,168,5712.0,12,13,0,0.0
2026-08-18,34,GN7(GRANDUER),206796049,A/S,,199.0,0,0.0,268,17122.6,178,11415.0,64,4076.8,51,3261.4,213,13632.0,637,40768.0,159,10176.0,31,93,39,778,49792.0,283,18112.0,1574,100736.0,93,102,-104,-6656.0
2026-08-18,34,SG2,299699735,A/S,66.0,235.0,0,0.0,278,18378.4,186,12252.2,66,4375.8,53,3500.6,226,14916.0,663,43758.0,166,10956.0,32,97,40,810,53460.0,300,19800.0,1639,108174.0,80,88,-110,-7260.0
2026-08-18,34,CK(STINGER),299173714,A/S,116.0,542.0,0,0.0,498,57733.2,332,38488.8,118,13746.0,95,10996.8,383,44428.0,1185,137460.0,296,34336.0,58,174,72,1446,167736.0,508,58928.0,2927,339532.0,106,117,158,18328.0
2026-08-18,34,PAINT,299765824,원재료,41.0,44.0,291,11931.0,0,0.0,0,0.0,0,0.0,0,0.0,0,0.0,0,0.0,0,0.0,0,0,0,0,0.0,0,0.0,291,11931.0,0,0,12,492.0
2026-08-18,34,JX1,299310503,B,57.0,,0,0.0,465,26477.6,310,17651.8,111,6304.2,88,5043.4,61,3477.0,1106,63042.0,277,15789.0,54,162,68,1350,76950.0,81,4617.0,2733,155781.0,152,167,-236,-13452.0
2026-08-18,34,VQ,299792489,A/S,55.0,163.0,0,0.0,82,4527.6,55,3018.4,20,1078.0,16,862.4,62,3410.0,196,10780.0,49,2695.0,10,29,12,239,13145.0,82,4510.0,484,26620.0,24,26,36,1980.0
2026-08-18,34,VQ,299993107,A/S,95.0,,0,0.0,514,48837.6,343,32558.4,122,11628.0,98,9302.4,420,39900.0,1224,116280.0,306,29070.0,60,179,75,1494,141930.0,558,53010.0,3024,287280.0,203,223,-142,-13490.0
2026-08-18,34,ON(TELLURIDE),206644958,A/S,74.0,,0,0.0,276,20419.6,184,13613.0,66,4861.8,53,3889.4,209,15466.0,657,48618.0,164,12136.0,32,96,40,802,59348.0,277,20498.0,1623,120102.0,89,98,64,4736.0
2026-08-18,34,JF(K5),299662312,A/S,40.0,130.0,0,0.0,91,3645.6,61,2430.4,22,868.0,17,694.4,70,2800.0,217,8680.0,54,2160.0,11,32,13,265,10600.0,93,3720.0,536,21440.0,31,34,2,80.0
2026-08-18,34,NX4-PE(TUCSON),206126590,A/S,89.0,,0,0.0,203,18054.5,135,12036.4,48,4298.7,39,3439.0,158,14062.0,483,42987.0,121,10769.0,24,71,30,590,52510.0,209,18601.0,1194,106266.0,71,78,-71,-6319.0
2026-08-18,34,DN8(SONATA),299564270,A/S,59.0,,0,0.0,158,9292.5,105,6195.0,38,2212.5,30,1770.0,119,7021.0,375,22125.0,94,5546.0,18,55,23,458,27022.0,158,9322.0,927,54693.0,35,38,42,2478.0
2026-08-18,34,"SX2(KONA,HMC)",201796595,A/S,66.0,315.0,0,0.0,89,5876.6,59,3917.8,21,1399.2,17,1119.4,76,5016.0,212,13992.0,53,3498.0,10,31,13,259,17094.0,101,6666.0,524,34584.0,43,47,-59,-3894.0
2026-08-18,34,DH(G80),CA4907549C,A/S,114.0,437.0,0,0.0,244,27818.3,163,18545.5,58,6623.4,46,5298.7,175,19950.0,581,66234.0,145,16530.0,28,85,35,709,80826.0,233,26562.0,1435,163590.0,86,95,26,2964.0
2026-08-18,34,QL(TUCSON),299592748,A/S,32.0,,0,0.0,23,725.8,15,483.8,5,172.8,4,138.2,18,576.0,54,1728.0,13,416.0,3,8,3,66,2112.0,24,768.0,133,4256.0,7,8,6,192.0
2026-08-18,34,TM,299533441,A/S,,256.0,0,0.0,92,5859.8,61,3906.6,22,1395.2,17,1116.2,75,4800.0,218,13952.0,54,3456.0,11,32,13,266,17024.0,99,6336.0,538,34432.0,37,41,-38,-2432.0
2026-08-18,34,"SX2(KONA,HMC)",299451598,A/S,124.0,,0,0.0,381,47184.5,254,31456.3,91,11234.4,72,8987.5,286,35464.0,906,112344.0,227,28148.0,44,133,55,1106,137144.0,379,46996.0,2239,277636.0,111,122,-46,-5704.0
2026-08-18,34,JB,202769159,A/S,110.0,489.0,0,0.0,393,43243.2,262,28828.8,94,10296.0,75,8236.8,306,33660.0,936,102960.0,234,25740.0,46,137,57,1143,125730.0,406,44660.0,2313,254430.0,110,121,-245,-26950.0
2026-08-18,34,CK(STINGER),299593801,A/S,82.0,,0,0.0,385,31547.0,256,21031.4,92,7511.2,73,6009.0,298,24436.0,916,75112.0,229,18778.0,45,134,56,1117,91594.0,395,32390.0,2262,185484.0,132,145,97,7954.0
2026-08-18,34,RG3(K9),299678471,D,96.0,,0,0.0,1256,120597.1,837,80398.1,299,28713.6,239,22970.9,147,14112.0,2991,287136.0,748,71808.0,146,438,182,3650,350400.0,195,18720.0,7389,709344.0,424,466,-1317,-126432.0
2026-08-18,34,TM,299441183,A/S,10.0,,0,0.0,95,949.2,63,632.8,23,226.0,18,180.8,72,720.0,226,2260.0,56,560.0,11,33,14,276,2760.0,95,950.0,558,5580.0,26,29,19,190.0
2026-08-18,34,SG2,299955244,A/S,59.0,197.0,0,0.0,39,2329.3,26,1552.9,9,554.6,8,443.7,31,1829.0,94,5546.0,24,1416.0,5,14,6,115,6785.0,41,2419.0,233,13747.0,15,16,7,413.0
2026-08-18,34,JB,299882575,A/S,20.0,75.0,0,0.0,31,621.6,21,414.4,7,148.0,6,118.4,24,480.0,74,1480.0,19,380.0,4,11,5,91,1820.0,32,640.0,184,3680.0,12,13,16,320.0
2026-08-18,34,JX1,299479039,A/S,41.0,195.0,0,0.0,35,1446.5,24,964.3,8,344.4,7,275.5,28,1148.0,84,3444.0,21,861.0,4,12,5,103,4223.0,37,1517.0,208,8528.0,16,18,4,164.0
2026-08-18,34,AE-PE(IONIQ),299850637,D,113.0,143.0,0,0.0,520,58755.5,347,39170.3,124,13989.4,99,11191.5,63,7119.0,1238,139894.0,309,34917.0,60,181,76,1511,170743.0,83,9379.0,3058,345554.0,222,244,-57,-6441.0
2026-08-18,34,JX1,299389693,A/S,71.0,311.0,0,0.0,426,30237.5,284,20158.3,101,7199.4,81,5759.5,368,26128.0,1014,71994.0,253,17963.0,49,148,62,1237,87827.0,488,34648.0,2504,177784.0,147,162,-356,-25276.0
2026-08-18,34,M-300,299165054,A/S,272.0,1058.0,0,0.0,580,157651.2,386,105100.8,138,37536.0,110,30028.8,424,115328.0,1380,375360.0,345,93840.0,67,202,84,1684,458048.0,562,152864.0,3409,927248.0,174,191,311,84592.0
2026-08-18,34,JF(K5),202908326,,53.0,,0,0.0,373,19744.6,248,13163.1,89,4701.1,71,3760.9,287,15211.0,887,47011.0,222,11766.0,43,130,54,1082,57346.0,380,20140.0,2191,116123.0,156,172,17,901.0
2026-08-18,34,AE(IONIQ),299842222,A/S,29.0,,0,0.0,28,803.9,18,535.9,7,191.4,5,153.1,22,638.0,66,1914.0,17,493.0,3,10,4,81,2349.0,30,870.0,164,4756.0,10,11,5,145.0
2026-08-18,34,PAINT,299882095,원재료,35.0,,2969,103915.0,0,0.0,0,0.0,0,0.0,0,0.0,0,0.0,0,0.0,0,0.0,0,0,0,0,0.0,0,0.0,2969,103915.0,0,0,41,1435.0
2026-08-18,34,SM,299686433,E,45.0,58.0,0,0.0,201,9053.1,134,6035.4,48,2155.5,38,1724.4,26,1170.0,479,21555.0,120,5400.0,23,70,29,584,26280.0,34,1530.0,1183,53235.0,73,80,-62,-2790.0
2026-08-18,34,YP(CARNIVAL),299273929,A/S,61.0,197.0,0,0.0,119,7250.5,79,4833.6,28,1726.3,23,1381.0,81,4941.0,283,17263.0,71,4331.0,14,42,17,346,21106.0,107,6527.0,700,42700.0,42,46,85,5185.0
2026-08-18,34,PAINT,299832479,원재료,77.0,74.0,3854,296758.0,0,0.0,0,0.0,0,0.0,0,0.0,0,0.0,0,0.0,0,0.0,0,0,0,0,0.0,0,0.0,3854,296758.0,0,0,51,3927.0
2026-08-18,34,JF(K5),299642789,A/S,106.0,446.0,0,0.0,401,42472.1,267,28314.7,95,10112.4,76,8089.9,327,34662.0,954,101124.0,239,25334.0,47,140,58,1164,123384.0,433,45898.0,2357,249842.0,164,180,219,23214.0
2026-08-18,34,JF(K5),206597226,A/S,44.0,,0,0.0,126,5525.5,84,3683.7,30,1315.6,24,1052.5,96,4224.0,299,13156.0,75,3300.0,15,44,18,365,16060.0,128,5632.0,739,32516.0,52,57,39,1716.0
2026-08-18,34,M-300,299744114,D,70.0,48.0,0,0.0,942,65973.6,628,43982.4,224,15708.0,180,12566.4,119,8330.0,2244,157080.0,561,39270.0,110,329,137,2739,191730.0,158,11060.0,5544,388080.0,287,316,150,10500.0
2026-08-18,34,RG3(K9),202733324,A/S,86.0,,0,0.0,89,7657.4,59,5105.0,21,1823.2,17,1458.6,78,6708.0,212,18232.0,53,4558.0,10,31,13,259,22274.0,104,8944.0,524,45064.0,25,28,-18,-1548.0
2026-08-18,34,PAINT,299117974,원재료,97.0,101.0,4499,436403.0,0,0.0,0,0.0,0,0.0,0,0.0,0,0.0,0,0.0,0,0.0,0,0,0,0,0.0,0,0.0,4499,436403.0,0,0,560,54320.0
2026-08-18,34,AE-PE(IONIQ),554W15104,A/S,86.0,,0,0.0,218,18782.4,146,12521.6,52,4472.0,42,3577.6,153,13158.0,520,44720.0,130,11180.0,25,76,32,634,54524.0,203,17458.0,1284,110424.0,84,92,67,5762.0
2026-08-18,34,NX4-PE(TUCSON),206403431,A/S,152.0,617.0,0,0.0,1184,179965.0,789,119976.6,282,42848.8,226,34279.0,929,141208.0,2819,428488.0,705,107160.0,138,413,172,3441,523032.0,1232,187264.0,6965,1058680.0,264,290,265,40280.0
2026-08-18,34,QL(TUCSON),299422109,A/S,,,0,0.0,582,37228.8,388,24819.2,138,8864.0,111,7091.2,516,33024.0,1385,88640.0,346,22144.0,68,203,84,1690,108160.0,683,43712.0,3421,218944.0,294,323,132,8448.0
2026-08-18,34,NX4-PE(TUCSON),299510642,A/S,168.0,628.0,0,0.0,415,69642.7,276,46428.5,99,16581.6,79,13265.3,267,44856.0,987,165816.0,247,41496.0,48,145,60,1205,202440.0,354,59472.0,2439,409752.0,104,114,263,44184.0
2026-08-18,34,TQ(STAREX),182W64749,A/S,171.0,606.0,0,0.0,378,64638.0,252,43092.0,90,15390.0,72,12312.0,286,48906.0,900,153900.0,225,38475.0,44,132,55,1098,187758.0,379,64809.0,2223,380133.0,114,125,166,28386.0
2026-08-18,34,RG3(K9),422W12258,A/S,47.0,151.0,0,0.0,173,8132.9,115,5421.9,41,1936.4,33,1549.1,133,6251.0,412,19364.0,103,4841.0,20,60,25,502,23594.0,176,8272.0,1017,47799.0,50,55,13,611.0
2026-08-18,34,TQ(STAREX),522W65935,A/S,92.0,,0,0.0,454,41731.2,302,27820.8,108,9936.0,86,7948.8,339,31188.0,1080,99360.0,270,24840.0,53,158,66,1318,121256.0,449,41308.0,2668,245456.0,187,206,7,644.0
2026-08-18,34,YP(CARNIVAL),206524573,A/S,70.0,246.0,0,0.0,322,22520.4,214,15013.6,77,5362.0,61,4289.6,259,18130.0,766,53620.0,191,13370.0,37,112,47,935,65450.0,343,24010.0,1892,132440.0,144,158,-31,-2170.0
2026-08-18,34,OS(KONA),299452713,A/S,22.0,69.0,0,0.0,22,480.5,15,320.3,5,114.4,4,91.5,18,396.0,52,1144.0,13,286.0,3,8,3,122,2675.2,24,528.0,187,4105.2,2,7,10,220.0
2026-08-18,34,VQ,206979310,C,45.0,,0,0.0,285,12814.2,190,8542.8,68,3051.0,54,2440.8,31,1395.0,678,30510.0,169,7605.0,33,99,41,827,37215.0,41,1845.0,1674,75330.0,97,107,46,2070.0
2026-08-18,34,"SX2(KONA,HMC)",299803223,A/S,9.0,,0,0.0,36,325.1,24,216.7,9,77.4,7,61.9,30,270.0,86,774.0,22,198.0,4,13,5,105,945.0,39,351.0,213,1917.0,14,15,6,54.0
2026-08-18,34,SG2,299246544,A/S,21.0,,0,0.0,19,405.7,13,270.5,5,96.6,4,77.3,15,315.0,46,966.0,12,252.0,2,7,3,106,2234.4,20,420.0,164,3452.4,2,8,-2,-42.0
2026-08-18,34,CV,206556658,A/S,49.0,217.0,0,0.0,85,4177.7,57,2785.2,20,994.7,16,795.8,64,3136.0,203,9947.0,51,2499.0,10,30,12,247,12103.0,84,4116.0,501,24549.0,27,30,-18,-882.0
2026-08-18,34,YP(CARNIVAL),299904761,E,372.0,340.0,0,0.0,4410,1640363.8,2940,1093575.8,1050,390562.8,840,312450.2,476,177072.0,10499,3905628.0,2625,976500.0,513,1538,641,12815,4767180.0,631,234732.0,25939,9649308.0,1595,1755,-1010,-375720.0
2026-08-18,34,AD-100,299222920,E,45.0,,0,0.0,156,7011.9,104,4674.6,37,1669.5,30,1335.6,20,900.0,371,16695.0,93,4185.0,18,54,23,453,20385.0,26,1170.0,917,41265.0,46,51,-79,-3555.0
2026-08-18,34,EG,299622804,D,105.0,103.0,0,0.0,1917,201316.5,1278,134211.0,456,47932.5,365,38346.0,236,24780.0,4565,479325.0,1141,119805.0,223,669,279,5572,585060.0,313,32865.0,11278,1184190.0,705,776,10,1050.0
2026-08-18,34,ON(TELLURIDE),206672890,A/S,40.0,,0,0.0,34,1344.0,22,896.0,8,320.0,6,256.0,29,1160.0,80,3200.0,20,800.0,4,12,5,98,3920.0,38,1520.0,198,7920.0,10,11,-4,-160.0
2026-08-18,34,CK(STINGER),299464106,A/S,34.0,,0,0.0,176,5969.0,117,3979.4,42,1421.2,33,1137.0,137,4658.0,418,14212.0,104,3536.0,20,61,26,510,17340.0,181,6154.0,1032,35088.0,67,74,41,1394.0
2026-08-18,34,GN7(GRANDUER),299116515,A/S,239.0,,0,0.0,1123,268416.1,749,178944.1,267,63908.6,214,51126.9,740,176860.0,2674,639086.0,668,159652.0,131,392,163,3264,780096.0,981,234459.0,6606,1578834.0,392,431,159,38001.0
2026-08-18,34,HG(GRANDUER),299501704,A/S,159.0,658.0,0,0.0,128,20301.1,85,13534.1,30,4833.6,24,3866.9,101,16059.0,304,48336.0,76,12084.0,15,45,19,372,59148.0,134,21306.0,752,119568.0,0,61,78,12402.0
2026-08-18,34,SM,299205515,A,32.0,29.0,0,0.0,296,9475.2,197,6316.8,70,2256.0,56,1804.8,36,1152.0,705,22560.0,176,5632.0,34,103,43,860,27520.0,48,1536.0,1741,55712.0,123,135,-32,-1024.0
2026-08-18,34,PAINT,299232644,원재료,,72.0,3094,198016.0,0,0.0,0,0.0,0,0.0,0,0.0,0,0.0,0,0.0,0,0.0,0,0,0,0,0.0,0,0.0,3094,198016.0,0,0,-220,-14080.0
2026-08-18,34,AE(IONIQ),299477934,A/S,48.0,,0,0.0,47,2257.9,31,1505.3,11,537.6,9,430.1,37,1776.0,112,5376.0,28,1344.0,5,16,7,137,6576.0,49,2352.0,277,13296.0,19,21,-4,-192.0
2026-08-18,34,NX4-PE(TUCSON),299575734,A/S,62.0,,0,0.0,602,37315.3,401,24876.9,143,8884.6,115,7107.7,406,25172.0,1433,88846.0,358,22196.0,70,210,88,1750,108500.0,537,33294.0,3541,219542.0,167,184,26,1612.0
2026-08-18,34,PAINT,299783509,원재료,20.0,,3181,63620.0,0,0.0,0,0.0,0,0.0,0,0.0,0,0.0,0,0.0,0,0.0,0,0,0,0,0.0,0,0.0,3181,63620.0,0,0,174,3480.0
2026-08-18,34,HG(GRANDUER),299675078,A/S,82.0,,0,0.0,737,60442.2,491,40294.8,176,14391.0,140,11512.8,563,46166.0,1755,143910.0,439,35998.0,86,257,107,2143,175726.0,746,61172.0,4337,355634.0,219,241,226,18532.0
2026-08-18,34,SP2(SORENTO),299375091,A/S,22.0,83.0,0,0.0,74,1635.5,50,1090.3,18,389.4,14,311.5,62,1364.0,177,3894.0,44,968.0,9,26,11,217,4774.0,82,1804.0,438,9636.0,31,34,1,22.0
2026-08-18,34,AD-100,299364946,A/S,108.0,537.0,0,0.0,138,14878.1,92,9918.7,33,3542.4,26,2833.9,106,11448.0,328,35424.0,82,8856.0,16,48,20,400,43200.0,140,15120.0,810,87480.0,42,46,-39,-4212.0
2026-08-18,34,RG3(K9),299252939,E,48.0,58.0,0,0.0,1391,66749.8,927,44499.8,331,15892.8,265,12714.2,160,7680.0,3311,158928.0,828,39744.0,162,485,202,4042,194016.0,212,10176.0,8181,392688.0,382,420,411,19728.0
2026-08-18,34,MX5(SANTAFE),299468091,A/S,36.0,103.0,0,0.0,132,4762.8,88,3175.2,32,1134.0,25,907.2,97,3492.0,315,11340.0,79,2844.0,15,46,19,385,13860.0,129,4644.0,779,28044.0,51,56,38,1368.0
2026-08-18,34,NX4-PE(TUCSON),299207723,A/S,50.0,,0,0.0,70,3486.0,46,2324.0,17,830.0,13,664.0,54,2700.0,166,8300.0,41,2050.0,8,24,10,202,10100.0,71,3550.0,409,20450.0,34,37,39,1950.0
2026-08-18,34,LX2(PALISADE),299570047,A/S,153.0,,0,0.0,1061,162320.8,707,108213.8,253,38647.8,202,30918.2,768,117504.0,2526,386478.0,632,96696.0,123,370,154,3084,471852.0,1018,155754.0,6242,955026.0,251,276,-393,-60129.0
2026-08-18,34,PAINT,418W75439,원재료,50.0,60.0,6073,303650.0,0,0.0,0,0.0,0,0.0,0,0.0,0,0.0,0,0.0,0,0.0,0,0,0,0,0.0,0,0.0,6073,303650.0,0,0,274,13700.0
2026-08-18,34,M-300,299880183,,75.0,,0,0.0,123,9229.5,82,6153.0,29,2197.5,23,1758.0,15,1125.0,293,21975.0,73,5475.0,14,43,18,358,26850.0,20,1500.0,724,54300.0,43,47,-64,-4800.0
2026-08-18,34,ON(TELLURIDE),299438895,A/S,128.0,496.0,0,0.0,301,38492.2,200,25661.4,72,9164.8,57,7331.8,202,25856.0,716,91648.0,179,22912.0,35,105,44,874,111872.0,268,34304.0,1769,226432.0,104,114,174,22272.0
2026-08-18,34,M-300,299558862,A/S,204.0,605.0,0,0.0,1448,295339.0,965,196892.6,345,70318.8,276,56255.0,1142,232968.0,3447,703188.0,862,175848.0,168,505,210,4207,858228.0,1514,308856.0,8516,1737264.0,474,521,140,28560.0
2026-08-18,34,CV,299661433,A/S,,,0,0.0,47,2983.7,31,1989.1,11,710.4,9,568.3,36,2304.0,111,7104.0,28,1792.0,5,16,7,135,8640.0,48,3072.0,274,17536.0,13,14,4,256.0
2026-08-18,34,TQ(STAREX),299656540,E,38.0,50.0,0,0.0,413,15704.6,276,10469.8,98,3739.2,79,2991.4,43,1634.0,984,37392.0,246,9348.0,48,144,60,1201,45638.0,57,2166.0,2431,92378.0,150,165,42,1596.0
2026-08-18,34,DH(G80),299968879,A/S,104.0,421.0,0,0.0,1420,147682.1,947,98454.7,338,35162.4,270,28129.9,1054,109616.0,3381,351624.0,845,87880.0,165,495,206,4127,429208.0,1398,145392.0,8353,868712.0,0,546,133,13832.0
2026-08-18,34,SG2,299199828,A/S,90.0,,0,0.0,882,79417.8,588,52945.2,210,18909.0,168,15127.2,662,59580.0,2101,189090.0,525,47250.0,103,308,128,2565,230850.0,877,78930.0,5191,467190.0,255,280,91,8190.0
2026-08-18,34,PAINT,206158956,원재료,144.0,148.0,8291,1193904.0,0,0.0,0,0.0,0,0.0,0,0.0,0,0.0,0,0.0,0,0.0,0,0,0,0,0.0,0,0.0,8291,1193904.0,0,0,53,7632.0
2026-08-18,34,JB,620978202,A/S,88.0,318.0,0,0.0,24,2069.8,16,1379.8,6,492.8,4,394.2,18,1584.0,56,4928.0,14,1232.0,3,8,3,69,6072.0,24,2112.0,139,12232.0,7,8,-9,-792.0
2026-08-18,34,AE(IONIQ),299768713,A/S,,,0,0.0,26,1666.6,17,1111.0,6,396.8,5,317.4,20,1280.0,62,3968.0,16,1024.0,3,9,4,76,4864.0,26,1664.0,154,9856.0,6,7,0,0.0
2026-08-18,34,OS(KONA),299403697,A/S,87.0,368.0,0,0.0,102,8915.8,68,5943.8,24,2122.8,20,1698.2,79,6873.0,244,21228.0,61,5307.0,12,36,15,297,25839.0,104,9048.0,602,52374.0,36,40,-9,-783.0
2026-08-18,34,JB,202748915,E,23.0,24.0,0,0.0,138,3168.5,92,2112.3,33,754.4,26,603.5,17,391.0,328,7544.0,82,1886.0,16,48,20,401,9223.0,22,506.0,811,18653.0,49,54,44,1012.0
2026-08-18,34,RG3(K9),299917236,A/S,53.0,198.0,0,0.0,129,6856.1,86,4570.7,31,1632.4,25,1305.9,93,4929.0,308,16324.0,77,4081.0,15,45,19,376,19928.0,123,6519.0,761,40333.0,43,47,12,636.0
2026-08-18,34,SG2,299854736,A/S,,,0,0.0,126,8037.1,84,5358.1,30,1913.6,24,1530.9,107,6848.0,299,19136.0,75,4800.0,15,44,18,365,23360.0,142,9088.0,739,47296.0,63,69,35,2240.0
2026-08-18,34,HG(GRANDUER),299568156,A/S,103.0,,0,0.0,200,20635.0,134,13756.7,48,4913.1,38,3930.5,162,16686.0,477,49131.0,119,12257.0,23,70,29,582,59946.0,214,22042.0,1178,121334.0,68,75,23,2369.0
2026-08-18,34,NX4-PE(TUCSON),206650891,A,122.0,,0,0.0,406,49549.1,271,33032.7,97,11797.4,77,9437.9,46,5612.0,967,117974.0,242,29524.0,47,142,59,1180,143960.0,61,7442.0,2389,291458.0,134,147,-6,-732.0
2026-08-18,34,NX4-PE(TUCSON),299586740,A/S,76.0,280.0,0,0.0,240,18258.2,160,12172.2,57,4347.2,46,3477.8,195,14820.0,572,43472.0,143,10868.0,28,84,35,699,53124.0,259,19684.0,1414,107464.0,96,106,-126,-9576.0
2026-08-18,34,VQ,206954970,A/S,33.0,,0,0.0,52,1704.8,34,1136.5,12,405.9,10,324.7,39,1287.0,123,4059.0,31,1023.0,6,18,8,151,4983.0,52,1716.0,305,10065.0,13,14,33,1089.0
2026-08-18,34,SP2(SORENTO),299257965,A/S,68.0,255.0,0,0.0,184,12480.7,122,8320.5,44,2971.6,35,2377.3,114,7752.0,437,29716.0,109,7412.0,21,64,27,533,36244.0,150,10200.0,1079,73372.0,51,56,112,7616.0
2026-08-18,34,SM,299848798,A/S,86.0,347.0,0,0.0,458,39370.8,305,26247.2,109,9374.0,87,7499.2,326,28036.0,1090,93740.0,273,23478.0,53,160,67,1331,114466.0,432,37152.0,2694,231684.0,172,189,218,18748.0
2026-08-18,34,SP2(SORENTO),299453135,A/S,44.0,183.0,0,0.0,52,2273.0,34,1515.4,12,541.2,10,433.0,38,1672.0,123,5412.0,31,1364.0,6,18,8,150,6600.0,50,2200.0,304,13376.0,13,14,15,660.0
2026-08-18,34,DN8(SONATA),299502918,A/S,23.0,88.0,0,0.0,27,618.2,18,412.2,6,147.2,5,117.8,20,460.0,64,1472.0,16,368.0,3,9,4,79,1817.0,27,621.0,159,3657.0,10,11,3,69.0
2026-08-18,34,NX4-PE(TUCSON),299102312,E,45.0,55.0,0,0.0,743,33434.1,495,22289.4,177,7960.5,142,6368.4,96,4320.0,1769,79605.0,442,19890.0,86,259,108,2160,97200.0,127,5715.0,4371,196695.0,189,208,-125,-5625.0
2026-08-18,34,CV,206395455,A/S,92.0,,0,0.0,472,43392.7,314,28928.5,112,10331.6,90,8265.3,357,32844.0,1123,103316.0,281,25852.0,55,165,69,1371,126132.0,473,43516.0,2775,255300.0,204,224,198,18216.0
2026-08-18,34,YP(CARNIVAL),299640253,A/S,86.0,349.0,0,0.0,45,3864.8,30,2576.6,11,920.2,9,736.2,37,3182.0,107,9202.0,27,2322.0,5,16,7,131,11266.0,49,4214.0,265,22790.0,14,15,-20,-1720.0
2026-08-18,34,TQ(STAREX),202826023,A/S,81.0,338.0,0,0.0,655,53071.2,437,35380.8,156,12636.0,125,10108.8,519,42039.0,1560,126360.0,390,31590.0,76,229,95,1905,154305.0,689,55809.0,3855,312255.0,229,252,-266,-21546.0
2026-08-18,34,LX2(PALISADE),299980343,A/S,227.0,,0,0.0,335,76081.3,223,50720.9,80,18114.6,64,14491.7,245,55615.0,798,181146.0,200,45400.0,39,117,49,974,221098.0,325,73775.0,1972,447644.0,141,155,178,40406.0
2026-08-18,34,TQ(STAREX),299910761,A/S,,78.0,0,0.0,205,13144.3,137,8762.9,49,3129.6,39,2503.7,160,10240.0,489,31296.0,122,7808.0,24,72,30,597,38208.0,212,13568.0,1208,77312.0,71,78,-67,-4288.0
2026-08-18,34,"SX2(KONA,HMC)",206427411,A/S,77.0,346.0,0,0.0,96,7373.5,64,4915.7,23,1755.6,18,1404.5,65,5005.0,228,17556.0,57,4389.0,11,33,14,279,21483.0,86,6622.0,564,43428.0,33,36,5,385.0
2026-08-18,34,PAINT,202274100,원재료,31.0,34.0,12653,392243.0,0,0.0,0,0.0,0,0.0,0,0.0,0,0.0,0,0.0,0,0.0,0,0,0,0,0.0,0,0.0,12653,392243.0,0,0,1541,47771.0
2026-08-18,34,PAINT,299114761,원재료,,,2598,166272.0,0,0.0,0,0.0,0,0.0,0,0.0,0,0.0,0,0.0,0,0.0,0,0,0,0,0.0,0,0.0,2598,166272.0,0,0,73,4672.0
2026-08-18,34,ON(TELLURIDE),202367616,C,92.0,111.0,0,0.0,638,58655.5,425,39103.7,152,13965.6,121,11172.5,75,6900.0,1518,139656.0,380,34960.0,74,222,93,1853,170476.0,100,9200.0,3751,345092.0,208,229,-224,-20608.0
2026-08-18,34,"SX2(KONA,HMC)",299425871,B,70.0,68.0,0,0.0,785,54978.0,524,36652.0,187,13090.0,150,10472.0,85,5950.0,1870,130900.0,468,32760.0,91,274,114,2283,159810.0,112,7840.0,4621,323470.0,367,404,170,11900.0
2026-08-18,34,M-300,206606423,A/S,195.0,733.0,0,0.0,520,101474.1,347,67649.4,124,24160.5,99,19328.4,429,83655.0,1239,241605.0,310,60450.0,61,182,76,1513,295035.0,569,110955.0,3062,597090.0,179,197,52,10140.0
2026-08-18,34,JB,299868504,A/S,54.0,212.0,0,0.0,291,15694.6,194,10463.0,69,3736.8,55,2989.4,255,13770.0,692,37368.0,173,9342.0,34,101,42,844,45576.0,338,18252.0,1709,92286.0,108,119,-71,-3834.0
2026-08-18,34,TM,299881471,A/S,26.0,129.0,0,0.0,35,917.3,24,611.5,8,218.4,7,174.7,25,650.0,84,2184.0,21,546.0,4,12,5,103,2678.0,33,858.0,208,5408.0,13,14,32,832.0
2026-08-18,34,SG2,206687805,E,32.0,33.0,0,0.0,139,4462.1,93,2974.7,33,1062.4,27,849.9,17,544.0,332,10624.0,83,2656.0,16,49,20,405,12960.0,22,704.0,820,26240.0,30,33,42,1344.0
2026-08-18,34,M-300,CA2179729D,A/S,14.0,,0,0.0,18,258.7,12,172.5,4,61.6,4,49.3,14,196.0,44,616.0,11,154.0,2,6,3,53,742.0,18,252.0,108,1512.0,9,10,9,126.0
2026-08-18,34,PAINT,299528750,원재료,17.0,16.0,2123,36091.0,0,0.0,0,0.0,0,0.0,0,0.0,0,0.0,0,0.0,0,0.0,0,0,0,0,0.0,0,0.0,2123,36091.0,0,0,96,1632.0
2026-08-18,34,DN8(SONATA),299401091,A/S,106.0,392.0,0,0.0,168,17808.0,112,11872.0,40,4240.0,32,3392.0,128,13568.0,400,42400.0,100,10600.0,20,59,24,488,51728.0,170,18020.0,988,104728.0,66,73,42,4452.0
2026-08-18,34,DN8(SONATA),299792741,A/S,102.0,338.0,0,0.0,608,62032.3,405,41354.9,145,14769.6,116,11815.7,486,49572.0,1448,147696.0,362,36924.0,71,212,88,1767,180234.0,644,65688.0,3577,364854.0,198,218,-12,-1224.0
2026-08-18,34,MX5(SANTAFE),299250473,A/S,105.0,368.0,0,0.0,117,12259.8,78,8173.2,28,2919.0,22,2335.2,85,8925.0,278,29190.0,69,7245.0,14,41,17,339,35595.0,113,11865.0,686,72030.0,41,45,22,2310.0
2026-08-18,34,DN8(SONATA),299373777,E,69.0,,0,0.0,2268,156463.0,1512,104308.7,540,37253.1,432,29802.5,270,18630.0,5399,372531.0,1350,93150.0,264,791,330,6590,454710.0,358,24702.0,13339,920391.0,731,804,-721,-49749.0
2026-08-18,34,OS(KONA),299317952,D,29.0,25.0,0,0.0,78,2265.5,52,1510.3,19,539.4,15,431.5,10,290.0,186,5394.0,47,1363.0,9,27,11,227,6583.0,13,377.0,460,13340.0,28,31,-36,-1044.0
2026-08-18,34,ON(TELLURIDE),299810646,A/S,56.0,209.0,0,0.0,484,27095.0,323,18063.4,115,6451.2,92,5161.0,383,21448.0,1152,64512.0,288,16128.0,56,169,70,1407,78792.0,508,28448.0,2847,159432.0,129,142,234,13104.0
2026-08-18,34,AKZO,261W52593,원재료,54.0,,10318,557172.0,0,0.0,0,0.0,0,0.0,0,0.0,0,0.0,0,0.0,0,0.0,0,0,0,0,0.0,0,0.0,10318,557172.0,0,0,413,22302.0
2026-08-18,34,HG(GRANDUER),299774178,A/S,266.0,,0,0.0,390,103787.9,260,69191.9,93,24711.4,74,19769.1,290,77140.0,929,247114.0,232,61712.0,45,136,57,1134,301644.0,385,102410.0,2295,610470.0,162,178,160,42560.0
2026-08-18,34,JB,299218364,A/S,193.0,,0,0.0,192,37044.4,128,24696.3,46,8820.1,37,7056.1,161,31073.0,457,88201.0,114,22002.0,22,67,28,557,107501.0,213,41109.0,1128,217704.0,51,56,-1,-193.0
2026-08-18,34,YP(CARNIVAL),299481313,A/S,19.0,,0,0.0,13,247.4,9,164.9,3,58.9,2,47.1,12,228.0,31,589.0,8,152.0,2,5,2,38,722.0,15,285.0,77,1463.0,5,6,4,76.0
2026-08-18,34,VQ,299508120,A/S,,293.0,0,0.0,32,2016.0,21,1344.0,8,480.0,6,384.0,26,1664.0,75,4800.0,19,1216.0,4,11,5,91,5824.0,34,2176.0,185,11840.0,12,13,-3,-192.0
2026-08-18,34,RG3(K9),202344633,A/S,81.0,,0,0.0,60,4830.8,40,3220.6,14,1150.2,11,920.2,47,3807.0,142,11502.0,36,2916.0,7,21,9,174,14094.0,63,5103.0,352,28512.0,24,26,-9,-729.0
2026-08-18,34,AE(IONIQ),206523863,A/S,52.0,,0,0.0,257,13344.2,171,8896.2,61,3177.2,49,2541.8,204,10608.0,611,31772.0,153,7956.0,30,89,37,745,38740.0,271,14092.0,1509,78468.0,82,90,34,1768.0
2026-08-18,34,HG(GRANDUER),974W48444,A/S,51.0,211.0,0,0.0,118,5997.6,78,3998.4,28,1428.0,22,1142.4,93,4743.0,280,14280.0,70,3570.0,14,41,17,341,17391.0,123,6273.0,691,35241.0,54,59,130,6630.0
2026-08-18,34,OS(KONA),317W26802,A/S,180.0,,0,0.0,362,65167.2,241,43444.8,86,15516.0,69,12412.8,282,50760.0,862,155160.0,215,38700.0,42,126,53,1052,189360.0,374,67320.0,2129,383220.0,145,160,208,37440.0
2026-08-18,34,SG2,299129167,A/S,98.0,392.0,0,0.0,210,20538.8,140,13692.6,50,4890.2,40,3912.2,164,16072.0,499,48902.0,125,12250.0,24,73,30,609,59682.0,218,21364.0,1233,120834.0,66,73,-97,-9506.0
2026-08-18,34,DN8(SONATA),206515762,A/S,157.0,522.0,0,0.0,312,48993.4,208,32662.3,74,11665.1,59,9332.1,266,41762.0,743,116651.0,186,29202.0,36,109,45,907,142399.0,353,55421.0,1836,288252.0,123,135,-214,-33598.0
2026-08-18,34,AD-100,CA1500188C,C,19.0,21.0,0,0.0,123,2346.1,82,1564.1,29,558.6,24,446.9,15,285.0,294,5586.0,74,1406.0,14,43,18,359,6821.0,19,361.0,727,13813.0,56,62,67,1273.0
2026-08-18,34,RG3(K9),206827517,A/S,64.0,218.0,0,0.0,169,10832.6,113,7221.8,40,2579.2,32,2063.4,126,8064.0,403,25792.0,101,6464.0,20,59,25,492,31488.0,167,10688.0,996,63744.0,64,70,-6,-384.0
2026-08-18,34,AE(IONIQ),299277444,B,129.0,181.0,0,0.0,1804,232703.1,1203,155135.4,430,55405.5,344,44324.4,207,26703.0,4295,554055.0,1074,138546.0,210,629,262,5242,676218.0,275,35475.0,10611,1368819.0,645,710,153,19737.0
2026-08-18,34,TM,299482372,A/S,158.0,642.0,0,0.0,1811,286144.3,1207,190762.9,431,68129.6,345,54503.7,1377,217566.0,4312,681296.0,1078,170324.0,211,632,263,5263,831554.0,1825,288350.0,10653,1683174.0,631,694,413,65254.0
2026-08-18,34,ON(TELLURIDE),299400309,A/S,18.0,,0,0.0,3,60.5,2,40.3,1,14.4,1,11.5,3,54.0,8,144.0,2,36.0,0,1,0,10,180.0,4,72.0,20,360.0,1,1,0,0.0
2026-08-18,34,JB,299261645,A/S,16.0,,0,0.0,18,295.7,12,197.1,4,70.4,4,56.3,15,240.0,44,704.0,11,176.0,2,6,3,54,864.0,20,320.0,109,1744.0,8,9,10,160.0
2026-08-18,34,ON(TELLURIDE),299866422,A/S,45.0,155.0,0,0.0,77,3458.7,51,2305.8,18,823.5,15,658.8,65,2925.0,183,8235.0,46,2070.0,9,27,11,223,10035.0,87,3915.0,452,20340.0,26,29,-30,-1350.0
2026-08-18,34,CK(STINGER),299405412,A/S,33.0,,0,0.0,32,1053.4,21,702.2,8,250.8,6,200.6,27,891.0,76,2508.0,19,627.0,4,11,5,92,3036.0,36,1188.0,187,6171.0,0,10,-5,-165.0
2026-08-18,34,YP(CARNIVAL),206698563,A/S,,76.0,0,0.0,133,8521.0,89,5680.6,32,2028.8,25,1623.0,102,6528.0,317,20288.0,79,5056.0,15,46,19,387,24768.0,135,8640.0,783,50112.0,32,35,34,2176.0
2026-08-18,34,OS(KONA),206658596,A/S,78.0,272.0,0,0.0,383,29844.4,255,19896.2,91,7105.8,73,5684.6,291,22698.0,911,71058.0,228,17784.0,45,134,56,1113,86814.0,386,30108.0,2252,175656.0,115,127,-88,-6864.0
2026-08-18,34,CV,299110362,A,,,0,0.0,967,61904.6,645,41269.8,230,14739.2,184,11791.4,113,7232.0,2303,147392.0,576,36864.0,112,337,141,2811,179904.0,149,9536.0,5690,364160.0,330,363,112,7168.0
2026-08-18,34,AKZO,299175007,원재료,62.0,,1774,109988.0,0,0.0,0,0.0,0,0.0,0,0.0,0,0.0,0,0.0,0,0.0,0,0,0,0,0.0,0,0.0,1774,109988.0,0,0,-11,-682.0
2026-08-18,34,TM,299912088,A/S,62.0,259.0,0,0.0,151,9348.4,101,6232.2,36,2225.8,29,1780.6,120,7440.0,359,22258.0,90,5580.0,18,53,22,834,51714.2,160,9920.0,1283,79552.2,21,66,41,2542.0
2026-08-18,34,PAINT,299313323,원재료,118.0,131.0,1802,212636.0,0,0.0,0,0.0,0,0.0,0,0.0,0,0.0,0,0.0,0,0.0,0,0,0,0,0.0,0,0.0,1802,212636.0,0,0,46,5428.0
2026-08-18,34,AD-100,299115785,A/S,,,0,0.0,32,2069.8,22,1379.8,8,492.8,6,394.2,26,1664.0,77,4928.0,19,1216.0,4,11,5,93,5952.0,34,2176.0,189,12096.0,8,9,-16,-1024.0
2026-08-18,34,VQ,299250569,A/S,58.0,,0,0.0,59,3410.4,39,2273.6,14,812.0,11,649.6,48,2784.0,140,8120.0,35,2030.0,7,21,9,171,9918.0,64,3712.0,346,20068.0,24,26,-19,-1102.0
2026-08-18,34,JB,206539311,D,30.0,30.0,0,0.0,318,9525.6,212,6350.4,76,2268.0,60,1814.4,38,1140.0,756,22680.0,189,5670.0,37,111,46,923,27690.0,50,1500.0,1868,56040.0,127,140,-55,-1650.0
2026-08-18,34,AD-100,299863430,A/S,98.0,386.0,0,0.0,588,57582.8,392,38388.6,140,13710.2,112,10968.2,476,46648.0,1399,137102.0,350,34300.0,68,205,85,1708,167384.0,632,61936.0,3457,338786.0,147,162,37,3626.0
2026-08-18,34,AKZO,206667251,원재료,127.0,151.0,20034,2544318.0,0,0.0,0,0.0,0,0.0,0,0.0,0,0.0,0,0.0,0,0.0,0,0,0,0,0.0,0,0.0,20034,2544318.0,0,0,814,103378.0
2026-08-18,34,QL(TUCSON),206880614,A/S,66.0,,0,0.0,33,2189.9,22,1459.9,8,521.4,6,417.1,26,1716.0,79,5214.0,20,1320.0,4,12,5,96,6336.0,35,2310.0,195,12870.0,10,11,-3,-198.0
2026-08-18,34,SG2,299544691,A/S,16.0,53.0,0,0.0,30,477.1,20,318.1,7,113.6,6,90.9,24,384.0,71,1136.0,18,288.0,3,10,4,87,1392.0,32,512.0,176,2816.0,11,12,2,32.0
2026-08-18,34,"SX2(KONA,HMC)",299702540,A/S,103.0,435.0,0,0.0,585,60304.4,390,40203.0,139,14358.2,112,11486.6,449,46247.0,1394,143582.0,348,35844.0,68,204,85,1701,175203.0,595,61285.0,3443,354629.0,203,223,-8,-824.0
2026-08-18,34,SG2,299250821,A/S,33.0,,0,0.0,59,1940.4,39,1293.6,14,462.0,11,369.6,49,1617.0,140,4620.0,35,1155.0,7,21,9,171,5643.0,65,2145.0,346,11418.0,17,19,22,726.0
2026-08-18,34,AE(IONIQ),299806130,A/S,97.0,357.0,0,0.0,46,4481.4,31,2987.6,11,1067.0,9,853.6,41,3977.0,110,10670.0,27,2619.0,5,16,7,134,12998.0,55,5335.0,271,26287.0,20,22,-20,-1940.0
2026-08-18,34,PAINT,299538474,원재료,51.0,59.0,1279,65229.0,0,0.0,0,0.0,0,0.0,0,0.0,0,0.0,0,0.0,0,0.0,0,0,0,0,0.0,0,0.0,1279,65229.0,0,0,23,1173.0
2026-08-18,34,ON(TELLURIDE),299897366,A,16.0,21.0,0,0.0,130,2076.5,87,1384.3,31,494.4,25,395.5,16,256.0,309,4944.0,77,1232.0,15,45,19,377,6032.0,22,352.0,763,12208.0,67,74,-97,-1552.0
2026-08-18,34,HG(GRANDUER),299511124,A/S,25.0,92.0,0,0.0,38,955.5,25,637.0,9,227.5,7,182.0,33,825.0,91,2275.0,23,575.0,4,13,6,111,2775.0,43,1075.0,225,5625.0,10,11,0,0.0
2026-08-18,34,DN8(SONATA),299586669,A/S,,,0,0.0,737,47147.5,491,31431.7,175,11225.6,140,8980.5,529,33856.0,1754,112256.0,438,28032.0,86,257,107,2141,137024.0,701,44864.0,4333,277312.0,209,230,267,17088.0
2026-08-18,34,SP2(SORENTO),202625902,A/S,55.0,196.0,0,0.0,97,5359.2,65,3572.8,23,1276.0,19,1020.8,79,4345.0,232,12760.0,58,3190.0,11,34,14,283,15565.0,104,5720.0,573,31515.0,32,35,6,330.0
2026-08-18,34,JF(K5),299761110,A/S,51.0,198.0,0,0.0,9,449.8,6,299.9,2,107.1,2,85.7,7,357.0,21,1071.0,5,255.0,1,3,1,25,1275.0,9,459.0,51,2601.0,3,3,1,51.0
2026-08-18,34,ON(TELLURIDE),820W14868,B,,,0,0.0,874,55910.4,582,37273.6,208,13312.0,166,10649.6,98,6272.0,2080,133120.0,520,33280.0,102,305,127,2538,162432.0,129,8256.0,5138,328832.0,267,294,254,16256.0
2026-08-18,34,AKZO,299251729,원재료,176.0,,21918,3857568.0,0,0.0,0,0.0,0,0.0,0,0.0,0,0.0,0,0.0,0,0.0,0,0,0,0,0.0,0,0.0,21918,3857568.0,0,0,236,41536.0
2026-08-18,34,JF(K5),299902404,D,165.0,135.0,0,0.0,208,34372.8,139,22915.2,50,8184.0,40,6547.2,29,4785.0,496,81840.0,124,20460.0,24,73,30,605,99825.0,38,6270.0,1225,202125.0,59,65,-285,-47025.0
2026-08-18,34,NX4-PE(TUCSON),299931817,A/S,57.0,,0,0.0,145,8259.3,97,5506.2,34,1966.5,28,1573.2,111,6327.0,345,19665.0,86,4902.0,17,51,21,421,23997.0,147,8379.0,852,48564.0,33,36,-25,-1425.0
2026-08-18,34,CN7(AVANTE),299919344,A/S,166.0,586.0,0,0.0,48,7948.1,32,5298.7,11,1892.4,9,1513.9,38,6308.0,114,18924.0,29,4814.0,6,17,7,139,23074.0,50,8300.0,282,46812.0,18,20,7,1162.0
2026-08-18,34,NX4-PE(TUCSON),299327867,A/S,72.0,,0,0.0,363,26157.6,242,17438.4,86,6228.0,69,4982.4,274,19728.0,865,62280.0,216,15552.0,42,127,53,1056,76032.0,364,26208.0,2137,153864.0,84,92,-94,-6768.0
2026-08-18,34,RG3(K9),299729726,E,46.0,43.0,0,0.0,225,10336.2,150,6890.8,54,2461.0,43,1968.8,25,1150.0,535,24610.0,134,6164.0,26,78,33,653,30038.0,34,1564.0,1322,60812.0,80,88,10,460.0
2026-08-18,34,"SX2(KONA,HMC)",299960397,A/S,78.0,286.0,0,0.0,126,9828.0,84,6552.0,30,2340.0,24,1872.0,109,8502.0,300,23400.0,75,5850.0,15,44,18,366,28548.0,144,11232.0,741,57798.0,41,45,-28,-2184.0
2026-08-18,34,SM,299675553,A/S,99.0,408.0,0,0.0,84,8357.6,56,5571.7,20,1989.9,16,1591.9,63,6237.0,201,19899.0,50,4950.0,10,29,12,245,24255.0,83,8217.0,496,49104.0,29,32,2,198.0
2026-08-18,34,JX1,299212300,C,16.0,19.0,0,0.0,487,7788.5,325,5192.3,116,1854.4,93,1483.5,60,960.0,1159,18544.0,290,4640.0,57,170,71,1415,22640.0,79,1264.0,2864,45824.0,104,114,262,4192.0
2026-08-18,34,YP(CARNIVAL),299435332,A/S,71.0,,0,0.0,172,12226.2,115,8150.8,41,2911.0,33,2328.8,120,8520.0,410,29110.0,102,7242.0,20,60,25,500,35500.0,160,11360.0,1012,71852.0,52,57,81,5751.0
2026-08-18,34,YP(CARNIVAL),299359378,A/S,73.0,,0,0.0,347,25325.2,231,16883.4,83,6029.8,66,4823.8,276,20148.0,826,60298.0,207,15111.0,40,121,50,1009,73657.0,366,26718.0,2042,149066.0,88,97,146,10658.0
2026-08-18,34,CK(STINGER),206254581,D,29.0,34.0,0,0.0,141,4080.3,94,2720.2,34,971.5,27,777.2,17,493.0,335,9715.0,84,2436.0,16,49,20,409,11861.0,22,638.0,828,24012.0,51,56,-81,-2349.0
2026-08-18,34,ON(TELLURIDE),206285426,A/S,176.0,541.0,0,0.0,483,85008.0,322,56672.0,115,20240.0,92,16192.0,351,61776.0,1150,202400.0,288,50688.0,56,168,70,1404,247104.0,465,81840.0,2842,500192.0,223,245,305,53680.0
2026-08-18,34,QL(TUCSON),299653698,E,34.0,45.0,0,0.0,15,499.8,10,333.2,4,119.0,3,95.2,2,68.0,35,1190.0,9,306.0,2,5,2,43,1462.0,3,102.0,87,2958.0,6,7,2,68.0
2026-08-18,34,LX2(PALISADE),299651157,D,22.0,24.0,0,0.0,262,5765.8,175,3843.8,62,1372.8,50,1098.2,31,682.0,624,13728.0,156,3432.0,30,91,38,762,16764.0,41,902.0,1542,33924.0,87,96,13,286.0
2026-08-18,34,DH(G80),206210758,A/S,28.0,,0,0.0,74,2081.5,50,1387.7,18,495.6,14,396.5,65,1820.0,177,4956.0,44,1232.0,9,26,11,216,6048.0,86,2408.0,437,12236.0,16,18,-18,-504.0
2026-08-18,34,AE-PE(IONIQ),299709758,A/S,85.0,,0,0.0,431,36628.2,287,24418.8,103,8721.0,82,6976.8,336,28560.0,1026,87210.0,256,21760.0,50,150,63,1252,106420.0,445,37825.0,2534,215390.0,112,123,48,4080.0
2026-08-18,34,AE(IONIQ),299530121,C,72.0,68.0,0,0.0,117,8406.7,78,5604.5,28,2001.6,22,1601.3,14,1008.0,278,20016.0,70,5040.0,14,41,17,339,24408.0,18,1296.0,687,49464.0,47,52,1,72.0
2026-08-18,34,AE(IONIQ),299313208,A/S,113.0,420.0,0,0.0,372,42002.1,248,28001.4,88,10000.5,71,8000.4,296,33448.0,885,100005.0,221,24973.0,43,130,54,1080,122040.0,393,44409.0,2186,247018.0,121,133,-37,-4181.0
2026-08-18,34,QL(TUCSON),299154886,D,146.0,,0,0.0,1638,239209.3,1092,159472.9,390,56954.6,312,45563.7,198,28908.0,3901,569546.0,975,142350.0,190,571,238,4761,695106.0,262,38252.0,9637,1407002.0,708,779,-1386,-202356.0
2026-08-18,34,JX1,202324788,A/S,61.0,,0,0.0,821,50061.5,547,33374.3,195,11919.4,156,9535.5,634,38674.0,1954,119194.0,489,29829.0,95,286,119,2385,145485.0,840,51240.0,4828,294508.0,352,387,273,16653.0
2026-08-18,34,QL(TUCSON),299408901,A/S,29.0,,0,0.0,32,925.7,21,617.1,8,220.4,6,176.3,27,783.0,76,2204.0,19,551.0,4,11,5,92,2668.0,36,1044.0,187,5423.0,12,13,1,29.0
2026-08-18,34,JF(K5),202544467,A/S,,,0,0.0,111,7096.3,74,4730.9,26,1689.6,21,1351.7,102,6528.0,264,16896.0,66,4224.0,13,39,16,322,20608.0,135,8640.0,652,41728.0,33,36,-92,-5888.0
2026-08-18,34,DH(G80),299138508,A/S,19.0,83.0,0,0.0,92,1739.6,61,1159.8,22,414.2,17,331.4,68,1292.0,218,4142.0,55,1045.0,11,32,13,266,5054.0,90,1710.0,539,10241.0,24,26,13,247.0
2026-08-18,34,CK(STINGER),299769385,D,109.0,108.0,0,0.0,1347,146770.7,898,97847.1,321,34945.4,256,27956.3,165,17985.0,3206,349454.0,802,87418.0,157,470,196,3913,426517.0,219,23871.0,7921,863389.0,530,583,-785,-85565.0
2026-08-18,34,HG(GRANDUER),299290628,A/S,37.0,159.0,0,0.0,4,139.9,3,93.2,1,33.3,1,26.6,3,111.0,9,333.0,2,74.0,0,1,1,11,407.0,4,148.0,22,814.0,1,1,0,0.0
2026-08-18,34,AE(IONIQ),299561394,A/S,20.0,,0,0.0,25,504.0,17,336.0,6,120.0,5,96.0,21,420.0,60,1200.0,15,300.0,3,9,4,73,1460.0,28,560.0,148,2960.0,9,10,15,300.0
2026-08-18,34,JB,299789210,B,188.0,224.0,0,0.0,1719,323104.3,1146,215402.9,409,76929.6,327,61543.7,198,37224.0,4092,769296.0,1023,192324.0,200,599,250,4995,939060.0,263,49444.0,10110,1900680.0,358,394,-163,-30644.0
2026-08-18,34,CK(STINGER),953W15084,A/S,,135.0,0,0.0,93,5940.5,62,3960.3,22,1414.4,18,1131.5,70,4480.0,221,14144.0,55,3520.0,11,32,14,270,17280.0,93,5952.0,546,34944.0,39,43,10,640.0
2026-08-18,34,JX1,299816910,A,174.0,,0,0.0,1953,339748.9,1302,226499.3,465,80892.6,372,64714.1,230,40020.0,4649,808926.0,1162,202188.0,227,681,284,5675,987450.0,305,53070.0,11486,1998564.0,669,736,435,75690.0
2026-08-18,34,TQ(STAREX),299694441,A/S,215.0,,0,0.0,265,57069.6,177,38046.4,63,13588.0,51,10870.4,184,39560.0,632,135880.0,158,33970.0,31,93,39,771,165765.0,243,52245.0,1561,335615.0,83,91,10,2150.0
2026-08-18,34,HG(GRANDUER),201503077,E,126.0,,0,0.0,1031,129865.7,687,86577.1,245,30920.4,196,24736.3,111,13986.0,2454,309204.0,613,77238.0,120,359,150,2995,377370.0,148,18648.0,6062,763812.0,460,506,271,34146.0
2026-08-18,34,YP(CARNIVAL),CA2186597B,A/S,51.0,,0,0.0,89,4541.0,59,3027.4,21,1081.2,17,865.0,71,3621.0,212,10812.0,53,2703.0,10,31,13,258,13158.0,95,4845.0,523,26673.0,15,16,-15,-765.0
2026-08-18,34,QL(TUCSON),299421588,A/S,53.0,187.0,0,0.0,160,8458.8,106,5639.2,38,2014.0,30,1611.2,135,7155.0,380,20140.0,95,5035.0,19,56,23,464,24592.0,179,9487.0,939,49767.0,65,72,-20,-1060.0
2026-08-18,34,EG,299523681,A/S,50.0,,0,0.0,71,3528.0,47,2352.0,17,840.0,13,672.0,57,2850.0,168,8400.0,42,2100.0,8,25,10,205,10250.0,75,3750.0,415,20750.0,13,14,10,500.0
2026-08-18,34,SG2,299629307,A/S,102.0,482.0,0,0.0,395,40269.6,263,26846.4,94,9588.0,75,7670.4,332,33864.0,940,95880.0,235,23970.0,46,138,57,1147,116994.0,440,44880.0,2322,236844.0,127,140,-147,-14994.0
2026-08-18,34,MX5(SANTAFE),299191767,A/S,18.0,,0,0.0,90,1625.4,60,1083.6,22,387.0,17,309.6,84,1512.0,215,3870.0,54,972.0,11,32,13,263,4734.0,111,1998.0,532,9576.0,24,26,-16,-288.0
2026-08-18,34,JX1,299171348,A/S,44.0,137.0,0,0.0,41,1792.6,27,1195.0,10,426.8,8,341.4,34,1496.0,97,4268.0,24,1056.0,5,14,6,119,5236.0,46,2024.0,240,10560.0,12,13,-8,-352.0
2026-08-18,34,AE(IONIQ),299471610,A/S,23.0,,0,0.0,48,1110.9,32,740.6,12,264.5,9,211.6,37,851.0,115,2645.0,29,667.0,6,17,7,141,3243.0,49,1127.0,285,6555.0,12,13,-11,-253.0
2026-08-18,34,JF(K5),299389966,A/S,58.0,,0,0.0,158,9183.7,106,6122.5,38,2186.6,30,1749.3,126,7308.0,377,21866.0,94,5452.0,18,55,23,460,26680.0,167,9686.0,931,53998.0,58,64,22,1276.0
2026-08-18,34,AD-100,206708105,A/S,69.0,254.0,0,0.0,141,9737.3,94,6491.5,34,2318.4,27,1854.7,105,7245.0,336,23184.0,84,5796.0,16,49,21,411,28359.0,139,9591.0,831,57339.0,52,57,-3,-207.0
2026-08-18,34,RG3(K9),299842734,A/S,29.0,,0,0.0,70,2034.1,47,1356.0,17,484.3,13,387.4,52,1508.0,167,4843.0,42,1218.0,8,24,10,204,5916.0,69,2001.0,413,11977.0,17,19,8,232.0
2026-08-18,34,ON(TELLURIDE),299251670,B,56.0,59.0,0,0.0,488,27353.8,326,18235.8,116,6512.8,93,5210.2,63,3528.0,1163,65128.0,291,16296.0,57,170,71,1419,79464.0,84,4704.0,2873,160888.0,113,124,-72,-4032.0
2026-08-18,34,QL(TUCSON),299995828,A/S,77.0,,0,0.0,207,15976.0,138,10650.6,49,3803.8,40,3043.0,183,14091.0,494,38038.0,124,9548.0,24,72,30,603,46431.0,242,18634.0,1221,94017.0,61,67,-108,-8316.0
2026-08-18,34,LX2(PALISADE),299504374,A/S,,,0,0.0,386,24702.7,257,16468.5,92,5881.6,74,4705.3,354,22656.0,919,58816.0,230,14720.0,45,135,56,1121,71744.0,470,30080.0,2270,145280.0,140,154,-220,-14080.0
2026-08-18,34,M-300,299175897,A/S,72.0,274.0,0,0.0,166,11944.8,111,7963.2,40,2844.0,32,2275.2,155,11160.0,395,28440.0,99,7128.0,19,58,24,482,34704.0,205,14760.0,976,70272.0,52,57,-121,-8712.0
2026-08-18,34,PAINT,201360839,원재료,39.0,41.0,3983,155337.0,0,0.0,0,0.0,0,0.0,0,0.0,0,0.0,0,0.0,0,0.0,0,0,0,0,0.0,0,0.0,3983,155337.0,0,0,281,10959.0
2026-08-18,34,QL(TUCSON),427W39866,A/S,,,0,0.0,37,2392.3,25,1594.9,9,569.6,7,455.7,31,1984.0,89,5696.0,22,1408.0,4,13,5,108,6912.0,41,2624.0,219,14016.0,12,13,-18,-1152.0
2026-08-18,34,QL(TUCSON),959W57344,C,339.0,,0,0.0,1312,444652.7,874,296435.2,312,105869.7,250,84695.8,142,48138.0,3123,1058697.0,781,264759.0,152,457,191,3812,1292268.0,188,63732.0,7716,2615724.0,416,458,320,108480.0
2026-08-18,34,TM,299643311,A/S,89.0,,0,0.0,452,40258.3,302,26838.8,108,9585.3,86,7668.2,351,31239.0,1077,95853.0,269,23941.0,53,158,66,1315,117035.0,465,41385.0,2661,236829.0,184,202,-41,-3649.0
2026-08-18,34,JB,299286925,A/S,41.0,,0,0.0,8,327.2,5,218.1,2,77.9,2,62.3,6,246.0,19,779.0,5,205.0,1,3,1,23,943.0,8,328.0,47,1927.0,3,3,2,82.0
2026-08-18,34,JF(K5),299948377,A/S,19.0,46.0,0,0.0,79,1508.2,53,1005.5,19,359.1,15,287.3,61,1159.0,189,3591.0,47,893.0,9,28,12,231,4389.0,80,1520.0,467,8873.0,33,36,-17,-323.0
2026-08-18,34,OS(KONA),299995328,A/S,159.0,,0,0.0,588,93558.8,392,62372.5,140,22275.9,112,17820.7,403,64077.0,1401,222759.0,350,55650.0,68,205,86,1710,271890.0,534,84906.0,3461,550299.0,255,280,346,55014.0
2026-08-18,34,SG2,206291867,A/S,62.0,247.0,0,0.0,142,8827.6,95,5885.0,34,2101.8,27,1681.4,106,6572.0,339,21018.0,85,5270.0,17,50,21,414,25668.0,141,8742.0,838,51956.0,42,46,26,1612.0
2026-08-18,34,ON(TELLURIDE),299347759,A/S,64.0,,0,0.0,148,9488.6,99,6325.8,35,2259.2,28,1807.4,113,7232.0,353,22592.0,88,5632.0,17,52,22,430,27520.0,150,9600.0,871,55744.0,35,38,-38,-2432.0
2026-08-18,34,SP2(SORENTO),299977715,A/S,78.0,260.0,0,0.0,253,19721.5,169,13147.7,60,4695.6,48,3756.5,194,15132.0,602,46956.0,150,11700.0,29,88,37,734,57252.0,257,20046.0,1486,115908.0,88,97,-76,-5928.0
2026-08-18,34,AD-100,299731359,A/S,123.0,534.0,0,0.0,393,48353.8,262,32235.8,94,11512.8,75,9210.2,253,31119.0,936,115128.0,234,28782.0,46,137,57,1142,140466.0,335,41205.0,2312,284376.0,112,123,47,5781.0
2026-08-18,34,TQ(STAREX),206980205,A/S,37.0,,0,0.0,90,3341.1,60,2227.4,22,795.5,17,636.4,73,2701.0,215,7955.0,54,1998.0,10,31,13,262,9694.0,96,3552.0,531,19647.0,31,34,-5,-185.0
2026-08-18,34,CV,206343620,A/S,133.0,609.0,0,0.0,130,17260.7,87,11507.2,31,4109.7,25,3287.8,99,13167.0,309,41097.0,77,10241.0,15,45,19,377,50141.0,131,17423.0,763,101479.0,54,59,22,2926.0
2026-08-18,34,OS(KONA),299225359,A/S,43.0,171.0,0,0.0,22,957.2,15,638.1,5,227.9,4,182.3,19,817.0,53,2279.0,13,559.0,3,8,3,65,2795.0,25,1075.0,131,5633.0,5,6,-6,-258.0
2026-08-18,34,RESIN,CA7833779A,원재료,60.0,,6305,378300.0,0,0.0,0,0.0,0,0.0,0,0.0,0,0.0,0,0.0,0,0.0,0,0,0,0,0.0,0,0.0,6305,378300.0,0,0,399,23940.0
2026-08-18,34,OS(KONA),CA4533466C,A/S,41.0,137.0,0,0.0,4,172.2,3,114.8,1,41.0,1,32.8,3,123.0,10,410.0,2,82.0,0,1,1,12,492.0,4,164.0,24,984.0,2,2,0,0.0
2026-08-18,34,ON(TELLURIDE),299910398,A/S,95.0,,0,0.0,136,12887.7,90,8591.8,32,3068.5,26,2454.8,120,11400.0,323,30685.0,81,7695.0,16,47,20,394,37430.0,159,15105.0,798,75810.0,53,58,-50,-4750.0
2026-08-18,34,YP(CARNIVAL),299343235,E,39.0,47.0,0,0.0,323,12579.8,215,8386.6,77,2995.2,61,2396.2,37,1443.0,768,29952.0,192,7488.0,37,112,47,937,36543.0,48,1872.0,1897,73983.0,109,120,-20,-780.0
2026-08-18,34,TQ(STAREX),299196971,E,206.0,313.0,0,0.0,1041,214396.6,694,142931.0,248,51046.8,198,40837.4,120,24720.0,2478,510468.0,620,127720.0,121,363,151,3025,623150.0,160,32960.0,6123,1261338.0,495,544,-51,-10506.0
2026-08-18,34,SG2,299722647,A/S,15.0,,0,0.0,15,220.5,10,147.0,4,52.5,3,42.0,13,195.0,35,525.0,9,135.0,2,5,2,43,645.0,17,255.0,87,1305.0,6,7,-5,-75.0
2026-08-18,34,AE(IONIQ),299771847,A/S,34.0,,0,0.0,206,7011.5,137,4674.3,49,1669.4,39,1335.5,173,5882.0,491,16694.0,123,4182.0,24,72,30,599,20366.0,230,7820.0,1213,41242.0,57,63,59,2006.0
2026-08-18,34,EG,299293163,C,,,0,0.0,529,33868.8,353,22579.2,126,8064.0,101,6451.2,63,4032.0,1260,80640.0,315,20160.0,62,185,77,1538,98432.0,84,5376.0,3113,199232.0,199,219,-158,-10112.0
2026-08-18,34,GN7(GRANDUER),201230135,A/S,149.0,529.0,0,0.0,870,129603.2,580,86402.1,207,30857.9,166,24686.3,623,92827.0,2071,308579.0,518,77182.0,101,303,126,2528,376672.0,826,123074.0,5117,762433.0,281,309,346,51554.0
2026-08-18,34,JF(K5),990W22703,A/S,37.0,156.0,0,0.0,152,5641.0,102,3760.7,36,1343.1,29,1074.5,135,4995.0,363,13431.0,91,3367.0,18,53,22,443,16391.0,179,6623.0,897,33189.0,57,63,-146,-5402.0
2026-08-18,34,SP2(SORENTO),299944248,A/S,55.0,184.0,0,0.0,538,29591.1,359,19727.4,128,7045.5,102,5636.4,412,22660.0,1281,70455.0,320,17600.0,63,188,78,1563,85965.0,546,30030.0,3164,174020.0,140,154,147,8085.0
2026-08-18,34,TM,299160555,A/S,,,0,0.0,32,2016.0,21,1344.0,8,480.0,6,384.0,26,1664.0,75,4800.0,19,1216.0,4,11,5,92,5888.0,34,2176.0,186,11904.0,13,14,-6,-384.0
2026-08-18,34,CN7(AVANTE),299295751,A/S,69.0,260.0,0,0.0,154,10606.7,102,7071.1,37,2525.4,29,2020.3,124,8556.0,366,25254.0,92,6348.0,18,54,22,849,58601.7,164,11316.0,1307,90203.7,20,63,-39,-2691.0
2026-08-18,34,ON(TELLURIDE),CA9203092B,A/S,76.0,,0,0.0,556,42230.2,370,28153.4,132,10054.8,106,8043.8,430,32680.0,1323,100548.0,331,25156.0,65,194,81,1615,122740.0,571,43396.0,3269,248444.0,186,205,45,3420.0
2026-08-18,34,MX5(SANTAFE),299612986,A/S,16.0,56.0,0,0.0,60,967.7,40,645.1,14,230.4,12,184.3,48,768.0,144,2304.0,36,576.0,7,21,9,176,2816.0,63,1008.0,356,5696.0,22,24,10,160.0
2026-08-18,34,VQ,299378562,A/S,89.0,327.0,0,0.0,166,14802.5,111,9868.3,40,3524.4,32,2819.5,130,11570.0,396,35244.0,99,8811.0,19,58,24,484,43076.0,173,15397.0,979,87131.0,43,47,-98,-8722.0
2026-08-18,34,CN7(AVANTE),299463172,A,111.0,,0,0.0,834,92540.7,556,61693.8,198,22033.5,159,17626.8,105,11655.0,1985,220335.0,496,55056.0,97,291,121,2423,268953.0,139,15429.0,4904,544344.0,281,309,-917,-101787.0
2026-08-18,34,RG3(K9),299172100,A,49.0,55.0,0,0.0,96,4712.8,64,3141.9,23,1122.1,18,897.7,11,539.0,229,11221.0,57,2793.0,11,33,14,279,13671.0,14,686.0,565,27685.0,29,32,17,833.0
2026-08-18,34,QL(TUCSON),299145601,C,38.0,39.0,0,0.0,470,17875.2,314,11916.8,112,4256.0,90,3404.8,60,2280.0,1120,42560.0,280,10640.0,55,164,68,1367,51946.0,79,3002.0,2767,105146.0,157,173,-70,-2660.0
2026-08-18,34,AE(IONIQ),299161925,A/S,88.0,,0,0.0,65,5728.8,43,3819.2,16,1364.0,12,1091.2,47,4136.0,155,13640.0,39,3432.0,8,23,10,190,16720.0,62,5456.0,384,33792.0,23,25,21,1848.0
2026-08-18,34,AE-PE(IONIQ),299183437,A/S,98.0,,0,0.0,381,37373.3,254,24915.5,91,8898.4,73,7118.7,278,27244.0,908,88984.0,227,22246.0,44,133,55,1108,108584.0,368,36064.0,2243,219814.0,133,146,254,24892.0
2026-08-18,34,"SX2(KONA,HMC)",299487624,A,45.0,44.0,0,0.0,209,9412.2,139,6274.8,50,2241.0,40,1792.8,25,1125.0,498,22410.0,124,5580.0,24,73,30,608,27360.0,33,1485.0,1230,55350.0,79,87,88,3960.0
2026-08-18,34,DN8(SONATA),299628422,A/S,30.0,103.0,0,0.0,303,9097.2,202,6064.8,72,2166.0,58,1732.8,244,7320.0,722,21660.0,181,5430.0,35,106,44,881,26430.0,324,9720.0,1784,53520.0,72,79,27,810.0
2026-08-18,34,TQ(STAREX),299618081,A/S,78.0,303.0,0,0.0,214,16707.6,143,11138.4,51,3978.0,41,3182.4,168,13104.0,510,39780.0,128,9984.0,25,75,31,623,48594.0,223,17394.0,1261,98358.0,63,69,-97,-7566.0
2026-08-18,34,YP(CARNIVAL),299153948,C,64.0,68.0,0,0.0,1294,82817.3,863,55211.5,308,19718.4,246,15774.7,148,9472.0,3081,197184.0,770,49280.0,150,451,188,3760,240640.0,196,12544.0,7611,487104.0,410,451,-265,-16960.0
2026-08-18,34,AD-100,299795584,C,42.0,48.0,0,0.0,21,882.0,14,588.0,5,210.0,4,168.0,3,126.0,50,2100.0,13,546.0,2,7,3,61,2562.0,4,168.0,124,5208.0,6,7,-6,-252.0
2026-08-18,34,PAINT,299539165,원재료,65.0,77.0,6131,398515.0,0,0.0,0,0.0,0,0.0,0,0.0,0,0.0,0,0.0,0,0.0,0,0,0,0,0.0,0,0.0,6131,398515.0,0,0,686,44590.0
2026-08-18,34,"SX2(KONA,HMC)",299297201,A/S,166.0,614.0,0,0.0,724,120197.3,483,80131.5,172,28618.4,138,22894.7,502,83332.0,1724,286184.0,431,71546.0,84,253,105,2105,349430.0,665,110390.0,4260,707160.0,294,323,273,45318.0
2026-08-18,34,"SX2(KONA,HMC)",299294804,A/S,161.0,624.0,0,0.0,146,23531.8,97,15687.8,35,5602.8,28,4482.2,106,17066.0,348,56028.0,87,14007.0,17,51,21,425,68425.0,141,22701.0,860,138460.0,49,54,-154,-24794.0
2026-08-18,34,NX4-PE(TUCSON),299756351,A/S,107.0,,0,0.0,766,81925.6,510,54617.1,182,19506.1,146,15604.9,602,64414.0,1823,195061.0,456,48792.0,89,267,111,2225,238075.0,798,85386.0,4504,481928.0,318,350,-64,-6848.0
2026-08-18,34,AE-PE(IONIQ),299983477,A/S,44.0,165.0,0,0.0,22,979.4,15,653.0,5,233.2,4,186.6,17,748.0,53,2332.0,13,572.0,3,8,3,64,2816.0,23,1012.0,130,5720.0,9,10,-1,-44.0
2026-08-18,34,SG2,CA5776207E,A/S,119.0,397.0,0,0.0,75,8946.4,50,5964.3,18,2130.1,14,1704.1,63,7497.0,179,21301.0,45,5355.0,9,26,11,218,25942.0,84,9996.0,442,52598.0,26,29,-10,-1190.0
2026-08-18,34,LX2(PALISADE),299836573,A/S,35.0,,0,0.0,484,16949.1,323,11299.4,115,4035.5,92,3228.4,388,13580.0,1153,40355.0,288,10080.0,56,169,70,1407,49245.0,514,17990.0,2848,99680.0,99,109,179,6265.0
2026-08-18,34,HG(GRANDUER),299940193,A/S,26.0,,0,0.0,53,1386.8,36,924.6,13,330.2,10,264.2,48,1248.0,127,3302.0,32,832.0,6,19,8,155,4030.0,63,1638.0,314,8164.0,13,14,-16,-416.0
2026-08-18,34,SG2,299272213,E,81.0,,0,0.0,478,38748.8,319,25832.5,114,9225.9,91,7380.7,52,4212.0,1139,92259.0,285,23085.0,56,167,70,1390,112590.0,70,5670.0,2814,227934.0,146,161,160,12960.0
2026-08-18,34,JX1,299847369,A/S,103.0,,0,0.0,116,11896.5,77,7931.0,28,2832.5,22,2266.0,94,9682.0,275,28325.0,69,7107.0,13,40,17,336,34608.0,125,12875.0,680,70040.0,29,32,-83,-8549.0
2026-08-18,34,VQ,299679818,A/S,600.0,,0,0.0,685,411264.0,457,274176.0,163,97920.0,131,78336.0,510,306000.0,1632,979200.0,408,244800.0,80,239,100,1992,1195200.0,676,405600.0,4032,2419200.0,218,240,-165,-99000.0
2026-08-18,34,YP(CARNIVAL),299801052,B,78.0,,0,0.0,185,14447.2,123,9631.4,44,3439.8,35,2751.8,22,1716.0,441,34398.0,110,8580.0,22,65,27,539,42042.0,30,2340.0,1090,85020.0,54,59,-90,-7020.0
2026-08-18,34,ON(TELLURIDE),299565494,A/S,206.0,781.0,0,0.0,715,147343.6,477,98229.0,170,35081.8,136,28065.4,622,128132.0,1703,350818.0,426,87756.0,83,249,104,2079,428274.0,825,169950.0,4208,866848.0,202,222,-158,-32548.0
2026-08-18,34,"SX2(KONA,HMC)",299134590,A/S,25.0,88.0,0,0.0,47,1165.5,31,777.0,11,277.5,9,222.0,38,950.0,111,2775.0,28,700.0,5,16,7,136,3400.0,50,1250.0,275,6875.0,13,14,18,450.0
2026-08-18,34,RG3(K9),202952174,A/S,18.0,73.0,0,0.0,14,249.5,9,166.3,3,59.4,3,47.5,10,180.0,33,594.0,8,144.0,2,5,2,40,720.0,14,252.0,81,1458.0,6,7,6,108.0
2026-08-18,34,AE-PE(IONIQ),206752657,A/S,167.0,712.0,0,0.0,622,103807.2,414,69204.8,148,24716.0,118,19772.8,530,88510.0,1480,247160.0,370,61790.0,72,217,90,1807,301769.0,702,117234.0,3657,610719.0,239,263,-743,-124081.0
2026-08-18,34,JB,299277803,A/S,8.0,,0,0.0,5,40.3,3,26.9,1,9.6,1,7.7,4,32.0,12,96.0,3,24.0,1,2,1,15,120.0,5,40.0,30,240.0,2,2,1,8.0
2026-08-18,34,TQ(STAREX),206232328,A/S,43.0,163.0,0,0.0,192,8253.4,128,5502.3,46,1965.1,37,1572.1,156,6708.0,457,19651.0,114,4902.0,22,67,28,557,23951.0,207,8901.0,1128,48504.0,72,79,65,2795.0
2026-08-18,34,PAINT,299327333,원재료,152.0,,9322,1416944.0,0,0.0,0,0.0,0,0.0,0,0.0,0,0.0,0,0.0,0,0.0,0,0,0,0,0.0,0,0.0,9322,1416944.0,0,0,436,66272.0
2026-08-18,34,TM,299781260,A/S,51.0,,0,0.0,233,11888.1,155,7925.4,56,2830.5,44,2264.4,178,9078.0,555,28305.0,139,7089.0,27,81,34,678,34578.0,236,12036.0,1372,69972.0,89,98,-27,-1377.0
2026-08-18,34,SG2,299110646,B,64.0,60.0,0,0.0,231,14810.9,154,9873.9,55,3526.4,44,2821.1,25,1600.0,551,35264.0,138,8832.0,27,81,34,672,43008.0,33,2112.0,1361,87104.0,85,94,3,192.0
2026-08-18,34,M-300,299528117,A/S,220.0,,0,0.0,291,63940.8,194,42627.2,69,15224.0,55,12179.2,229,50380.0,692,152240.0,173,38060.0,34,101,42,844,185680.0,304,66880.0,1709,375980.0,132,145,-159,-34980.0
2026-08-18,34,JX1,299520785,A/S,85.0,,0,0.0,731,62153.7,487,41435.8,174,14798.5,139,11838.8,542,46070.0,1741,147985.0,435,36975.0,85,255,106,2125,180625.0,718,61030.0,4301,365585.0,0,243,186,15810.0
2026-08-18,34,SG2,299295021,B,25.0,28.0,0,0.0,152,3801.0,101,2534.0,36,905.0,29,724.0,21,525.0,362,9050.0,90,2250.0,18,53,22,441,11025.0,28,700.0,893,22325.0,55,61,-14,-350.0
2026-08-18,34,JF(K5),299397991,C,129.0,153.0,0,0.0,1172,151162.2,781,100774.8,279,35991.0,223,28792.8,139,17931.0,2790,359910.0,697,89913.0,136,409,170,3405,439245.0,184,23736.0,6892,889068.0,329,362,-640,-82560.0
2026-08-18,34,DH(G80),299482126,E,40.0,,0,0.0,440,17589.6,293,11726.4,105,4188.0,84,3350.4,54,2160.0,1047,41880.0,262,10480.0,51,153,64,1278,51120.0,72,2880.0,2587,103480.0,0,202,64,2560.0
2026-08-18,34,"SX2(KONA,HMC)",201885299,A/S,89.0,306.0,0,0.0,120,10690.7,80,7127.1,29,2545.4,23,2036.3,92,8188.0,286,25454.0,71,6319.0,14,42,17,349,31061.0,122,10858.0,706,62834.0,43,47,59,5251.0
2026-08-18,34,SG2,299164632,B,78.0,,0,0.0,650,50679.7,433,33786.5,155,12066.6,124,9653.3,81,6318.0,1547,120666.0,387,30186.0,76,227,94,1888,147264.0,107,8346.0,3822,298116.0,251,276,188,14664.0
2026-08-18,34,SP2(SORENTO),202286061,A/S,125.0,,0,0.0,1144,143010.0,763,95340.0,272,34050.0,218,27240.0,866,108250.0,2724,340500.0,681,85125.0,133,399,166,3325,415625.0,1148,143500.0,6730,841250.0,375,413,-296,-37000.0
2026-08-18,34,TM,206346798,B,32.0,,0,0.0,58,1841.3,38,1227.5,14,438.4,11,350.7,7,224.0,137,4384.0,34,1088.0,7,20,8,168,5376.0,9,288.0,339,10848.0,16,18,9,288.0
2026-08-18,34,OS(KONA),299543929,A/S,21.0,79.0,0,0.0,128,2690.1,85,1793.4,30,640.5,24,512.4,102,2142.0,305,6405.0,76,1596.0,15,45,19,372,7812.0,135,2835.0,753,15813.0,42,46,-8,-168.0
2026-08-18,34,M-300,299424944,A/S,13.0,,0,0.0,59,764.4,39,509.6,14,182.0,11,145.6,50,650.0,140,1820.0,35,455.0,7,21,9,171,2223.0,66,858.0,346,4498.0,25,28,-29,-377.0
2026-08-18,34,JB,202191019,A/S,169.0,580.0,0,0.0,281,47556.6,188,31704.4,67,11323.0,54,9058.4,239,40391.0,670,113230.0,168,28392.0,33,98,41,818,138242.0,317,53573.0,1656,279864.0,75,82,102,17238.0
2026-08-18,34,JF(K5),299382844,A/S,46.0,,0,0.0,5,231.8,3,154.6,1,55.2,1,44.2,4,184.0,12,552.0,3,138.0,1,2,1,14,644.0,5,230.0,29,1334.0,2,2,1,46.0
2026-08-18,34,EG,299629528,A/S,41.0,,0,0.0,7,275.5,4,183.7,2,65.6,1,52.5,5,205.0,16,656.0,4,164.0,1,2,1,19,779.0,7,287.0,39,1599.0,2,2,7,287.0
2026-08-18,34,MX5(SANTAFE),206780490,A,135.0,133.0,0,0.0,1996,269495.1,1331,179663.4,475,64165.5,380,51332.4,236,31860.0,4753,641655.0,1188,160380.0,232,696,290,5801,783135.0,312,42120.0,11742,1585170.0,764,840,-2141,-289035.0
2026-08-18,34,SP2(SORENTO),299606958,A/S,8.0,26.0,0,0.0,5,37.0,3,24.6,1,8.8,1,7.0,4,32.0,11,88.0,3,24.0,1,2,1,13,104.0,5,40.0,27,216.0,2,2,1,8.0
2026-08-18,34,M-300,299324602,A/S,188.0,,0,0.0,229,43033.2,153,28688.8,54,10246.0,44,8196.8,188,35344.0,545,102460.0,136,25568.0,27,80,33,665,125020.0,250,47000.0,1346,253048.0,39,43,-22,-4136.0
2026-08-18,34,RESIN,201459121,원재료,,94.0,11264,720896.0,0,0.0,0,0.0,0,0.0,0,0.0,0,0.0,0,0.0,0,0.0,0,0,0,0,0.0,0,0.0,11264,720896.0,0,0,1030,65920.0
2026-08-18,34,DN8(SONATA),299348589,A/S,87.0,369.0,0,0.0,196,17064.2,131,11376.1,47,4062.9,37,3250.3,151,13137.0,467,40629.0,117,10179.0,23,68,28,570,49590.0,200,17400.0,1154,100398.0,62,68,35,3045.0
2026-08-18,34,DH(G80),299357575,C,43.0,,0,0.0,1018,43777.4,679,29185.0,242,10423.2,194,8338.6,129,5547.0,2424,104232.0,606,26058.0,118,355,148,2959,127237.0,171,7353.0,5989,257527.0,287,316,194,8342.0
2026-08-18,34,RG3(K9),206535461,A/S,,482.0,0,0.0,104,6639.4,69,4426.2,25,1580.8,20,1264.6,93,5952.0,247,15808.0,62,3968.0,12,36,15,301,19264.0,123,7872.0,610,39040.0,47,52,-56,-3584.0
2026-08-18,34,"SX2(KONA,HMC)",299899176,A/S,20.0,,0,0.0,2,42.0,1,28.0,0,10.0,0,8.0,2,40.0,5,100.0,1,20.0,0,1,0,6,120.0,2,40.0,12,240.0,0,0,0,0.0
2026-08-18,34,OS(KONA),299357088,E,219.0,,0,0.0,713,156090.1,475,104060.0,170,37164.3,136,29731.4,79,17301.0,1697,371643.0,424,92856.0,83,249,104,2071,453549.0,104,22776.0,4192,918048.0,314,345,204,44676.0
2026-08-18,34,JB,299832536,C,56.0,,0,0.0,306,17122.6,204,11415.0,73,4076.8,58,3261.4,42,2352.0,728,40768.0,182,10192.0,36,107,44,889,49784.0,56,3136.0,1799,100744.0,86,95,-124,-6944.0
2026-08-18,34,CN7(AVANTE),206766165,A/S,,,0,0.0,39,2526.7,26,1684.5,9,601.6,8,481.3,30,1920.0,94,6016.0,23,1472.0,5,14,6,114,7296.0,40,2560.0,231,14784.0,15,16,8,512.0
2026-08-18,34,AE-PE(IONIQ),299332181,A/S,21.0,,0,0.0,223,4683.4,149,3122.3,53,1115.1,42,892.1,185,3885.0,531,11151.0,133,2793.0,26,78,32,648,13608.0,246,5166.0,1312,27552.0,51,56,26,546.0
2026-08-18,34,PAINT,299166419,원재료,200.0,223.0,18719,3743800.0,0,0.0,0,0.0,0,0.0,0,0.0,0,0.0,0,0.0,0,0.0,0,0,0,0,0.0,0,0.0,18719,3743800.0,0,0,-120,-24000.0
2026-08-18,34,AE-PE(IONIQ),206982337,A/S,228.0,,0,0.0,39,8809.9,26,5873.3,9,2097.6,7,1678.1,33,7524.0,92,20976.0,23,5244.0,5,14,6,113,25764.0,44,10032.0,228,51984.0,14,15,-26,-5928.0
2026-08-18,34,JX1,299571501,A/S,,107.0,0,0.0,484,30992.6,323,20661.8,115,7379.2,92,5903.4,350,22400.0,1153,73792.0,288,18432.0,56,169,70,1407,90048.0,464,29696.0,2848,182272.0,0,227,106,6784.0
2026-08-18,34,ON(TELLURIDE),299936087,A/S,93.0,,0,0.0,127,11835.2,85,7890.1,30,2817.9,24,2254.3,110,10230.0,303,28179.0,76,7068.0,15,44,18,370,34410.0,146,13578.0,749,69657.0,41,45,-28,-2604.0
2026-08-18,34,AE(IONIQ),299377616,A/S,283.0,1117.0,0,0.0,757,214304.6,505,142869.7,180,51024.9,144,40819.9,542,153386.0,1803,510249.0,451,127633.0,88,264,110,2201,622883.0,718,203194.0,4455,1260765.0,337,371,208,58864.0
2026-08-18,34,DN8(SONATA),299944026,A/S,50.0,160.0,0,0.0,261,13062.0,174,8708.0,62,3110.0,50,2488.0,222,11100.0,622,31100.0,156,7800.0,30,91,38,760,38000.0,295,14750.0,1538,76900.0,91,100,-101,-5050.0
2026-08-18,34,CV,299288915,A/S,184.0,509.0,0,0.0,1069,196677.6,713,131118.4,254,46828.0,204,37462.4,806,148304.0,2545,468280.0,636,117024.0,124,373,155,3107,571688.0,1068,196512.0,6288,1156992.0,371,408,706,129904.0
2026-08-18,34,NX4-PE(TUCSON),299153026,A/S,94.0,313.0,0,0.0,493,46310.0,328,30873.4,117,11026.2,94,8821.0,377,35438.0,1173,110262.0,293,27542.0,57,172,72,1432,134608.0,501,47094.0,2898,272412.0,197,217,34,3196.0
2026-08-18,34,PAINT,202404946,원재료,29.0,37.0,7738,224402.0,0,0.0,0,0.0,0,0.0,0,0.0,0,0.0,0,0.0,0,0.0,0,0,0,0,0.0,0,0.0,7738,224402.0,0,0,-833,-24157.0
2026-08-18,34,OS(KONA),935W76203,A/S,106.0,368.0,0,0.0,60,6321.8,40,4214.6,14,1505.2,11,1204.2,44,4664.0,142,15052.0,36,3816.0,7,21,9,174,18444.0,59,6254.0,352,37312.0,22,24,14,1484.0
2026-08-18,34,"SX2(KONA,HMC)",299132156,A/S,314.0,1074.0,0,0.0,952,298972.0,635,199314.6,227,71183.8,181,56947.0,722,226708.0,2267,711838.0,567,178038.0,111,332,138,2767,868838.0,958,300812.0,5601,1758714.0,275,302,187,58718.0
2026-08-18,34,MX5(SANTAFE),206209316,A/S,105.0,422.0,0,0.0,780,81937.8,520,54625.2,186,19509.0,149,15607.2,573,60165.0,1858,195090.0,465,48825.0,91,272,113,2268,238140.0,759,79695.0,4591,482055.0,316,348,-78,-8190.0
2026-08-18,34,DN8(SONATA),299218617,A/S,98.0,339.0,0,0.0,299,29264.8,199,19509.8,71,6967.8,57,5574.2,204,19992.0,711,69678.0,178,17444.0,35,104,43,868,85064.0,270,26460.0,1757,172186.0,94,103,124,12152.0
2026-08-18,34,CK(STINGER),299623446,A/S,83.0,,0,0.0,206,17081.4,137,11387.6,49,4067.0,39,3253.6,181,15023.0,490,40670.0,123,10209.0,24,72,30,599,49717.0,239,19837.0,1212,100596.0,94,103,-5,-415.0
2026-08-18,34,M-300,299659022,E,60.0,56.0,0,0.0,61,3654.0,41,2436.0,14,870.0,12,696.0,8,480.0,145,8700.0,36,2160.0,7,21,9,177,10620.0,10,600.0,358,21480.0,20,22,-23,-1380.0
2026-08-18,34,RG3(K9),299892873,A/S,32.0,130.0,0,0.0,98,3131.5,65,2087.7,23,745.6,19,596.5,77,2464.0,233,7456.0,58,1856.0,11,34,14,285,9120.0,102,3264.0,576,18432.0,33,36,-36,-1152.0
2026-08-18,34,PAINT,206481724,원재료,,48.0,895,57280.0,0,0.0,0,0.0,0,0.0,0,0.0,0,0.0,0,0.0,0,0.0,0,0,0,0,0.0,0,0.0,895,57280.0,0,0,7,448.0
2026-08-18,34,GN7(GRANDUER),206223106,A/S,22.0,,0,0.0,46,1016.4,31,677.6,11,242.0,9,193.6,39,858.0,110,2420.0,28,616.0,5,16,7,135,2970.0,51,1122.0,273,6006.0,14,15,-2,-44.0
2026-08-18,34,JF(K5),299556053,A/S,28.0,,0,0.0,192,5374.3,128,3582.9,46,1279.6,37,1023.7,142,3976.0,457,12796.0,114,3192.0,22,67,28,557,15596.0,188,5264.0,1128,31584.0,68,75,59,1652.0
2026-08-18,34,"SX2(KONA,HMC)",299928395,A/S,75.0,,0,0.0,35,2646.0,24,1764.0,8,630.0,7,504.0,26,1950.0,84,6300.0,21,1575.0,4,12,5,102,7650.0,34,2550.0,207,15525.0,13,14,7,525.0
2026-08-18,34,GN7(GRANDUER),299476139,A/S,82.0,,0,0.0,427,35025.5,285,23350.3,102,8339.4,81,6671.5,342,28044.0,1017,83394.0,254,20828.0,50,149,62,1241,101762.0,453,37146.0,2512,205984.0,118,130,-159,-13038.0
2026-08-18,34,SG2,299775118,E,130.0,117.0,0,0.0,904,117499.2,603,78332.8,215,27976.0,172,22380.8,103,13390.0,2152,279760.0,538,69940.0,105,315,131,2627,341510.0,137,17810.0,5317,691210.0,287,316,-567,-73710.0
2026-08-18,34,"SX2(KONA,HMC)",299654426,A,41.0,43.0,0,0.0,298,12209.0,199,8139.3,71,2906.9,57,2325.5,36,1476.0,709,29069.0,177,7257.0,35,104,43,865,35465.0,48,1968.0,1751,71791.0,72,79,-45,-1845.0
2026-08-18,34,"SX2(KONA,HMC)",201128830,A/S,20.0,76.0,0,0.0,39,772.8,26,515.2,9,184.0,7,147.2,33,660.0,92,1840.0,23,460.0,5,14,6,113,2260.0,43,860.0,228,4560.0,16,18,-11,-220.0
2026-08-18,34,YP(CARNIVAL),206153618,C,69.0,,0,0.0,189,13070.0,126,8713.3,45,3111.9,36,2489.5,24,1656.0,451,31119.0,113,7797.0,22,66,28,550,37950.0,31,2139.0,1114,76866.0,45,50,-3,-207.0
2026-08-18,34,AD-100,206783127,A/S,201.0,702.0,0,0.0,2459,494279.1,1639,329519.4,586,117685.5,468,94148.4,1853,372453.0,5855,1176855.0,1464,294264.0,286,858,357,7146,1436346.0,2456,493656.0,14465,2907465.0,928,1021,-325,-65325.0
2026-08-18,34,ON(TELLURIDE),299963202,A/S,35.0,,0,0.0,142,4968.6,95,3312.4,34,1183.0,27,946.4,113,3955.0,338,11830.0,84,2940.0,17,50,21,413,14455.0,150,5250.0,835,29225.0,44,48,15,525.0
2026-08-18,34,CK(STINGER),299472228,A/S,33.0,,0,0.0,42,1386.0,28,924.0,10,330.0,8,264.0,32,1056.0,100,3300.0,25,825.0,5,15,6,122,4026.0,43,1419.0,247,8151.0,12,13,14,462.0
2026-08-18,34,TQ(STAREX),206562638,A/S,,184.0,0,0.0,37,2365.4,25,1577.0,9,563.2,7,450.6,29,1856.0,88,5632.0,22,1408.0,4,13,5,107,6848.0,39,2496.0,217,13888.0,15,16,5,320.0
2026-08-18,34,CK(STINGER),299171080,A/S,321.0,1282.0,0,0.0,1891,606959.6,1261,404639.8,450,144514.2,360,115611.4,1471,472191.0,4502,1445142.0,1125,361125.0,220,659,275,5495,1763895.0,1950,625950.0,11122,3570162.0,553,608,32,10272.0
2026-08-18,34,TQ(STAREX),206323264,A/S,283.0,1046.0,0,0.0,92,26149.2,62,17432.8,22,6226.0,18,4980.8,65,18395.0,220,62260.0,55,15565.0,11,32,13,268,75844.0,86,24338.0,543,153669.0,26,29,27,7641.0
2026-08-18,34,LX2(PALISADE),299716532,A/S,112.0,470.0,0,0.0,354,39701.8,236,26467.8,84,9452.8,68,7562.2,275,30800.0,844,94528.0,211,23632.0,41,124,52,1030,115360.0,365,40880.0,2085,233520.0,135,148,73,8176.0
2026-08-18,34,DN8(SONATA),299142202,A,38.0,44.0,0,0.0,419,15912.1,279,10608.1,100,3788.6,80,3030.9,60,2280.0,997,37886.0,249,9462.0,49,146,61,1216,46208.0,79,3002.0,2462,93556.0,119,131,-202,-7676.0
2026-08-18,34,VQ,CA1394886C,A/S,28.0,95.0,0,0.0,18,517.4,12,345.0,4,123.2,4,98.6,16,448.0,44,1232.0,11,308.0,2,6,3,54,1512.0,21,588.0,109,3052.0,5,6,-10,-280.0
2026-08-18,34,YP(CARNIVAL),299855512,A/S,28.0,84.0,0,0.0,68,1905.1,45,1270.1,16,453.6,13,362.9,50,1400.0,162,4536.0,40,1120.0,8,24,10,198,5544.0,66,1848.0,400,11200.0,25,28,23,644.0
2026-08-18,34,EG,206596168,D,131.0,,0,0.0,740,96945.2,493,64630.2,176,23082.2,141,18465.8,90,11790.0,1762,230822.0,441,57771.0,86,258,108,2151,281781.0,119,15589.0,4354,570374.0,236,260,-599,-78469.0
2026-08-18,34,CK(STINGER),206238827,B,106.0,121.0,0,0.0,130,13756.7,87,9171.1,31,3275.4,25,2620.3,14,1484.0,309,32754.0,77,8162.0,15,45,19,378,40068.0,19,2014.0,764,80984.0,52,57,-35,-3710.0
2026-08-18,34,M-300,299900045,A/S,134.0,424.0,0,0.0,242,32361.0,161,21574.0,58,7705.0,46,6164.0,178,23852.0,575,77050.0,144,19296.0,28,84,35,701,93934.0,236,31624.0,1420,190280.0,92,101,148,19832.0
2026-08-18,34,M-300,299712418,A/S,86.0,337.0,0,0.0,87,7476.8,58,4984.6,21,1780.2,17,1424.2,67,5762.0,207,17802.0,52,4472.0,10,30,13,252,21672.0,89,7654.0,511,43946.0,36,40,-20,-1720.0
2026-08-18,34,CV,299216885,A/S,83.0,286.0,0,0.0,481,39949.6,321,26633.0,115,9511.8,92,7609.4,407,33781.0,1146,95118.0,286,23738.0,56,168,70,1399,116117.0,539,44737.0,2831,234973.0,182,200,-66,-5478.0
2026-08-18,34,HG(GRANDUER),299152502,B,136.0,,0,0.0,126,17078.9,84,11385.9,30,4066.4,24,3253.1,16,2176.0,299,40664.0,75,10200.0,15,44,18,365,49640.0,21,2856.0,739,100504.0,48,53,-4,-544.0
2026-08-18,34,ON(TELLURIDE),299203971,A/S,45.0,217.0,0,0.0,73,3288.6,49,2192.4,17,783.0,14,626.4,60,2700.0,174,7830.0,44,1980.0,9,26,11,213,9585.0,79,3555.0,431,19395.0,23,25,-16,-720.0
2026-08-18,34,MX5(SANTAFE),299182983,A/S,70.0,232.0,0,0.0,67,4704.0,45,3136.0,16,1120.0,13,896.0,56,3920.0,160,11200.0,40,2800.0,8,23,10,195,13650.0,74,5180.0,395,27650.0,0,18,-4,-280.0
2026-08-18,34,M-300,299118811,A/S,318.0,931.0,0,0.0,542,172292.4,361,114861.6,129,41022.0,103,32817.6,402,127836.0,1290,410220.0,322,102396.0,63,189,79,1574,500532.0,533,169494.0,3186,1013148.0,197,217,-34,-10812.0
2026-08-18,34,OS(KONA),299499267,A/S,81.0,,0,0.0,17,1360.8,11,907.2,4,324.0,3,259.2,14,1134.0,40,3240.0,10,810.0,2,6,2,49,3969.0,19,1539.0,99,8019.0,6,7,-7,-567.0
2026-08-18,34,VQ,299479697,D,22.0,24.0,0,0.0,276,6061.4,184,4041.0,66,1443.2,52,1154.6,33,726.0,656,14432.0,164,3608.0,32,96,40,801,17622.0,44,968.0,1621,35662.0,71,78,62,1364.0
2026-08-18,34,JF(K5),299458676,E,108.0,,0,0.0,662,71442.0,441,47628.0,158,17010.0,126,13608.0,81,8748.0,1575,170100.0,394,42552.0,77,231,96,1922,207576.0,108,11664.0,3891,420228.0,216,238,87,9396.0
2026-08-18,34,SM,299469874,A/S,23.0,,0,0.0,79,1825.7,53,1217.2,19,434.7,15,347.8,58,1334.0,189,4347.0,47,1081.0,9,28,12,231,5313.0,77,1771.0,467,10741.0,25,28,30,690.0
2026-08-18,34,HG(GRANDUER),206914351,A/S,37.0,135.0,0,0.0,83,3076.9,55,2051.3,20,732.6,16,586.1,66,2442.0,198,7326.0,49,1813.0,10,29,12,241,8917.0,87,3219.0,488,18056.0,40,44,18,666.0
2026-08-18,34,LX2(PALISADE),206670864,C,48.0,71.0,0,0.0,79,3810.2,53,2540.2,19,907.2,15,725.8,9,432.0,189,9072.0,47,2256.0,9,28,12,231,11088.0,11,528.0,467,22416.0,27,30,2,96.0
2026-08-18,34,AD-100,299874653,A/S,108.0,485.0,0,0.0,1345,145288.1,897,96858.7,320,34592.4,256,27673.9,1115,120420.0,3203,345924.0,801,86508.0,156,469,195,3909,422172.0,1479,159732.0,7913,854604.0,458,504,-349,-37692.0
2026-08-18,34,ON(TELLURIDE),299131001,A/S,88.0,,0,0.0,48,4213.4,32,2809.0,11,1003.2,9,802.6,35,3080.0,114,10032.0,28,2464.0,6,17,7,139,12232.0,46,4048.0,281,24728.0,14,15,16,1408.0
2026-08-18,34,"SX2(KONA,HMC)",299798208,C,74.0,94.0,0,0.0,889,65796.4,593,43864.2,212,15665.8,169,12532.6,100,7400.0,2117,156658.0,529,39146.0,103,310,129,2583,191142.0,133,9842.0,5229,386946.0,351,386,-130,-9620.0
2026-08-18,34,ON(TELLURIDE),299890505,A/S,,280.0,0,0.0,129,8225.3,86,5483.5,31,1958.4,24,1566.7,116,7424.0,306,19584.0,76,4864.0,15,45,19,373,23872.0,154,9856.0,755,48320.0,49,54,-63,-4032.0
2026-08-18,34,HG(GRANDUER),299250501,A/S,64.0,,0,0.0,507,32471.0,338,21647.4,121,7731.2,97,6185.0,396,25344.0,1208,77312.0,302,19328.0,59,177,74,1475,94400.0,524,33536.0,2985,191040.0,208,229,289,18496.0
2026-08-18,34,HG(GRANDUER),299769097,A/S,64.0,225.0,0,0.0,38,2446.1,25,1630.7,9,582.4,7,465.9,29,1856.0,91,5824.0,23,1472.0,4,13,6,111,7104.0,39,2496.0,225,14400.0,15,16,16,1024.0
2026-08-18,34,SG2,206421054,A/S,40.0,,0,0.0,232,9273.6,155,6182.4,55,2208.0,44,1766.4,152,6080.0,552,22080.0,138,5520.0,27,81,34,674,26960.0,202,8080.0,1364,54560.0,65,72,161,6440.0
2026-08-18,34,MX5(SANTAFE),299956635,A/S,52.0,,0,0.0,160,8321.0,107,5547.4,38,1981.2,30,1585.0,137,7124.0,381,19812.0,95,4940.0,19,56,23,465,24180.0,181,9412.0,941,48932.0,54,59,-30,-1560.0
2026-08-18,34,VQ,299285028,A,56.0,76.0,0,0.0,1364,76369.4,909,50913.0,325,18183.2,260,14546.6,154,8624.0,3247,181832.0,812,45472.0,159,476,198,3963,221928.0,205,11480.0,8022,449232.0,373,410,-741,-41496.0
2026-08-18,34,TM,206648338,A/S,217.0,872.0,0,0.0,585,127049.2,390,84699.4,139,30249.8,112,24199.8,414,89838.0,1394,302498.0,349,75733.0,68,204,85,1702,369334.0,549,119133.0,3445,747565.0,250,275,192,41664.0
2026-08-18,34,VQ,310W37176,A/S,,,0,0.0,215,13762.6,143,9175.0,51,3276.8,41,2621.4,158,10112.0,512,32768.0,128,8192.0,25,75,31,625,40000.0,210,13440.0,1265,80960.0,68,75,28,1792.0
2026-08-18,34,JX1,299862591,E,20.0,26.0,0,0.0,85,1696.8,57,1131.2,20,404.0,16,323.2,9,180.0,202,4040.0,51,1020.0,10,30,12,247,4940.0,12,240.0,500,10000.0,30,33,23,460.0
2026-08-18,34,LX2(PALISADE),299131990,A/S,44.0,,0,0.0,182,8020.3,122,5346.9,43,1909.6,35,1527.7,152,6688.0,434,19096.0,109,4796.0,21,64,26,530,23320.0,202,8888.0,1073,47212.0,41,45,-28,-1232.0
2026-08-18,34,DN8(SONATA),206739271,A/S,160.0,617.0,0,0.0,776,124118.4,517,82745.6,185,29552.0,148,23641.6,602,96320.0,1847,295520.0,462,73920.0,90,270,113,2254,360640.0,798,127680.0,4563,730080.0,254,279,223,35680.0
2026-08-18,34,EG,201576319,D,203.0,250.0,0,0.0,3896,790786.5,2597,527191.0,928,188282.5,742,150626.0,451,91553.0,9275,1882825.0,2319,470757.0,453,1359,566,11321,2298163.0,598,121394.0,22915,4651745.0,1085,1194,-1583,-321349.0
2026-08-18,34,JX1,299961905,A/S,38.0,145.0,0,0.0,23,877.8,15,585.2,6,209.0,4,167.2,18,684.0,55,2090.0,14,532.0,3,8,3,67,2546.0,24,912.0,136,5168.0,8,9,2,76.0
2026-08-18,34,CN7(AVANTE),299815451,A/S,47.0,,0,0.0,39,1835.8,26,1223.9,9,437.1,7,349.7,32,1504.0,93,4371.0,23,1081.0,5,14,6,114,5358.0,42,1974.0,230,10810.0,13,14,-19,-893.0
2026-08-18,34,SP2(SORENTO),299865036,A/S,43.0,,0,0.0,54,2311.7,36,1541.1,13,550.4,10,440.3,40,1720.0,128,5504.0,32,1376.0,6,19,8,156,6708.0,53,2279.0,316,13588.0,15,16,-14,-602.0
2026-08-18,34,QL(TUCSON),299119687,A/S,58.0,224.0,0,0.0,48,2801.4,32,1867.6,12,667.0,9,533.6,36,2088.0,115,6670.0,29,1682.0,6,17,7,140,8120.0,47,2726.0,284,16472.0,15,16,25,1450.0
2026-08-18,34,JB,299925176,A/S,217.0,,0,0.0,356,77195.6,237,51463.7,85,18379.9,68,14703.9,255,55335.0,847,183799.0,212,46004.0,41,124,52,1034,224378.0,338,73346.0,2093,454181.0,102,112,57,12369.0
2026-08-18,34,M-300,299520456,A/S,142.0,589.0,0,0.0,412,58447.2,274,38964.8,98,13916.0,78,11132.8,317,45014.0,980,139160.0,245,34790.0,48,144,60,1196,169832.0,420,59640.0,2421,343782.0,118,130,210,29820.0
2026-08-18,34,M-300,299713455,A/S,29.0,99.0,0,0.0,74,2143.7,49,1429.1,18,510.4,14,408.3,59,1711.0,176,5104.0,44,1276.0,9,26,11,215,6235.0,79,2291.0,435,12615.0,12,13,-50,-1450.0
2026-08-18,34,JB,299561380,A/S,247.0,985.0,0,0.0,85,20955.5,57,13970.3,20,4989.4,16,3991.5,60,14820.0,202,49894.0,51,12597.0,10,30,12,247,61009.0,79,19513.0,500,123500.0,32,35,-23,-5681.0
2026-08-18,34,JF(K5),299618719,A/S,710.0,2111.0,0,0.0,7007,4975168.8,4672,3316779.2,1668,1184564.0,1335,947651.2,4913,3488230.0,16684,11845640.0,4171,2961410.0,815,2444,1018,20364,14458440.0,6513,4624230.0,41219,29265490.0,3542,3896,-3459,-2455890.0
2026-08-18,34,DN8(SONATA),299238098,A/S,24.0,98.0,0,0.0,45,1078.6,30,719.0,11,256.8,9,205.4,32,768.0,107,2568.0,27,648.0,5,16,7,131,3144.0,43,1032.0,265,6360.0,18,20,2,48.0
2026-08-18,34,AE-PE(IONIQ),299973657,A/S,176.0,659.0,0,0.0,105,18553.9,70,12369.3,25,4417.6,20,3534.1,75,13200.0,251,44176.0,63,11088.0,12,37,15,306,53856.0,99,17424.0,620,109120.0,42,46,-33,-5808.0
2026-08-18,34,JF(K5),299582711,E,57.0,59.0,0,0.0,874,49843.1,583,33228.7,208,11867.4,167,9493.9,93,5301.0,2082,118674.0,520,29640.0,102,305,127,2541,144837.0,123,7011.0,5143,293151.0,290,319,451,25707.0
2026-08-18,34,OS(KONA),677W75636,A/S,28.0,116.0,0,0.0,21,599.8,14,399.8,5,142.8,4,114.2,17,476.0,51,1428.0,13,364.0,3,8,3,63,1764.0,22,616.0,127,3556.0,3,3,-7,-196.0
2026-08-18,34,ON(TELLURIDE),299418343,A/S,23.0,51.0,0,0.0,25,579.6,17,386.4,6,138.0,5,110.4,19,437.0,60,1380.0,15,345.0,3,9,4,73,1679.0,25,575.0,148,3404.0,8,9,9,207.0
2026-08-18,34,EG,299772298,D,242.0,,0,0.0,10772,2606862.7,7181,1737908.5,2565,620681.6,2052,496545.3,1345,325490.0,25648,6206816.0,6412,1551704.0,1252,3757,1565,31306,7576052.0,1783,431486.0,63366,15334572.0,3435,3779,-5882,-1423444.0
2026-08-18,34,PAINT,206530676,원재료,94.0,,17779,1671226.0,0,0.0,0,0.0,0,0.0,0,0.0,0,0.0,0,0.0,0,0.0,0,0,0,0,0.0,0,0.0,17779,1671226.0,0,0,974,91556.0
2026-08-18,34,PAINT,299767516,원재료,20.0,,1695,33900.0,0,0.0,0,0.0,0,0.0,0,0.0,0,0.0,0,0.0,0,0.0,0,0,0,0,0.0,0,0.0,1695,33900.0,0,0,60,1200.0
2026-08-18,34,TM,299227665,A/S,74.0,263.0,0,0.0,80,5905.2,53,3936.8,19,1406.0,15,1124.8,62,4588.0,190,14060.0,47,3478.0,9,28,12,232,17168.0,83,6142.0,469,34706.0,23,25,-33,-2442.0
2026-08-18,34,AE-PE(IONIQ),206314807,A/S,118.0,,0,0.0,321,37913.4,214,25275.6,76,9027.0,61,7221.6,246,29028.0,765,90270.0,191,22538.0,37,112,47,934,110212.0,327,38586.0,1890,223020.0,116,128,25,2950.0
2026-08-18,34,LX2(PALISADE),206323539,A/S,16.0,64.0,0,0.0,129,2069.8,86,1379.8,31,492.8,25,394.2,98,1568.0,308,4928.0,77,1232.0,15,45,19,375,6000.0,130,2080.0,760,12160.0,49,54,120,1920.0
2026-08-18,34,JB,299279801,A/S,116.0,,0,0.0,954,110691.8,636,73794.6,227,26355.2,182,21084.2,785,91060.0,2272,263552.0,568,65888.0,111,333,139,2773,321668.0,1040,120640.0,5613,651108.0,424,466,-241,-27956.0
2026-08-18,34,MX5(SANTAFE),299465833,A/S,41.0,123.0,0,0.0,39,1618.7,26,1079.1,9,385.4,8,308.3,25,1025.0,94,3854.0,24,984.0,5,14,6,115,4715.0,33,1353.0,233,9553.0,16,18,30,1230.0
2026-08-18,34,TM,299124045,D,180.0,161.0,0,0.0,3024,544395.6,2016,362930.4,720,129618.0,576,103694.4,324,58320.0,7201,1296180.0,1800,324000.0,352,1055,440,8790,1582200.0,429,77220.0,17791,3202380.0,623,685,813,146340.0
2026-08-18,34,DN8(SONATA),299791696,D,52.0,66.0,0,0.0,1441,74911.2,960,49940.8,343,17836.0,274,14268.8,184,9568.0,3430,178360.0,857,44564.0,167,502,209,4187,217724.0,244,12688.0,8474,440648.0,630,693,-739,-38428.0
2026-08-18,34,CN7(AVANTE),299953922,A/S,35.0,133.0,0,0.0,119,4174.8,80,2783.2,28,994.0,23,795.2,100,3500.0,284,9940.0,71,2485.0,14,42,17,347,12145.0,132,4620.0,702,24570.0,50,55,-51,-1785.0
2026-08-18,34,OS(KONA),299316449,C,13.0,13.0,0,0.0,112,1457.8,75,971.9,27,347.1,21,277.7,14,182.0,267,3471.0,67,871.0,13,39,16,326,4238.0,19,247.0,660,8580.0,47,52,15,195.0
2026-08-18,34,MX5(SANTAFE),CA6678690A,A/S,30.0,108.0,0,0.0,106,3187.8,71,2125.2,25,759.0,20,607.2,86,2580.0,253,7590.0,63,1890.0,12,37,15,309,9270.0,115,3450.0,625,18750.0,29,32,-25,-750.0
2026-08-18,34,DN8(SONATA),299685995,E,35.0,45.0,0,0.0,51,1778.7,34,1185.8,12,423.5,10,338.8,6,210.0,121,4235.0,30,1050.0,6,18,7,147,5145.0,8,280.0,298,10430.0,18,20,10,350.0
2026-08-18,34,VQ,299858820,D,166.0,,0,0.0,258,42877.8,172,28585.2,62,10209.0,49,8167.2,30,4980.0,615,102090.0,154,25564.0,30,90,38,751,124666.0,40,6640.0,1520,252320.0,118,130,4,664.0
2026-08-18,34,MX5(SANTAFE),202786465,A,13.0,,0,0.0,55,709.8,36,473.2,13,169.0,10,135.2,7,91.0,130,1690.0,32,416.0,6,19,8,158,2054.0,9,117.0,320,4160.0,16,18,-7,-91.0
2026-08-18,34,LX2(PALISADE),299300533,A/S,47.0,,0,0.0,320,15041.9,213,10027.9,76,3581.4,61,2865.1,231,10857.0,762,35814.0,191,8977.0,37,112,47,931,43757.0,307,14429.0,1884,88548.0,32,35,7,329.0
2026-08-18,34,AE-PE(IONIQ),CA1797281A,A/S,33.0,,0,0.0,171,5627.2,114,3751.4,41,1339.8,32,1071.8,150,4950.0,406,13398.0,101,3333.0,20,59,25,495,16335.0,199,6567.0,1002,33066.0,71,78,-139,-4587.0
2026-08-18,34,M-300,299440789,A/S,439.0,,0,0.0,914,401210.9,609,267473.9,218,95526.4,174,76421.1,732,321348.0,2176,955264.0,544,238816.0,106,319,133,2655,1165545.0,970,425830.0,5375,2359625.0,323,355,-386,-169454.0
2026-08-18,34,CN7(AVANTE),299695492,B,31.0,40.0,0,0.0,160,4973.6,107,3315.8,38,1184.2,31,947.4,19,589.0,382,11842.0,96,2976.0,19,56,23,467,14477.0,26,806.0,945,29295.0,55,61,10,310.0
2026-08-18,34,DN8(SONATA),206618934,A/S,82.0,274.0,0,0.0,78,6371.4,52,4247.6,18,1517.0,15,1213.6,64,5248.0,185,15170.0,46,3772.0,9,27,11,225,18450.0,84,6888.0,456,37392.0,24,26,28,2296.0
2026-08-18,34,MX5(SANTAFE),206601525,A/S,16.0,,0,0.0,37,591.4,25,394.2,9,140.8,7,112.6,29,464.0,88,1408.0,22,352.0,4,13,5,108,1728.0,39,624.0,218,3488.0,12,13,-2,-32.0
2026-08-18,34,PAINT,299478626,원재료,107.0,,4986,533502.0,0,0.0,0,0.0,0,0.0,0,0.0,0,0.0,0,0.0,0,0.0,0,0,0,0,0.0,0,0.0,4986,533502.0,0,0,370,39590.0
2026-08-18,34,PAINT,299492648,원재료,26.0,28.0,1652,42952.0,0,0.0,0,0.0,0,0.0,0,0.0,0,0.0,0,0.0,0,0.0,0,0,0,0,0.0,0,0.0,1652,42952.0,0,0,67,1742.0
2026-08-18,34,MX5(SANTAFE),299789048,D,16.0,,0,0.0,417,6666.2,278,4444.2,99,1587.2,79,1269.8,49,784.0,992,15872.0,248,3968.0,48,145,60,1210,19360.0,64,1024.0,2450,39200.0,161,177,234,3744.0
2026-08-18,34,AE-PE(IONIQ),299386221,E,58.0,,0,0.0,1063,61679.5,709,41119.7,253,14685.6,203,11748.5,118,6844.0,2532,146856.0,633,36714.0,124,371,155,3091,179278.0,157,9106.0,6256,362848.0,318,350,319,18502.0
2026-08-18,34,DH(G80),299418106,A/S,37.0,156.0,0,0.0,129,4770.8,86,3180.5,31,1135.9,25,908.7,92,3404.0,307,11359.0,77,2849.0,15,45,19,375,13875.0,121,4477.0,759,28083.0,26,29,36,1332.0
2026-08-18,34,JB,299723173,A/S,91.0,373.0,0,0.0,345,31416.8,230,20944.6,82,7480.2,66,5984.2,257,23387.0,822,74802.0,205,18655.0,40,120,50,1003,91273.0,340,30940.0,2030,184730.0,151,166,5,455.0
2026-08-18,34,AD-100,206602692,A/S,33.0,108.0,0,0.0,87,2869.0,58,1912.7,21,683.1,17,546.5,73,2409.0,207,6831.0,52,1716.0,10,30,13,252,8316.0,96,3168.0,511,16863.0,27,30,-16,-528.0
2026-08-18,34,JF(K5),299759044,A/S,65.0,,0,0.0,93,6060.6,62,4040.4,22,1443.0,18,1154.4,71,4615.0,222,14430.0,56,3640.0,11,33,14,271,17615.0,95,6175.0,549,35685.0,25,28,8,520.0
2026-08-18,34,MX5(SANTAFE),940W62817,A/S,136.0,,0,0.0,1262,171588.5,841,114392.3,300,40854.4,240,32683.5,938,127568.0,3004,408544.0,751,102136.0,147,440,183,3666,498576.0,1243,169048.0,7421,1009256.0,402,442,-283,-38488.0
2026-08-18,34,ON(TELLURIDE),299552391,A/S,68.0,257.0,0,0.0,184,12480.7,122,8320.5,44,2971.6,35,2377.3,135,9180.0,437,29716.0,109,7412.0,21,64,27,534,36312.0,179,12172.0,1080,73440.0,75,82,-37,-2516.0
2026-08-18,34,QL(TUCSON),299945684,A/S,34.0,,0,0.0,34,1156.7,23,771.1,8,275.4,6,220.3,27,918.0,81,2754.0,20,680.0,4,12,5,99,3366.0,36,1224.0,200,6800.0,8,9,12,408.0
2026-08-18,34,SP2(SORENTO),206548899,A/S,78.0,279.0,0,0.0,311,24242.4,207,16161.6,74,5772.0,59,4617.6,225,17550.0,740,57720.0,185,14430.0,36,108,45,904,70512.0,298,23244.0,1829,142662.0,106,117,139,10842.0
2026-08-18,34,OS(KONA),206228977,A/S,118.0,453.0,0,0.0,73,8573.9,48,5715.9,17,2041.4,14,1633.1,53,6254.0,173,20414.0,43,5074.0,8,25,11,211,24898.0,70,8260.0,427,50386.0,22,24,24,2832.0
2026-08-18,34,YP(CARNIVAL),299530795,C,58.0,62.0,0,0.0,199,11546.6,133,7697.8,47,2749.2,38,2199.4,23,1334.0,474,27492.0,118,6844.0,23,69,29,578,33524.0,31,1798.0,1170,67860.0,47,52,-12,-696.0
2026-08-18,34,OS(KONA),299879134,A/S,22.0,83.0,0,0.0,57,1256.6,38,837.8,14,299.2,11,239.4,44,968.0,136,2992.0,34,748.0,7,20,8,166,3652.0,59,1298.0,336,7392.0,15,16,3,66.0
2026-08-18,34,"SX2(KONA,HMC)",299399848,A/S,54.0,,0,0.0,184,9933.8,123,6622.6,44,2365.2,35,1892.2,151,8154.0,438,23652.0,110,5940.0,21,64,27,535,28890.0,201,10854.0,1083,58482.0,66,73,40,2160.0
2026-08-18,34,JF(K5),299252744,C,185.0,194.0,0,0.0,1934,357808.5,1289,238539.0,460,85192.5,368,68154.0,212,39220.0,4605,851925.0,1151,212935.0,225,675,281,5621,1039885.0,280,51800.0,11377,2104745.0,511,562,-191,-35335.0
2026-08-18,34,MX5(SANTAFE),299588413,A/S,29.0,,0,0.0,3,73.1,2,48.7,1,17.4,0,13.9,2,58.0,6,174.0,2,58.0,0,1,0,8,232.0,2,58.0,16,464.0,1,1,0,0.0
2026-08-18,34,LX2(PALISADE),299456430,A/S,36.0,140.0,0,0.0,195,7015.7,130,4677.1,46,1670.4,37,1336.3,155,5580.0,464,16704.0,116,4176.0,23,68,28,566,20376.0,205,7380.0,1146,41256.0,58,64,-48,-1728.0
2026-08-18,34,OS(KONA),299213103,A/S,85.0,,0,0.0,514,43661.1,342,29107.4,122,10395.5,98,8316.4,378,32130.0,1223,103955.0,306,26010.0,60,179,75,1493,126905.0,501,42585.0,3022,256870.0,129,142,67,5695.0
2026-08-18,34,PAINT,299825673,원재료,27.0,,816,22032.0,0,0.0,0,0.0,0,0.0,0,0.0,0,0.0,0,0.0,0,0.0,0,0,0,0,0.0,0,0.0,816,22032.0,0,0,0,0.0
2026-08-18,34,DH(G80),201577832,E,166.0,,0,0.0,3612,599592.0,2408,399728.0,860,142760.0,688,114208.0,427,70882.0,8600,1427600.0,2150,356900.0,420,1260,525,10498,1742668.0,566,93956.0,21248,3527168.0,1176,1294,1698,281868.0
2026-08-18,34,DN8(SONATA),299308993,A/S,,,0,0.0,86,5510.4,57,3673.6,20,1312.0,16,1049.6,68,4352.0,205,13120.0,51,3264.0,10,30,13,251,16064.0,90,5760.0,507,32448.0,26,29,-27,-1728.0
2026-08-18,34,CN7(AVANTE),299122697,C,60.0,,0,0.0,121,7232.4,80,4821.6,29,1722.0,23,1377.6,13,780.0,287,17220.0,72,4320.0,14,42,18,351,21060.0,18,1080.0,710,42600.0,46,51,75,4500.0
2026-08-18,34,RG3(K9),299472448,A/S,86.0,288.0,0,0.0,393,33808.3,262,22538.9,94,8049.6,75,6439.7,304,26144.0,936,80496.0,234,20124.0,46,137,57,1143,98298.0,402,34572.0,2313,198918.0,148,163,-47,-4042.0
2026-08-18,34,JX1,299191957,A/S,17.0,68.0,0,0.0,167,2841.7,111,1894.5,40,676.6,32,541.3,130,2210.0,398,6766.0,99,1683.0,19,58,24,485,8245.0,172,2924.0,982,16694.0,63,69,92,1564.0
2026-08-18,34,DN8(SONATA),299122018,A/S,,293.0,0,0.0,36,2311.7,24,1541.1,9,550.4,7,440.3,27,1728.0,86,5504.0,21,1344.0,4,13,5,105,6720.0,36,2304.0,212,13568.0,10,11,-7,-448.0
2026-08-18,34,M-300,299531412,A/S,104.0,437.0,0,0.0,34,3581.8,23,2387.8,8,852.8,7,682.2,24,2496.0,82,8528.0,21,2184.0,4,12,5,100,10400.0,32,3328.0,203,21112.0,11,12,26,2704.0
2026-08-18,34,QL(TUCSON),206313359,A/S,46.0,146.0,0,0.0,71,3265.1,47,2176.7,17,777.4,14,621.9,57,2622.0,169,7774.0,42,1932.0,8,25,10,206,9476.0,76,3496.0,417,19182.0,30,33,-12,-552.0
2026-08-18,34,VQ,299828925,A/S,24.0,79.0,0,0.0,28,665.3,18,443.5,7,158.4,5,126.7,20,480.0,66,1584.0,16,384.0,3,10,4,80,1920.0,27,648.0,162,3888.0,9,10,18,432.0
2026-08-18,34,SP2(SORENTO),299149187,A/S,73.0,,0,0.0,80,5856.1,53,3904.0,19,1394.3,15,1115.4,59,4307.0,191,13943.0,48,3504.0,9,28,12,234,17082.0,78,5694.0,473,34529.0,24,26,26,1898.0
2026-08-18,34,RESIN,299375033,원재료,70.0,85.0,2385,166950.0,0,0.0,0,0.0,0,0.0,0,0.0,0,0.0,0,0.0,0,0.0,0,0,0,0,0.0,0,0.0,2385,166950.0,0,0,-210,-14700.0
2026-08-18,34,TQ(STAREX),299604380,E,80.0,,0,0.0,90,7190.4,60,4793.6,21,1712.0,17,1369.6,11,880.0,214,17120.0,54,4320.0,10,31,13,261,20880.0,15,1200.0,529,42320.0,32,35,-40,-3200.0
2026-08-18,34,JX1,299220052,A/S,47.0,,0,0.0,202,9475.2,134,6316.8,48,2256.0,38,1804.8,161,7567.0,480,22560.0,120,5640.0,23,70,29,586,27542.0,213,10011.0,1186,55742.0,0,62,-10,-470.0
2026-08-18,34,AD-100,299789519,A,238.0,,0,0.0,3828,911035.4,2552,607357.0,911,216913.2,729,173530.6,456,108528.0,9114,2169132.0,2279,542402.0,445,1335,556,11125,2647750.0,604,143752.0,22518,5359284.0,0,690,-1015,-241570.0
2026-08-18,34,SP2(SORENTO),299772235,D,120.0,,0,0.0,229,27468.0,153,18312.0,54,6540.0,44,5232.0,28,3360.0,545,65400.0,136,16320.0,27,80,33,665,79800.0,37,4440.0,1346,161520.0,84,92,-205,-24600.0
2026-08-18,34,DH(G80),299709148,E,43.0,45.0,0,0.0,259,11143.0,173,7428.7,62,2653.1,49,2122.5,31,1333.0,617,26531.0,154,6622.0,30,90,38,753,32379.0,41,1763.0,1524,65532.0,105,116,-45,-1935.0
2026-08-18,34,AE-PE(IONIQ),299232064,A/S,262.0,724.0,0,0.0,1341,351357.7,894,234238.5,319,83656.6,255,66925.3,997,261214.0,3193,836566.0,798,209076.0,156,468,195,3898,1021276.0,1321,346102.0,7889,2066918.0,380,418,-631,-165322.0
2026-08-18,34,JB,299566714,C,20.0,24.0,0,0.0,163,3259.2,109,2172.8,39,776.0,31,620.8,18,360.0,388,7760.0,97,1940.0,19,57,24,473,9460.0,24,480.0,958,19160.0,51,56,58,1160.0
2026-08-18,34,M-300,CA1234127A,A/S,85.0,359.0,0,0.0,183,15529.5,122,10353.0,44,3697.5,35,2958.0,137,11645.0,435,36975.0,109,9265.0,21,64,27,531,45135.0,181,15385.0,1075,91375.0,60,66,103,8755.0
2026-08-18,34,JX1,299668760,B,114.0,131.0,0,0.0,4150,473054.4,2766,315369.6,988,112632.0,790,90105.6,422,48108.0,9880,1126320.0,2470,281580.0,482,1447,603,12059,1374726.0,560,63840.0,24409,2782626.0,0,1609,1252,142728.0
2026-08-18,34,SG2,299422470,A/S,77.0,278.0,0,0.0,15,1131.9,10,754.6,4,269.5,3,215.6,14,1078.0,35,2695.0,9,693.0,2,5,2,43,3311.0,18,1386.0,87,6699.0,6,7,-7,-539.0
2026-08-18,34,LX2(PALISADE),299257794,A/S,254.0,,0,0.0,23,5867.4,15,3911.6,6,1397.0,4,1117.6,17,4318.0,55,13970.0,14,3556.0,3,8,3,67,17018.0,22,5588.0,136,34544.0,7,8,13,3302.0
2026-08-18,34,DN8(SONATA),206935526,A/S,52.0,209.0,0,0.0,155,8037.1,103,5358.1,37,1913.6,29,1530.9,120,6240.0,368,19136.0,92,4784.0,18,54,22,449,23348.0,160,8320.0,909,47268.0,44,48,60,3120.0
2026-08-18,34,TM,299217852,A/S,55.0,213.0,0,0.0,126,6953.1,84,4635.4,30,1655.5,24,1324.4,97,5335.0,301,16555.0,75,4125.0,15,44,18,368,20240.0,129,7095.0,744,40920.0,29,32,17,935.0
2026-08-18,34,ON(TELLURIDE),299341198,A/S,,174.0,0,0.0,234,14945.3,156,9963.5,56,3558.4,44,2846.7,173,11072.0,556,35584.0,139,8896.0,27,81,34,679,43456.0,230,14720.0,1374,87936.0,75,82,78,4992.0
2026-08-18,34,"SX2(KONA,HMC)",299578977,A/S,93.0,,0,0.0,76,7030.8,50,4687.2,18,1674.0,14,1339.2,64,5952.0,180,16740.0,45,4185.0,9,26,11,219,20367.0,84,7812.0,444,41292.0,26,29,-21,-1953.0
2026-08-18,34,DH(G80),206481564,A/S,101.0,423.0,0,0.0,325,32790.7,216,21860.4,77,7807.3,62,6245.8,241,24341.0,773,78073.0,193,19493.0,38,113,47,944,95344.0,320,32320.0,1910,192910.0,103,113,56,5656.0
2026-08-18,34,TQ(STAREX),299677964,A/S,47.0,179.0,0,0.0,269,12653.3,179,8435.6,64,3012.7,51,2410.2,198,9306.0,641,30127.0,160,7520.0,31,94,39,782,36754.0,263,12361.0,1583,74401.0,85,94,77,3619.0
2026-08-18,34,AE-PE(IONIQ),299192801,E,148.0,,0,0.0,686,101569.4,458,67713.0,163,24183.2,131,19346.6,80,11840.0,1634,241832.0,409,60532.0,80,239,100,1995,295260.0,106,15688.0,4038,597624.0,248,273,-260,-38480.0
2026-08-18,34,JF(K5),299147568,D,17.0,,0,0.0,89,1513.7,59,1009.1,21,360.4,17,288.3,11,187.0,212,3604.0,53,901.0,10,31,13,258,4386.0,15,255.0,523,8891.0,40,44,-11,-187.0
2026-08-18,34,CN7(AVANTE),299805251,A/S,15.0,,0,0.0,20,296.1,13,197.4,5,70.5,4,56.4,17,255.0,47,705.0,12,180.0,2,7,3,57,855.0,22,330.0,116,1740.0,9,10,3,45.0
2026-08-18,34,TM,299164783,D,57.0,,0,0.0,1260,71843.9,840,47896.0,300,17105.7,240,13684.6,151,8607.0,3001,171057.0,750,42750.0,146,439,183,3662,208734.0,200,11400.0,7413,422541.0,730,803,-115,-6555.0
2026-08-18,34,YP(CARNIVAL),299781706,A/S,73.0,236.0,0,0.0,593,43322.6,396,28881.7,141,10314.9,113,8251.9,435,31755.0,1413,103149.0,353,25769.0,69,207,86,1724,125852.0,577,42121.0,3490,254770.0,165,182,134,9782.0
2026-08-18,34,"SX2(KONA,HMC)",206750228,A/S,77.0,,0,0.0,173,13356.4,116,8904.3,41,3180.1,33,2544.1,149,11473.0,413,31801.0,103,7931.0,20,60,25,504,38808.0,198,15246.0,1020,78540.0,50,55,10,770.0
2026-08-18,34,AE(IONIQ),299456947,A/S,108.0,,0,0.0,94,10160.6,63,6773.8,22,2419.2,18,1935.4,76,8208.0,224,24192.0,56,6048.0,11,33,14,273,29484.0,101,10908.0,553,59724.0,33,36,-49,-5292.0
2026-08-18,34,"SX2(KONA,HMC)",206842951,A/S,56.0,,0,0.0,93,5197.9,62,3465.3,22,1237.6,18,990.1,73,4088.0,221,12376.0,55,3080.0,11,32,14,270,15120.0,96,5376.0,546,30576.0,28,31,32,1792.0
2026-08-18,34,RG3(K9),299937512,A,48.0,69.0,0,0.0,866,41590.1,578,27726.7,206,9902.4,165,7921.9,105,5040.0,2063,99024.0,516,24768.0,101,302,126,2518,120864.0,139,6672.0,5097,244656.0,343,377,-87,-4176.0
2026-08-18,34,CN7(AVANTE),299973880,A/S,37.0,129.0,0,0.0,97,3574.2,64,2382.8,23,851.0,18,680.8,74,2738.0,230,8510.0,58,2146.0,11,34,14,281,10397.0,98,3626.0,569,21053.0,40,44,44,1628.0
2026-08-18,34,JF(K5),663W38731,A/S,91.0,432.0,0,0.0,130,11810.0,87,7873.3,31,2811.9,25,2249.5,98,8918.0,309,28119.0,77,7007.0,15,45,19,377,34307.0,130,11830.0,763,69433.0,40,44,12,1092.0
2026-08-18,34,JF(K5),299530640,A/S,53.0,229.0,0,0.0,212,11219.0,141,7479.4,50,2671.2,40,2137.0,147,7791.0,504,26712.0,126,6678.0,25,74,31,615,32595.0,195,10335.0,1245,65985.0,70,77,8,424.0
2026-08-18,34,CK(STINGER),299140812,A/S,149.0,,0,0.0,473,70527.7,316,47018.4,113,16792.3,90,13433.8,348,51852.0,1127,167923.0,282,42018.0,55,165,69,1375,204875.0,461,68689.0,2784,414816.0,180,198,44,6556.0
2026-08-18,34,DH(G80),299664331,A/S,321.0,1130.0,0,0.0,33,10650.8,22,7100.5,8,2535.9,6,2028.7,28,8988.0,79,25359.0,20,6420.0,4,12,5,96,30816.0,37,11877.0,195,62595.0,15,16,-30,-9630.0
2026-08-18,34,VQ,206223420,A/S,142.0,456.0,0,0.0,29,4174.8,20,2783.2,7,994.0,6,795.2,20,2840.0,70,9940.0,17,2414.0,3,10,4,85,12070.0,27,3834.0,172,24424.0,14,15,16,2272.0
2026-08-18,34,RG3(K9),299437760,A/S,67.0,275.0,0,0.0,138,9229.9,92,6153.3,33,2197.6,26,1758.1,111,7437.0,328,21976.0,82,5494.0,16,48,20,401,26867.0,147,9849.0,811,54337.0,47,52,-63,-4221.0
2026-08-18,34,RG3(K9),202276528,A/S,67.0,,0,0.0,94,6303.4,63,4202.2,22,1500.8,18,1200.6,76,5092.0,224,15008.0,56,3752.0,11,33,14,273,18291.0,100,6700.0,553,37051.0,36,40,0,0.0
2026-08-18,34,TM,299627538,A/S,73.0,,0,0.0,17,1226.4,11,817.6,4,292.0,3,233.6,15,1095.0,40,2920.0,10,730.0,2,6,2,49,3577.0,20,1460.0,99,7227.0,0,7,-7,-511.0
2026-08-18,34,OS(KONA),299852395,D,65.0,,0,0.0,690,44826.6,460,29884.4,164,10673.0,131,8538.4,91,5915.0,1642,106730.0,410,26650.0,80,240,100,2004,130260.0,120,7800.0,4056,263640.0,245,270,-62,-4030.0
2026-08-18,34,YP(CARNIVAL),201408021,E,346.0,,0,0.0,1552,536957.4,1035,357971.6,370,127847.0,296,102277.6,174,60204.0,3695,1278470.0,924,319704.0,180,541,226,4510,1560460.0,231,79926.0,9129,3158634.0,348,383,65,22490.0
2026-08-18,34,M-300,299606076,A/S,131.0,442.0,0,0.0,605,79283.8,403,52855.9,144,18877.1,115,15101.7,482,63142.0,1441,188771.0,360,47160.0,70,211,88,1759,230429.0,639,83709.0,3560,466360.0,223,245,50,6550.0
2026-08-18,34,LX2(PALISADE),299537994,A/S,96.0,471.0,0,0.0,908,87131.5,605,58087.7,216,20745.6,173,16596.5,752,72192.0,2161,207456.0,540,51840.0,105,316,132,2637,253152.0,997,95712.0,5338,512448.0,268,295,296,28416.0
2026-08-18,34,NX4-PE(TUCSON),141353856,A/S,44.0,164.0,0,0.0,216,9517.2,144,6344.8,52,2266.0,41,1812.8,166,7304.0,515,22660.0,129,5676.0,25,75,31,629,27676.0,220,9680.0,1273,56012.0,74,81,174,7656.0
2026-08-18,34,AE-PE(IONIQ),299326099,A/S,,,0,0.0,331,21208.3,221,14138.9,79,5049.6,63,4039.7,262,16768.0,789,50496.0,197,12608.0,39,116,48,964,61696.0,347,22208.0,1950,124800.0,94,103,102,6528.0
2026-08-18,34,HG(GRANDUER),299352225,A/S,48.0,208.0,0,0.0,193,9253.4,129,6169.0,46,2203.2,37,1762.6,157,7536.0,459,22032.0,115,5520.0,22,67,28,560,26880.0,208,9984.0,1134,54432.0,76,84,13,624.0
2026-08-18,34,AE-PE(IONIQ),299822009,A/S,68.0,203.0,0,0.0,92,6283.2,62,4188.8,22,1496.0,18,1196.8,66,4488.0,220,14960.0,55,3740.0,11,32,13,268,18224.0,88,5984.0,543,36924.0,25,28,35,2380.0
2026-08-18,34,AE-PE(IONIQ),299885799,A/S,20.0,68.0,0,0.0,2,42.0,1,28.0,0,10.0,0,8.0,2,40.0,5,100.0,1,20.0,0,1,0,6,120.0,2,40.0,12,240.0,1,1,-2,-40.0
2026-08-18,34,GN7(GRANDUER),206579653,A/S,254.0,1168.0,0,0.0,83,21122.6,55,14081.8,20,5029.2,16,4023.4,62,15748.0,198,50292.0,50,12700.0,10,29,12,242,61468.0,83,21082.0,490,124460.0,24,26,-34,-8636.0
2026-08-18,34,CN7(AVANTE),202672517,A/S,39.0,,0,0.0,202,7895.2,135,5263.4,48,1879.8,39,1503.8,156,6084.0,482,18798.0,121,4719.0,24,71,29,589,22971.0,207,8073.0,1192,46488.0,65,72,-41,-1599.0
2026-08-18,34,AD-100,299774722,A/S,25.0,,0,0.0,131,3265.5,87,2177.0,31,777.5,25,622.0,108,2700.0,311,7775.0,78,1950.0,15,46,19,380,9500.0,143,3575.0,769,19225.0,38,42,47,1175.0
2026-08-18,34,PAINT,299847719,원재료,88.0,77.0,2096,184448.0,0,0.0,0,0.0,0,0.0,0,0.0,0,0.0,0,0.0,0,0.0,0,0,0,0,0.0,0,0.0,2096,184448.0,0,0,-71,-6248.0
2026-08-18,34,LX2(PALISADE),299820574,A/S,51.0,208.0,0,0.0,68,3448.6,45,2299.1,16,821.1,13,656.9,53,2703.0,161,8211.0,40,2040.0,8,24,10,372,18992.4,70,3570.0,573,29243.4,7,23,-4,-204.0
2026-08-18,34,"SX2(KONA,HMC)",299947127,A/S,33.0,,0,0.0,101,3340.3,67,2226.8,24,795.3,19,636.2,86,2838.0,241,7953.0,60,1980.0,12,35,15,294,9702.0,114,3762.0,595,19635.0,34,37,-6,-198.0
2026-08-18,34,RG3(K9),206961183,A/S,29.0,119.0,0,0.0,63,1814.8,42,1209.9,15,432.1,12,345.7,56,1624.0,149,4321.0,37,1073.0,7,22,9,182,5278.0,74,2146.0,368,10672.0,24,26,16,464.0
2026-08-18,34,EG,CA2712787D,A/S,156.0,,0,0.0,705,109942.6,470,73295.0,168,26176.8,134,20941.4,484,75504.0,1678,261768.0,419,65364.0,82,246,102,2048,319488.0,641,99996.0,4145,646620.0,233,256,329,51324.0
2026-08-18,34,VQ,202184664,A/S,86.0,,0,0.0,132,11341.7,88,7561.1,31,2700.4,25,2160.3,115,9890.0,314,27004.0,78,6708.0,15,46,19,383,32938.0,153,13158.0,775,66650.0,41,45,-89,-7654.0
2026-08-18,34,AE-PE(IONIQ),398W73670,E,,,0,0.0,124,7956.5,83,5304.3,30,1894.4,24,1515.5,13,832.0,296,18944.0,74,4736.0,14,43,18,362,23168.0,18,1152.0,732,46848.0,48,53,90,5760.0
2026-08-18,34,DN8(SONATA),299958805,A/S,58.0,,0,0.0,180,10450.4,120,6967.0,43,2488.2,34,1990.6,131,7598.0,429,24882.0,107,6206.0,21,63,26,523,30334.0,173,10034.0,1059,61422.0,90,99,162,9396.0
2026-08-18,34,DH(G80),299382068,B,47.0,61.0,0,0.0,244,11488.7,163,7659.1,58,2735.4,47,2188.3,32,1504.0,582,27354.0,146,6862.0,28,85,36,711,33417.0,43,2021.0,1439,67633.0,89,98,-338,-15886.0
2026-08-18,34,AE(IONIQ),299538662,A/S,37.0,141.0,0,0.0,148,5485.6,99,3657.1,35,1306.1,28,1044.9,112,4144.0,353,13061.0,88,3256.0,17,52,22,431,15947.0,149,5513.0,872,32264.0,55,61,-76,-2812.0
2026-08-18,34,AE(IONIQ),299922371,A/S,47.0,175.0,0,0.0,21,987.0,14,658.0,5,235.0,4,188.0,15,705.0,50,2350.0,12,564.0,2,7,3,61,2867.0,20,940.0,123,5781.0,5,6,6,282.0
2026-08-18,34,EG,299357577,A/S,64.0,247.0,0,0.0,43,2768.6,29,1845.8,10,659.2,8,527.4,31,1984.0,103,6592.0,26,1664.0,5,15,6,125,8000.0,42,2688.0,254,16256.0,15,16,-7,-448.0
2026-08-18,34,JF(K5),299588555,A/S,107.0,369.0,0,0.0,48,5168.1,32,3445.4,12,1230.5,9,984.4,34,3638.0,115,12305.0,29,3103.0,6,17,7,141,15087.0,45,4815.0,285,30495.0,21,23,11,1177.0
2026-08-18,34,HG(GRANDUER),299249354,A/S,142.0,602.0,0,0.0,155,22007.2,103,14671.4,37,5239.8,30,4191.8,125,17750.0,369,52398.0,92,13064.0,18,54,23,451,64042.0,165,23430.0,912,129504.0,42,46,-30,-4260.0
2026-08-18,34,EG,201615412,A/S,47.0,155.0,0,0.0,2,79.0,1,52.6,0,18.8,0,15.0,2,94.0,4,188.0,1,47.0,0,1,0,5,235.0,2,94.0,10,470.0,1,1,0,0.0
2026-08-18,34,"SX2(KONA,HMC)",299637785,A/S,216.0,,0,0.0,1264,272976.5,843,181984.3,301,64994.4,241,51995.5,905,195480.0,3009,649944.0,752,162432.0,147,441,184,3673,793368.0,1200,259200.0,7434,1605744.0,494,543,338,73008.0
2026-08-18,34,TM,299919909,A/S,144.0,425.0,0,0.0,385,55399.7,256,36933.1,92,13190.4,73,10552.3,330,47520.0,916,131904.0,229,32976.0,45,134,56,1118,160992.0,437,62928.0,2263,325872.0,171,188,-132,-19008.0
2026-08-18,34,NX4-PE(TUCSON),299979423,D,33.0,38.0,0,0.0,134,4407.5,89,2938.3,32,1049.4,25,839.5,16,528.0,318,10494.0,79,2607.0,16,47,19,388,12804.0,21,693.0,785,25905.0,50,55,74,2442.0
2026-08-18,34,DN8(SONATA),299301279,A/S,100.0,,0,0.0,102,10206.0,68,6804.0,24,2430.0,19,1944.0,69,6900.0,243,24300.0,61,6100.0,12,36,15,296,29600.0,91,9100.0,600,60000.0,34,37,52,5200.0
2026-08-18,34,AE(IONIQ),206719559,C,47.0,49.0,0,0.0,1033,48560.4,689,32373.6,246,11562.0,197,9249.6,122,5734.0,2460,115620.0,615,28905.0,120,360,150,3003,141141.0,162,7614.0,6078,285666.0,398,438,-61,-2867.0
2026-08-18,34,M-300,299529316,D,266.0,264.0,0,0.0,4565,1214173.0,3043,809448.6,1087,289088.8,869,231271.0,502,133532.0,10868,2890888.0,2717,722722.0,531,1592,663,13265,3528490.0,666,177156.0,26850,7142100.0,1073,1180,2071,550886.0
2026-08-18,34,ON(TELLURIDE),299832468,A/S,111.0,471.0,0,0.0,1,139.9,1,93.2,0,33.3,0,26.6,1,111.0,3,333.0,1,111.0,0,0,0,4,444.0,1,111.0,8,888.0,0,0,0,0.0
2026-08-18,34,JX1,299641065,A/S,,84.0,0,0.0,22,1397.8,15,931.8,5,332.8,4,266.2,19,1216.0,52,3328.0,13,832.0,3,8,3,64,4096.0,25,1600.0,129,8256.0,8,9,-15,-960.0
2026-08-18,34,JF(K5),299900634,A/S,45.0,157.0,0,0.0,89,4006.8,59,2671.2,21,954.0,17,763.2,68,3060.0,212,9540.0,53,2385.0,10,31,13,258,11610.0,90,4050.0,523,23535.0,25,28,19,855.0
2026-08-18,34,DN8(SONATA),299793483,A/S,228.0,,0,0.0,71,16183.4,47,10789.0,17,3853.2,14,3082.6,53,12084.0,169,38532.0,42,9576.0,8,25,10,206,46968.0,71,16188.0,417,95076.0,16,18,2,456.0
2026-08-18,34,RG3(K9),299789045,A/S,56.0,,0,0.0,98,5480.2,65,3653.4,23,1304.8,19,1043.8,70,3920.0,233,13048.0,58,3248.0,11,34,14,285,15960.0,93,5208.0,576,32256.0,37,41,64,3584.0
2026-08-18,34,GN7(GRANDUER),299134515,D,40.0,47.0,0,0.0,259,10348.8,172,6899.2,62,2464.0,49,1971.2,30,1200.0,616,24640.0,154,6160.0,30,90,38,752,30080.0,40,1600.0,1522,60880.0,71,78,119,4760.0
2026-08-18,34,QL(TUCSON),299601531,C,43.0,,0,0.0,543,23369.6,362,15579.8,129,5564.2,104,4451.4,70,3010.0,1294,55642.0,324,13932.0,63,190,79,1580,67940.0,92,3956.0,3198,137514.0,224,246,-152,-6536.0
2026-08-18,34,ON(TELLURIDE),299704872,A/S,150.0,710.0,0,0.0,176,26397.0,117,17598.0,42,6285.0,34,5028.0,137,20550.0,419,62850.0,105,15750.0,20,61,26,511,76650.0,181,27150.0,1035,155250.0,56,62,-48,-7200.0
2026-08-18,34,TQ(STAREX),206421778,E,25.0,27.0,0,0.0,233,5817.0,155,3878.0,55,1385.0,44,1108.0,28,700.0,554,13850.0,139,3475.0,27,81,34,676,16900.0,38,950.0,1369,34225.0,100,110,72,1800.0
2026-08-18,34,AE-PE(IONIQ),201109740,C,206.0,,0,0.0,2119,436579.9,1413,291053.3,505,103947.6,404,83158.1,240,49440.0,5046,1039476.0,1262,259972.0,246,739,308,6159,1268754.0,319,65714.0,12467,2568202.0,671,738,215,44290.0
2026-08-18,34,SG2,299718878,A/S,22.0,,0,0.0,100,2208.4,67,1472.2,24,525.8,19,420.6,75,1650.0,239,5258.0,60,1320.0,12,35,15,292,6424.0,100,2200.0,591,13002.0,24,26,77,1694.0
2026-08-18,34,CN7(AVANTE),299615926,A,,79.0,0,0.0,399,25562.9,266,17041.9,95,6086.4,76,4869.1,44,2816.0,951,60864.0,238,15232.0,46,139,58,1161,74304.0,59,3776.0,2350,150400.0,183,201,-128,-8192.0
2026-08-18,34,CK(STINGER),299660158,A/S,53.0,171.0,0,0.0,24,1291.1,16,860.7,6,307.4,5,245.9,19,1007.0,58,3074.0,15,795.0,3,9,4,71,3763.0,25,1325.0,144,7632.0,13,14,11,583.0
2026-08-18,34,AE-PE(IONIQ),299841832,D,82.0,102.0,0,0.0,1070,87753.1,713,58502.1,255,20893.6,204,16714.9,122,10004.0,2548,208936.0,637,52234.0,124,373,156,3110,255020.0,162,13284.0,6295,516190.0,408,449,178,14596.0
2026-08-18,34,AE-PE(IONIQ),299622267,A/S,22.0,,0,0.0,8,166.3,5,110.9,2,39.6,1,31.7,6,132.0,18,396.0,5,110.0,1,3,1,22,484.0,8,176.0,45,990.0,3,3,3,66.0
2026-08-18,34,AE(IONIQ),CA3180448C,A/S,195.0,,0,0.0,52,10155.6,35,6770.4,12,2418.0,10,1934.4,40,7800.0,124,24180.0,31,6045.0,6,18,8,151,29445.0,54,10530.0,306,59670.0,15,16,17,3315.0
2026-08-18,34,CK(STINGER),299945721,A/S,45.0,134.0,0,0.0,142,6407.1,95,4271.4,34,1525.5,27,1220.4,125,5625.0,339,15255.0,85,3825.0,17,50,21,414,18630.0,166,7470.0,838,37710.0,50,55,-42,-1890.0
2026-08-18,34,TM,299750765,A/S,127.0,,0,0.0,184,23416.3,123,15610.8,44,5575.3,35,4460.2,134,17018.0,439,55753.0,110,13970.0,21,64,27,536,68072.0,178,22606.0,1085,137795.0,66,73,75,9525.0
2026-08-18,34,SM,881W26924,C,70.0,,0,0.0,668,46746.0,445,31164.0,159,11130.0,127,8904.0,72,5040.0,1590,111300.0,397,27790.0,78,233,97,1941,135870.0,96,6720.0,3928,274960.0,161,177,-426,-29820.0
2026-08-18,34,SM,299410603,A/S,,122.0,0,0.0,11,698.9,7,465.9,3,166.4,2,133.1,8,512.0,26,1664.0,7,448.0,1,4,2,32,2048.0,11,704.0,65,4160.0,3,3,5,320.0
2026-08-18,34,ON(TELLURIDE),202950835,A/S,20.0,75.0,0,0.0,51,1024.8,34,683.2,12,244.0,10,195.2,40,800.0,122,2440.0,30,600.0,6,18,7,148,2960.0,53,1060.0,300,6000.0,15,16,4,80.0
2026-08-18,34,M-300,299737469,D,136.0,,0,0.0,859,116867.5,573,77911.7,205,27825.6,164,22260.5,114,15504.0,2046,278256.0,511,69496.0,100,300,125,2497,339592.0,151,20536.0,5054,687344.0,183,201,-212,-28832.0
2026-08-18,34,RG3(K9),299173106,A/S,129.0,,0,0.0,309,39822.3,206,26548.2,74,9481.5,59,7585.2,221,28509.0,735,94815.0,184,23736.0,36,108,45,897,115713.0,293,37797.0,1816,234264.0,0,105,132,17028.0
2026-08-18,34,M-300,206861361,A/S,46.0,188.0,0,0.0,9,405.7,6,270.5,2,96.6,2,77.3,7,322.0,21,966.0,5,230.0,1,3,1,26,1196.0,9,414.0,52,2392.0,3,3,2,92.0
2026-08-18,34,EG,202216659,D,94.0,,0,0.0,1537,144496.8,1025,96331.2,366,34404.0,293,27523.2,164,15416.0,3660,344040.0,915,86010.0,179,536,223,4468,419992.0,217,20398.0,9043,850042.0,546,601,319,29986.0
2026-08-18,34,AD-100,299869586,A/S,58.0,,0,0.0,162,9378.6,108,6252.4,38,2233.0,31,1786.4,125,7250.0,385,22330.0,96,5568.0,19,56,23,469,27202.0,166,9628.0,950,55100.0,64,70,82,4756.0
2026-08-18,34,RG3(K9),202655701,A/S,129.0,501.0,0,0.0,739,95302.6,493,63535.1,176,22691.1,141,18152.9,498,64242.0,1759,226911.0,440,56760.0,86,258,107,2147,276963.0,660,85140.0,4346,560634.0,207,228,395,50955.0
2026-08-18,34,GN7(GRANDUER),299604592,A/S,55.0,,0,0.0,211,11596.2,141,7730.8,50,2761.0,40,2208.8,172,9460.0,502,27610.0,125,6875.0,24,73,31,612,33660.0,227,12485.0,1239,68145.0,0,82,3,165.0
2026-08-18,34,DN8(SONATA),299321853,A/S,126.0,,0,0.0,258,32492.9,172,21661.9,61,7736.4,49,6189.1,217,27342.0,614,77364.0,153,19278.0,30,90,37,749,94374.0,288,36288.0,1516,191016.0,98,108,-194,-24444.0
2026-08-18,34,ON(TELLURIDE),405W76258,A/S,62.0,241.0,0,0.0,172,10676.4,115,7117.6,41,2542.0,33,2033.6,138,8556.0,410,25420.0,102,6324.0,20,60,25,500,31000.0,183,11346.0,1012,62744.0,71,78,-104,-6448.0
2026-08-18,34,DN8(SONATA),206548096,A/S,108.0,,0,0.0,6,680.4,4,453.6,2,162.0,1,129.6,5,540.0,15,1620.0,4,432.0,1,2,1,18,1944.0,7,756.0,37,3996.0,2,2,-1,-108.0
2026-08-18,34,ON(TELLURIDE),206670170,A/S,30.0,,0,0.0,148,4435.2,99,2956.8,35,1056.0,28,844.8,129,3870.0,352,10560.0,88,2640.0,17,52,22,430,12900.0,172,5160.0,870,26100.0,54,59,-32,-960.0
2026-08-18,34,"SX2(KONA,HMC)",CA6483953A,A/S,51.0,,0,0.0,66,3384.4,44,2256.2,16,805.8,13,644.6,49,2499.0,158,8058.0,40,2040.0,8,23,10,193,9843.0,65,3315.0,391,19941.0,24,26,11,561.0
2026-08-18,34,M-300,206660117,B,72.0,,0,0.0,215,15452.6,143,10301.8,51,3679.2,41,2943.4,24,1728.0,511,36792.0,128,9216.0,25,75,31,624,44928.0,32,2304.0,1263,90936.0,57,63,-47,-3384.0
2026-08-18,34,VQ,299855712,E,33.0,,0,0.0,203,6694.4,135,4462.9,48,1593.9,39,1275.1,25,825.0,483,15939.0,121,3993.0,24,71,29,589,19437.0,34,1122.0,1193,39369.0,73,80,-15,-495.0
2026-08-18,34,EG,299692992,A/S,64.0,,0,0.0,32,2069.8,22,1379.8,8,492.8,6,394.2,23,1472.0,77,4928.0,19,1216.0,4,11,5,93,5952.0,31,1984.0,189,12096.0,11,12,14,896.0
2026-08-18,34,QL(TUCSON),299156127,A/S,124.0,,0,0.0,355,44059.7,237,29373.1,85,10490.4,68,8392.3,249,30876.0,846,104904.0,212,26288.0,41,124,52,1033,128092.0,330,40920.0,2091,259284.0,122,134,79,9796.0
2026-08-18,34,RESIN,299341254,원재료,106.0,,10368,1099008.0,0,0.0,0,0.0,0,0.0,0,0.0,0,0.0,0,0.0,0,0.0,0,0,0,0,0.0,0,0.0,10368,1099008.0,0,0,-761,-80666.0
2026-08-18,34,SG2,299974221,A/S,22.0,87.0,0,0.0,68,1496.9,45,997.9,16,356.4,13,285.1,52,1144.0,162,3564.0,40,880.0,8,24,10,198,4356.0,69,1518.0,400,8800.0,30,33,1,22.0
2026-08-18,34,VQ,201751099,A/S,29.0,101.0,0,0.0,22,633.4,15,422.2,5,150.8,4,120.6,17,493.0,52,1508.0,13,377.0,3,8,3,64,1856.0,22,638.0,129,3741.0,8,9,-5,-145.0
2026-08-18,34,EG,299241658,B,55.0,,0,0.0,702,38623.2,468,25748.8,167,9196.0,134,7356.8,82,4510.0,1672,91960.0,418,22990.0,82,245,102,2040,112200.0,109,5995.0,4130,227150.0,229,252,-428,-23540.0
2026-08-18,34,NX4-PE(TUCSON),299922620,A/S,95.0,313.0,0,0.0,221,21027.3,148,14018.2,53,5006.5,42,4005.2,178,16910.0,527,50065.0,132,12540.0,26,77,32,643,61085.0,236,22420.0,1302,123690.0,75,82,9,855.0
2026-08-18,34,MX5(SANTAFE),299895517,A/S,31.0,134.0,0,0.0,28,859.3,18,572.9,7,204.6,5,163.7,21,651.0,66,2046.0,16,496.0,3,10,4,81,2511.0,28,868.0,163,5053.0,8,9,11,341.0
2026-08-18,34,LX2(PALISADE),299422150,A/S,41.0,145.0,0,0.0,99,4063.9,66,2709.3,24,967.6,19,774.1,76,3116.0,236,9676.0,59,2419.0,12,35,14,288,11808.0,101,4141.0,583,23903.0,34,37,22,902.0
2026-08-18,34,CN7(AVANTE),299750850,A/S,20.0,,0,0.0,51,1024.8,34,683.2,12,244.0,10,195.2,44,880.0,122,2440.0,30,600.0,6,18,7,149,2980.0,59,1180.0,301,6020.0,18,20,9,180.0
2026-08-18,34,SM,299871019,A/S,45.0,193.0,0,0.0,129,5821.2,86,3880.8,31,1386.0,25,1108.8,87,3915.0,308,13860.0,77,3465.0,15,45,19,376,16920.0,115,5175.0,761,34245.0,46,51,43,1935.0
2026-08-18,34,EG,202149161,B,39.0,47.0,0,0.0,132,5159.7,88,3439.8,32,1228.5,25,982.8,16,624.0,315,12285.0,79,3081.0,15,46,19,384,14976.0,21,819.0,778,30342.0,51,56,-23,-897.0
2026-08-18,34,MX5(SANTAFE),299578792,A/S,16.0,,0,0.0,63,1008.0,42,672.0,15,240.0,12,192.0,53,848.0,150,2400.0,37,592.0,7,22,9,183,2928.0,71,1136.0,370,5920.0,16,18,8,128.0
2026-08-18,34,JB,299211077,A/S,42.0,,0,0.0,237,9966.6,158,6644.4,56,2373.0,45,1898.4,200,8400.0,565,23730.0,141,5922.0,28,83,34,690,28980.0,265,11130.0,1396,58632.0,47,52,-25,-1050.0
2026-08-18,34,SP2(SORENTO),299286611,A/S,12.0,43.0,0,0.0,13,161.3,9,107.5,3,38.4,3,30.7,12,144.0,32,384.0,8,96.0,2,5,2,39,468.0,15,180.0,79,948.0,5,6,5,60.0
2026-08-18,34,PAINT,299752373,원재료,62.0,88.0,8192,507904.0,0,0.0,0,0.0,0,0.0,0,0.0,0,0.0,0,0.0,0,0.0,0,0,0,0,0.0,0,0.0,8192,507904.0,0,0,-109,-6758.0
2026-08-18,34,CV,299433109,A/S,127.0,,0,0.0,328,41605.2,218,27736.8,78,9906.0,62,7924.8,253,32131.0,780,99060.0,195,24765.0,38,114,48,953,121031.0,335,42545.0,1928,244856.0,129,142,-100,-12700.0
2026-08-18,34,NX4-PE(TUCSON),299382452,A/S,116.0,498.0,0,0.0,198,22947.1,132,15298.1,47,5463.6,38,4370.9,149,17284.0,471,54636.0,118,13688.0,23,69,29,575,66700.0,198,22968.0,1164,135024.0,55,61,-21,-2436.0
2026-08-18,34,SP2(SORENTO),202145112,E,27.0,,0,0.0,292,7881.3,195,5254.2,70,1876.5,56,1501.2,38,1026.0,695,18765.0,174,4698.0,34,102,42,849,22923.0,50,1350.0,1718,46386.0,138,152,-113,-3051.0
2026-08-18,34,PAINT,206590069,원재료,41.0,,7057,289337.0,0,0.0,0,0.0,0,0.0,0,0.0,0,0.0,0,0.0,0,0.0,0,0,0,0,0.0,0,0.0,7057,289337.0,0,0,1108,45428.0
2026-08-18,34,PAINT,206548843,원재료,28.0,33.0,8490,237720.0,0,0.0,0,0.0,0,0.0,0,0.0,0,0.0,0,0.0,0,0.0,0,0,0,0,0.0,0,0.0,8490,237720.0,0,0,-360,-10080.0
2026-08-18,34,CK(STINGER),299362594,A/S,14.0,,0,0.0,30,423.4,20,282.2,7,100.8,6,80.6,21,294.0,72,1008.0,18,252.0,4,11,4,88,1232.0,28,392.0,178,2492.0,11,12,14,196.0
2026-08-18,34,JX1,299207011,A/S,,,0,0.0,352,22525.4,235,15017.0,84,5363.2,67,4290.6,269,17216.0,838,53632.0,210,13440.0,41,123,51,1023,65472.0,357,22848.0,2071,132544.0,114,125,193,12352.0
2026-08-18,34,M-300,206116005,A/S,80.0,264.0,0,0.0,124,9912.0,83,6608.0,30,2360.0,24,1888.0,95,7600.0,295,23600.0,74,5920.0,14,43,18,360,28800.0,126,10080.0,729,58320.0,0,82,27,2160.0
2026-08-18,34,QL(TUCSON),CA3426260C,A/S,209.0,635.0,0,0.0,1006,210233.1,671,140155.4,240,50055.5,192,40044.4,743,155287.0,2395,500555.0,599,125191.0,117,351,146,2923,610907.0,985,205865.0,5917,1236653.0,258,284,-32,-6688.0
2026-08-18,34,GN7(GRANDUER),299308579,A/S,42.0,194.0,0,0.0,34,1411.2,22,940.8,8,336.0,6,268.8,28,1176.0,80,3360.0,20,840.0,4,12,5,98,4116.0,37,1554.0,198,8316.0,11,12,14,588.0
2026-08-18,34,HG(GRANDUER),299188244,D,26.0,30.0,0,0.0,207,5394.5,138,3596.3,49,1284.4,40,1027.5,25,650.0,494,12844.0,124,3224.0,24,72,30,603,15678.0,33,858.0,1221,31746.0,68,75,-75,-1950.0
2026-08-18,34,GN7(GRANDUER),299235422,A,43.0,57.0,0,0.0,147,6321.0,98,4214.0,35,1505.0,28,1204.0,17,731.0,350,15050.0,87,3741.0,17,51,21,427,18361.0,23,989.0,864,37152.0,53,58,-30,-1290.0
2026-08-18,34,ON(TELLURIDE),299647294,A/S,31.0,149.0,0,0.0,41,1276.0,27,850.6,10,303.8,8,243.0,33,1023.0,98,3038.0,25,775.0,5,14,6,120,3720.0,44,1364.0,243,7533.0,15,16,-14,-434.0
2026-08-18,34,NX4-PE(TUCSON),206186103,A/S,135.0,,0,0.0,984,132791.4,656,88527.6,234,31617.0,187,25293.6,720,97200.0,2342,316170.0,585,78975.0,114,343,143,2858,385830.0,955,128925.0,5785,780975.0,390,429,81,10935.0
2026-08-18,34,GN7(GRANDUER),CA4679623C,A/S,86.0,403.0,0,0.0,92,7910.3,61,5273.5,22,1883.4,18,1506.7,66,5676.0,219,18834.0,55,4730.0,11,32,13,267,22962.0,87,7482.0,541,46526.0,31,34,-10,-860.0
2026-08-18,34,DN8(SONATA),299711868,A/S,37.0,124.0,0,0.0,168,6216.0,112,4144.0,40,1480.0,32,1184.0,138,5106.0,400,14800.0,100,3700.0,20,59,24,488,18056.0,183,6771.0,988,36556.0,67,74,59,2183.0
2026-08-18,34,PAINT,299246086,원재료,58.0,87.0,3063,177654.0,0,0.0,0,0.0,0,0.0,0,0.0,0,0.0,0,0.0,0,0.0,0,0,0,0,0.0,0,0.0,3063,177654.0,0,0,185,10730.0
2026-08-18,34,M-300,206331890,E,111.0,,0,0.0,462,51328.6,308,34219.1,110,12221.1,88,9776.9,57,6327.0,1101,122211.0,275,30525.0,54,161,67,1344,149184.0,76,8436.0,2720,301920.0,162,178,35,3885.0
2026-08-18,34,CV,202763205,A/S,43.0,,0,0.0,24,1047.5,16,698.3,6,249.4,5,199.5,19,817.0,58,2494.0,15,645.0,3,9,4,71,3053.0,26,1118.0,144,6192.0,9,10,-10,-430.0
2026-08-18,34,GN7(GRANDUER),299255062,A/S,101.0,,0,0.0,502,50734.3,335,33822.9,120,12079.6,96,9663.7,409,41309.0,1196,120796.0,299,30199.0,58,175,73,1460,147460.0,542,54742.0,2955,298455.0,199,219,-271,-27371.0
2026-08-18,34,AD-100,299916625,A/S,135.0,580.0,0,0.0,472,63674.1,314,42449.4,112,15160.5,90,12128.4,422,56970.0,1123,151605.0,281,37935.0,55,165,69,1371,185085.0,560,75600.0,2775,374625.0,142,156,-342,-46170.0
2026-08-18,34,CV,299616423,A,101.0,125.0,0,0.0,3366,339996.3,2244,226664.2,802,80951.5,641,64761.2,382,38582.0,8015,809515.0,2004,202404.0,391,1174,489,9783,988083.0,506,51106.0,19802,2000002.0,1481,1629,-1289,-130189.0
2026-08-18,34,TQ(STAREX),299976345,A/S,673.0,2525.0,0,0.0,1080,726718.9,720,484479.2,257,173028.3,206,138422.6,766,515518.0,2571,1730283.0,643,432739.0,126,377,157,3138,2111874.0,1015,683095.0,6352,4274896.0,384,422,17,11441.0
2026-08-18,34,YP(CARNIVAL),299784802,A/S,122.0,,0,0.0,291,35560.6,194,23707.0,69,8466.8,56,6773.4,204,24888.0,694,84668.0,173,21106.0,34,102,42,847,103334.0,271,33062.0,1714,209108.0,106,117,145,17690.0
2026-08-18,34,CK(STINGER),299841922,A/S,520.0,1866.0,0,0.0,1729,899152.8,1153,599435.2,412,214084.0,329,171267.2,1381,718120.0,4117,2140840.0,1029,535080.0,201,603,251,5025,2613000.0,1830,951600.0,10171,5288920.0,602,662,-1016,-528320.0
2026-08-18,34,AE(IONIQ),206787560,E,,82.0,0,0.0,1503,96176.6,1002,64117.8,358,22899.2,286,18319.4,169,10816.0,3578,228992.0,895,57280.0,175,524,218,4367,279488.0,224,14336.0,8840,565760.0,468,515,-24,-1536.0
2026-08-18,34,PAINT,299113324,원재료,54.0,69.0,2531,136674.0,0,0.0,0,0.0,0,0.0,0,0.0,0,0.0,0,0.0,0,0.0,0,0,0,0,0.0,0,0.0,2531,136674.0,0,0,80,4320.0
2026-08-18,34,CK(STINGER),299456983,A/S,68.0,,0,0.0,153,10395.8,102,6930.6,36,2475.2,29,1980.2,126,8568.0,364,24752.0,91,6188.0,18,53,22,444,30192.0,167,11356.0,899,61132.0,70,77,-72,-4896.0
2026-08-18,34,AD-100,299609544,C,268.0,359.0,0,0.0,1326,355464.5,884,236976.3,316,84634.4,253,67707.5,144,38592.0,3158,846344.0,789,211452.0,154,462,193,3854,1032872.0,191,51188.0,7801,2090668.0,465,512,-660,-176880.0
2026-08-18,34,EG,934W59312,D,112.0,,0,0.0,393,44029.4,262,29353.0,94,10483.2,75,8386.6,48,5376.0,936,104832.0,234,26208.0,46,137,57,1142,127904.0,64,7168.0,2312,258944.0,157,173,-230,-25760.0
2026-08-18,34,GN7(GRANDUER),206536969,A/S,77.0,,0,0.0,53,4074.8,35,2716.6,13,970.2,10,776.2,44,3388.0,126,9702.0,32,2464.0,6,18,8,154,11858.0,58,4466.0,312,24024.0,14,15,-17,-1309.0
2026-08-18,34,CV,206536860,A/S,59.0,,0,0.0,2,123.9,1,82.6,0,29.5,0,23.6,2,118.0,5,295.0,1,59.0,0,1,0,7,413.0,2,118.0,13,767.0,1,1,-1,-59.0
2026-08-18,34,DH(G80),206849495,A/S,27.0,107.0,0,0.0,11,306.2,8,204.1,3,72.9,2,58.3,9,243.0,27,729.0,7,189.0,1,4,2,33,891.0,12,324.0,67,1809.0,3,3,-2,-54.0
2026-08-18,34,RESIN,299454192,원재료,59.0,80.0,5457,321963.0,0,0.0,0,0.0,0,0.0,0,0.0,0,0.0,0,0.0,0,0.0,0,0,0,0,0.0,0,0.0,5457,321963.0,0,0,-134,-7906.0
2026-08-18,34,GN7(GRANDUER),299948015,A/S,151.0,540.0,0,0.0,202,30568.4,135,20379.0,48,7278.2,39,5822.6,155,23405.0,482,72782.0,120,18120.0,24,71,29,588,88788.0,206,31106.0,1190,179690.0,69,76,21,3171.0
2026-08-18,34,MX5(SANTAFE),299917172,A/S,144.0,,0,0.0,478,68826.2,319,45884.2,114,16387.2,91,13109.8,376,54144.0,1138,163872.0,285,41040.0,56,167,70,1390,200160.0,498,71712.0,2813,405072.0,0,193,118,16992.0
2026-08-18,34,VQ,299887972,A/S,54.0,151.0,0,0.0,46,2472.1,31,1648.1,11,588.6,9,470.9,38,2052.0,109,5886.0,27,1458.0,5,16,7,255,13748.4,50,2700.0,391,21092.4,4,13,-17,-918.0
2026-08-18,34,SM,CA8356657E,A/S,70.0,,0,0.0,16,1087.8,10,725.2,4,259.0,3,207.2,12,840.0,37,2590.0,9,630.0,2,5,2,45,3150.0,16,1120.0,91,6370.0,5,6,2,140.0
2026-08-18,34,GN7(GRANDUER),299666285,A/S,225.0,828.0,0,0.0,546,122850.0,364,81900.0,130,29250.0,104,23400.0,403,90675.0,1300,292500.0,325,73125.0,63,190,79,1587,357075.0,534,120150.0,3212,722700.0,176,194,18,4050.0
2026-08-18,34,JF(K5),206318634,E,80.0,90.0,0,0.0,941,75297.6,627,50198.4,224,17928.0,179,14342.4,105,8400.0,2241,179280.0,560,44800.0,109,328,137,2736,218880.0,139,11120.0,5537,442960.0,267,294,-234,-18720.0
2026-08-18,34,SP2(SORENTO),206496255,A/S,67.0,222.0,0,0.0,132,8836.0,88,5890.6,31,2103.8,25,1683.0,107,7169.0,314,21038.0,78,5226.0,15,46,19,383,25661.0,142,9514.0,775,51925.0,43,47,-26,-1742.0
2026-08-18,34,OS(KONA),299498044,E,32.0,30.0,0,0.0,455,14569.0,304,9712.6,108,3468.8,87,2775.0,60,1920.0,1084,34688.0,271,8672.0,53,159,66,1323,42336.0,80,2560.0,2678,85696.0,175,193,-181,-5792.0
2026-08-18,34,EG,299101235,D,169.0,,0,0.0,730,123363.2,487,82242.2,174,29372.2,139,23497.8,92,15548.0,1738,293722.0,435,73515.0,85,255,106,2122,358618.0,122,20618.0,4295,725855.0,224,246,-425,-71825.0
2026-08-18,34,TQ(STAREX),299778329,A/S,118.0,,0,0.0,184,21657.7,122,14438.5,44,5156.6,35,4125.3,126,14868.0,437,51566.0,109,12862.0,21,64,27,533,62894.0,167,19706.0,1079,127322.0,43,47,123,14514.0
2026-08-18,34,JX1,206589716,D,72.0,,0,0.0,826,59482.1,551,39654.7,197,14162.4,157,11329.9,109,7848.0,1967,141624.0,492,35424.0,96,288,120,2401,172872.0,144,10368.0,4860,349920.0,297,327,-308,-22176.0
2026-08-18,34,SM,299707006,A/S,46.0,206.0,0,0.0,17,792.1,11,528.1,4,188.6,3,150.9,13,598.0,41,1886.0,10,460.0,2,6,2,50,2300.0,17,782.0,101,4646.0,7,8,-4,-184.0
2026-08-18,34,AE-PE(IONIQ),299307069,C,49.0,46.0,0,0.0,63,3087.0,42,2058.0,15,735.0,12,588.0,7,343.0,150,7350.0,38,1862.0,7,22,9,348,17037.3,10,490.0,536,26249.3,7,23,4,196.0
2026-08-18,34,CK(STINGER),299326193,A/S,221.0,694.0,0,0.0,482,106464.5,321,70976.4,115,25348.7,92,20279.0,349,77129.0,1147,253487.0,287,63427.0,56,168,70,1401,309621.0,462,102102.0,2835,626535.0,101,111,255,56355.0
2026-08-18,34,DN8(SONATA),299117508,E,35.0,,0,0.0,62,2175.6,41,1450.4,15,518.0,12,414.4,8,280.0,148,5180.0,37,1295.0,7,22,9,181,6335.0,10,350.0,366,12810.0,21,23,-27,-945.0
2026-08-18,34,CN7(AVANTE),299724326,C,37.0,,0,0.0,210,7754.5,140,5169.6,50,1846.3,40,1477.0,25,925.0,499,18463.0,125,4625.0,24,73,30,609,22533.0,33,1221.0,1233,45621.0,85,94,30,1110.0
2026-08-18,34,SM,299943832,A/S,71.0,209.0,0,0.0,227,16102.8,151,10735.2,54,3834.0,43,3067.2,182,12922.0,540,38340.0,135,9585.0,26,79,33,659,46789.0,241,17111.0,1334,94714.0,0,99,27,1917.0
2026-08-18,34,AD-100,206526941,A/S,134.0,460.0,0,0.0,571,76540.8,381,51027.2,136,18224.0,109,14579.2,463,62042.0,1360,182240.0,340,45560.0,66,199,83,1661,222574.0,614,82276.0,3361,450374.0,196,216,307,41138.0
2026-08-18,34,JB,299790685,A/S,,359.0,0,0.0,275,17579.5,183,11719.7,65,4185.6,52,3348.5,211,13504.0,654,41856.0,164,10496.0,32,96,40,799,51136.0,280,17920.0,1617,103488.0,88,97,105,6720.0
2026-08-18,34,VQ,201566075,A/S,114.0,268.0,0,0.0,624,71101.8,416,47401.2,148,16929.0,119,13543.2,448,51072.0,1485,169290.0,371,42294.0,72,217,91,1812,206568.0,594,67716.0,3668,418152.0,179,197,290,33060.0
2026-08-18,34,HG(GRANDUER),299356698,A,52.0,54.0,0,0.0,887,46104.2,591,30736.2,211,10977.2,169,8781.8,90,4680.0,2111,109772.0,528,27456.0,103,309,129,4896,254607.6,120,6240.0,7535,391835.6,112,351,60,3120.0
2026-08-18,34,PAINT,299307800,원재료,31.0,,9496,294376.0,0,0.0,0,0.0,0,0.0,0,0.0,0,0.0,0,0.0,0,0.0,0,0,0,0,0.0,0,0.0,9496,294376.0,0,0,-49,-1519.0
2026-08-18,34,AE(IONIQ),299995926,C,58.0,,0,0.0,123,7113.1,82,4742.1,29,1693.6,23,1354.9,15,870.0,292,16936.0,73,4234.0,14,43,18,356,20648.0,21,1218.0,721,41818.0,45,50,-10,-580.0
2026-08-18,34,SP2(SORENTO),299275969,A/S,124.0,,0,0.0,215,26612.9,143,17741.9,51,6336.4,41,5069.1,157,19468.0,511,63364.0,128,15872.0,25,75,31,623,77252.0,208,25792.0,1262,156488.0,73,80,9,1116.0
2026-08-18,34,MX5(SANTAFE),299752100,A,21.0,,0,0.0,221,4639.3,147,3092.9,53,1104.6,42,883.7,27,567.0,526,11046.0,131,2751.0,26,77,32,642,13482.0,36,756.0,1299,27279.0,72,79,-97,-2037.0
2026-08-18,34,DN8(SONATA),201653175,A/S,,,0,0.0,213,13628.2,142,9085.4,51,3244.8,41,2595.8,168,10752.0,507,32448.0,127,8128.0,25,74,31,619,39616.0,222,14208.0,1253,80192.0,66,73,50,3200.0
2026-08-18,34,M-300,299776129,A/S,,246.0,0,0.0,163,10429.4,109,6953.0,39,2483.2,31,1986.6,128,8192.0,388,24832.0,97,6208.0,19,57,24,473,30272.0,170,10880.0,958,61312.0,54,59,-4,-256.0
2026-08-18,34,AD-100,299867079,A/S,97.0,,0,0.0,746,72395.0,498,48263.3,178,17236.9,142,13789.5,557,54029.0,1777,172369.0,444,43068.0,87,260,108,2169,210393.0,738,71586.0,4390,425830.0,205,226,125,12125.0
2026-08-18,34,JF(K5),299221963,A/S,129.0,,0,0.0,352,45457.0,235,30304.7,84,10823.1,67,8658.5,292,37668.0,839,108231.0,210,27090.0,41,123,51,1024,132096.0,387,49923.0,2073,267417.0,86,95,61,7869.0
2026-08-18,34,ON(TELLURIDE),CA3811255E,A/S,,499.0,0,0.0,200,12794.9,133,8529.9,48,3046.4,38,2437.1,145,9280.0,476,30464.0,119,7616.0,23,70,29,581,37184.0,193,12352.0,1176,75264.0,61,67,121,7744.0
2026-08-18,34,QL(TUCSON),299486874,A/S,49.0,131.0,0,0.0,114,5597.8,76,3731.8,27,1332.8,22,1066.2,102,4998.0,272,13328.0,68,3332.0,13,40,17,332,16268.0,135,6615.0,672,32928.0,48,53,14,686.0
2026-08-18,34,VQ,CA1464218D,D,42.0,46.0,0,0.0,482,20233.1,321,13488.7,115,4817.4,92,3853.9,59,2478.0,1147,48174.0,287,12054.0,56,168,70,1400,58800.0,78,3276.0,2834,119028.0,153,168,158,6636.0
2026-08-18,34,VQ,CA6242264A,A/S,71.0,283.0,0,0.0,110,7783.0,73,5188.7,26,1853.1,21,1482.5,85,6035.0,261,18531.0,65,4615.0,13,38,16,319,22649.0,112,7952.0,645,45795.0,47,52,-11,-781.0
2026-08-18,34,JF(K5),206197813,E,,159.0,0,0.0,781,49969.9,521,33313.3,186,11897.6,149,9518.1,86,5504.0,1859,118976.0,465,29760.0,91,272,113,2269,145216.0,114,7296.0,4593,293952.0,322,354,-47,-3008.0
2026-08-18,34,SM,206237388,A/S,133.0,,0,0.0,463,61557.7,309,41038.5,110,14656.6,88,11725.3,390,51870.0,1102,146566.0,276,36708.0,54,161,67,1345,178885.0,517,68761.0,2723,362159.0,161,177,-17,-2261.0
2026-08-18,34,"SX2(KONA,HMC)",299545672,A/S,16.0,64.0,0,0.0,57,907.2,38,604.8,14,216.0,11,172.8,45,720.0,135,2160.0,34,544.0,7,20,8,165,2640.0,59,944.0,334,5344.0,17,19,-4,-64.0
2026-08-18,34,HG(GRANDUER),299621718,A/S,17.0,64.0,0,0.0,48,821.1,32,547.4,12,195.5,9,156.4,34,578.0,115,1955.0,29,493.0,6,17,7,140,2380.0,45,765.0,284,4828.0,13,14,15,255.0
2026-08-18,34,JB,201533413,A/S,189.0,657.0,0,0.0,302,57074.2,201,38049.5,72,13589.1,58,10871.3,237,44793.0,719,135891.0,180,34020.0,35,105,44,877,165753.0,314,59346.0,1776,335664.0,95,105,-92,-17388.0
2026-08-18,34,EG,384W84369,C,67.0,,0,0.0,924,61908.0,616,41272.0,220,14740.0,176,11792.0,97,6499.0,2200,147400.0,550,36850.0,107,322,134,2686,179962.0,129,8643.0,5436,364212.0,335,369,326,21842.0
2026-08-18,34,GN7(GRANDUER),299470064,D,243.0,295.0,0,0.0,611,148497.3,407,98998.2,146,35356.5,116,28285.2,73,17739.0,1455,353565.0,364,88452.0,71,213,89,1776,431568.0,97,23571.0,3595,873585.0,246,271,-81,-19683.0
2026-08-18,34,VQ,299757625,A/S,45.0,136.0,0,0.0,309,13910.4,206,9273.6,74,3312.0,59,2649.6,251,11295.0,736,33120.0,184,8280.0,36,108,45,898,40410.0,333,14985.0,1818,81810.0,94,103,-52,-2340.0
2026-08-18,34,OS(KONA),206447418,E,30.0,37.0,0,0.0,8,239.4,5,159.6,2,57.0,2,45.6,1,30.0,19,570.0,5,150.0,1,3,1,23,690.0,1,30.0,47,1410.0,2,2,0,0.0
2026-08-18,34,NX4-PE(TUCSON),299207266,A/S,200.0,,0,0.0,490,98028.0,327,65352.0,117,23340.0,93,18672.0,383,76600.0,1167,233400.0,292,58400.0,57,171,71,1424,284800.0,507,101400.0,2883,576600.0,147,162,-9,-1800.0
2026-08-18,34,M-300,367W59677,E,61.0,,0,0.0,318,19394.3,212,12929.6,76,4617.7,61,3694.2,38,2318.0,757,46177.0,189,11529.0,37,111,46,924,56364.0,51,3111.0,1870,114070.0,117,129,125,7625.0
2026-08-18,34,AD-100,977W92904,A/S,264.0,741.0,0,0.0,965,254691.4,643,169794.2,230,60640.8,184,48512.6,672,177408.0,2297,606408.0,574,151536.0,112,336,140,2804,740256.0,891,235224.0,5675,1498200.0,495,544,-106,-27984.0
2026-08-18,34,NX4-PE(TUCSON),299596366,A/S,105.0,327.0,0,0.0,89,9305.1,59,6203.4,21,2215.5,17,1772.4,73,7665.0,211,22155.0,53,5565.0,10,31,13,257,26985.0,96,10080.0,521,54705.0,35,38,-43,-4515.0
2026-08-18,34,YP(CARNIVAL),299743854,A/S,182.0,,0,0.0,63,11389.6,42,7593.0,15,2711.8,12,2169.4,47,8554.0,149,27118.0,37,6734.0,7,22,9,182,33124.0,62,11284.0,368,66976.0,14,15,-25,-4550.0
2026-08-18,34,NX4-PE(TUCSON),299617445,A/S,11.0,45.0,0,0.0,12,134.0,8,89.3,3,31.9,2,25.5,11,121.0,29,319.0,7,77.0,1,4,2,36,396.0,14,154.0,72,792.0,4,4,0,0.0
2026-08-18,34,RG3(K9),299135525,A/S,56.0,185.0,0,0.0,32,1787.5,21,1191.7,8,425.6,6,340.5,25,1400.0,76,4256.0,19,1064.0,4,11,5,93,5208.0,33,1848.0,188,10528.0,12,13,18,1008.0
2026-08-18,34,SP2(SORENTO),299919252,A/S,48.0,171.0,0,0.0,163,7842.2,109,5228.2,39,1867.2,31,1493.8,127,6096.0,389,18672.0,97,4656.0,19,57,24,475,22800.0,169,8112.0,961,46128.0,52,57,-178,-8544.0
2026-08-18,34,DH(G80),206517250,A/S,222.0,892.0,0,0.0,481,106759.8,321,71173.2,114,25419.0,92,20335.2,356,79032.0,1145,254190.0,286,63492.0,56,168,70,1398,310356.0,472,104784.0,2829,628038.0,140,154,268,59496.0
2026-08-18,34,DH(G80),299329900,A,24.0,,0,0.0,92,2197.4,61,1465.0,22,523.2,17,418.6,11,264.0,218,5232.0,54,1296.0,11,32,13,266,6384.0,14,336.0,538,12912.0,33,36,-4,-96.0
2026-08-18,34,CK(STINGER),299476691,A/S,38.0,,0,0.0,61,2314.2,41,1542.8,14,551.0,12,440.8,45,1710.0,145,5510.0,36,1368.0,7,21,9,177,6726.0,60,2280.0,358,13604.0,20,22,23,874.0
2026-08-18,34,HG(GRANDUER),299660333,A/S,38.0,161.0,0,0.0,151,5729.6,101,3819.8,36,1364.2,29,1091.4,118,4484.0,359,13642.0,90,3420.0,18,53,22,438,16644.0,156,5928.0,887,33706.0,46,51,89,3382.0
2026-08-18,34,AE(IONIQ),299213975,A/S,40.0,,0,0.0,28,1108.8,18,739.2,7,264.0,5,211.2,23,920.0,66,2640.0,17,680.0,3,10,4,81,3240.0,31,1240.0,164,6560.0,8,9,-1,-40.0
2026-08-18,34,RG3(K9),299430038,A/S,28.0,84.0,0,0.0,131,3657.4,87,2438.2,31,870.8,25,696.6,108,3024.0,311,8708.0,78,2184.0,15,45,19,379,10612.0,143,4004.0,768,21504.0,34,37,-15,-420.0
2026-08-18,34,OS(KONA),299134256,A/S,26.0,101.0,0,0.0,113,2926.6,75,1951.0,27,696.8,21,557.4,90,2340.0,268,6968.0,67,1742.0,13,39,16,328,8528.0,119,3094.0,663,17238.0,36,40,-36,-936.0
2026-08-18,34,QL(TUCSON),206859621,A/S,169.0,,0,0.0,79,13273.3,52,8848.8,19,3160.3,15,2528.2,56,9464.0,187,31603.0,47,7943.0,9,27,11,228,38532.0,75,12675.0,462,78078.0,30,33,11,1859.0
2026-08-18,34,AE(IONIQ),299606906,E,121.0,,0,0.0,919,111245.0,613,74163.3,219,26486.9,175,21189.5,110,13310.0,2189,264869.0,547,66187.0,107,321,134,2672,323312.0,145,17545.0,5408,654368.0,283,311,-172,-20812.0
2026-08-18,34,CV,299137070,A/S,80.0,324.0,0,0.0,584,46737.6,389,31158.4,139,11128.0,111,8902.4,482,38560.0,1391,111280.0,348,27840.0,68,204,85,1697,135760.0,639,51120.0,3436,274880.0,188,207,-96,-7680.0
2026-08-18,34,RG3(K9),299452860,A/S,31.0,108.0,0,0.0,52,1614.5,35,1076.3,12,384.4,10,307.5,43,1333.0,124,3844.0,31,961.0,6,18,8,151,4681.0,57,1767.0,306,9486.0,13,14,-11,-341.0
2026-08-18,34,CV,206919706,A/S,,,0,0.0,42,2688.0,28,1792.0,10,640.0,8,512.0,32,2048.0,100,6400.0,25,1600.0,5,15,6,122,7808.0,43,2752.0,247,15808.0,14,15,7,448.0
2026-08-18,34,PAINT,299989418,원재료,40.0,58.0,1197,47880.0,0,0.0,0,0.0,0,0.0,0,0.0,0,0.0,0,0.0,0,0.0,0,0,0,0,0.0,0,0.0,1197,47880.0,0,0,126,5040.0
2026-08-18,34,QL(TUCSON),299417109,A/S,49.0,,0,0.0,104,5083.3,69,3388.8,25,1210.3,20,968.2,83,4067.0,247,12103.0,62,3038.0,12,36,15,301,14749.0,110,5390.0,610,29890.0,44,48,-79,-3871.0
2026-08-18,34,QL(TUCSON),206476906,A/S,47.0,176.0,0,0.0,40,1875.3,27,1250.2,10,446.5,8,357.2,34,1598.0,95,4465.0,24,1128.0,5,14,6,116,5452.0,45,2115.0,235,11045.0,12,13,10,470.0
2026-08-18,34,EG,299338655,A/S,100.0,,0,0.0,744,74424.0,496,49616.0,177,17720.0,142,14176.0,521,52100.0,1772,177200.0,443,44300.0,87,260,108,2163,216300.0,691,69100.0,4378,437800.0,274,301,-393,-39300.0
2026-08-18,34,AE(IONIQ),299420491,A/S,22.0,82.0,0,0.0,29,637.6,19,425.0,7,151.8,6,121.4,23,506.0,69,1518.0,17,374.0,3,10,4,84,1848.0,31,682.0,170,3740.0,13,14,-2,-44.0
2026-08-18,34,CN7(AVANTE),299966410,A/S,363.0,1268.0,0,0.0,268,97421.9,179,64948.0,64,23195.7,51,18556.6,203,73689.0,639,231957.0,160,58080.0,31,94,39,780,283140.0,270,98010.0,1579,573177.0,69,76,-69,-25047.0
2026-08-18,34,CK(STINGER),202352795,A/S,13.0,49.0,0,0.0,14,185.6,10,123.8,3,44.2,3,35.4,13,169.0,34,442.0,8,104.0,2,5,2,41,533.0,17,221.0,83,1079.0,3,3,6,78.0
2026-08-18,34,JF(K5),299944230,A/S,119.0,517.0,0,0.0,459,54578.2,306,36385.4,109,12994.8,87,10395.8,367,43673.0,1092,129948.0,273,32487.0,53,160,67,1333,158627.0,486,57834.0,2698,321062.0,119,131,254,30226.0
2026-08-18,34,SM,206712846,A/S,40.0,139.0,0,0.0,260,10399.2,173,6932.8,62,2476.0,50,1980.8,232,9280.0,619,24760.0,155,6200.0,30,91,38,755,30200.0,308,12320.0,1529,61160.0,112,123,-167,-6680.0
2026-08-18,34,JF(K5),CA3374819A,C,50.0,,0,0.0,1108,55419.0,739,36946.0,264,13195.0,211,10556.0,126,6300.0,2639,131950.0,660,33000.0,129,387,161,3221,161050.0,167,8350.0,6520,326000.0,359,395,504,25200.0
2026-08-18,34,CV,201643706,A/S,38.0,155.0,0,0.0,442,16789.9,295,11193.3,105,3997.6,84,3198.1,356,13528.0,1052,39976.0,263,9994.0,51,154,64,1284,48792.0,472,17936.0,2599,98762.0,171,188,-139,-5282.0
2026-08-18,34,RG3(K9),299204915,E,72.0,87.0,0,0.0,594,42759.4,396,28506.2,141,10180.8,113,8144.6,72,5184.0,1414,101808.0,354,25488.0,69,207,86,1726,124272.0,95,6840.0,3494,251568.0,172,189,-299,-21528.0
2026-08-18,34,SG2,201290368,E,32.0,50.0,0,0.0,842,26933.8,561,17955.8,200,6412.8,160,5130.2,100,3200.0,2004,64128.0,501,16032.0,98,294,122,2446,78272.0,132,4224.0,4951,158432.0,226,249,240,7680.0
2026-08-18,34,"SX2(KONA,HMC)",299129108,E,60.0,,0,0.0,1144,68619.6,762,45746.4,272,16338.0,218,13070.4,126,7560.0,2723,163380.0,681,40860.0,133,399,166,3324,199440.0,167,10020.0,6728,403680.0,365,402,1016,60960.0
2026-08-18,34,AE-PE(IONIQ),299776342,A/S,36.0,124.0,0,0.0,110,3961.4,73,2641.0,26,943.2,21,754.6,95,3420.0,262,9432.0,65,2340.0,13,38,16,320,11520.0,125,4500.0,647,23292.0,34,37,-82,-2952.0
2026-08-18,34,TM,206460995,A/S,93.0,379.0,0,0.0,398,37028.9,265,24685.9,95,8816.4,76,7053.1,275,25575.0,948,88164.0,237,22041.0,46,139,58,1157,107601.0,365,33945.0,2342,217806.0,125,138,-17,-1581.0
2026-08-18,34,JX1,299440008,A/S,14.0,,0,0.0,18,247.0,12,164.6,4,58.8,3,47.0,15,210.0,42,588.0,10,140.0,2,6,3,51,714.0,19,266.0,103,1442.0,6,7,-3,-42.0
2026-08-18,34,"SX2(KONA,HMC)",206997844,B,72.0,72.0,0,0.0,252,18113.8,168,12075.8,60,4312.8,48,3450.2,30,2160.0,599,43128.0,150,10800.0,29,88,37,732,52704.0,40,2880.0,1481,106632.0,93,102,32,2304.0
2026-08-18,34,JF(K5),299785907,A/S,87.0,262.0,0,0.0,442,38476.6,295,25651.1,105,9161.1,84,7328.9,353,30711.0,1053,91611.0,263,22881.0,51,154,64,1285,111795.0,468,40716.0,2601,226287.0,150,165,59,5133.0
2026-08-18,34,PAINT,299887329,원재료,47.0,,6730,316310.0,0,0.0,0,0.0,0,0.0,0,0.0,0,0.0,0,0.0,0,0.0,0,0,0,0,0.0,0,0.0,6730,316310.0,0,0,-248,-11656.0
2026-08-18,34,AD-100,299942021,A/S,14.0,43.0,0,0.0,2,29.4,1,19.6,0,7.0,0,5.6,2,28.0,5,70.0,1,14.0,0,1,0,6,84.0,2,28.0,12,168.0,1,1,0,0.0
2026-08-18,34,SP2(SORENTO),299198914,A/S,44.0,167.0,0,0.0,68,3012.2,46,2008.2,16,717.2,13,573.8,52,2288.0,163,7172.0,41,1804.0,8,24,10,199,8756.0,69,3036.0,403,17732.0,24,26,-16,-704.0
2026-08-18,34,HG(GRANDUER),299288072,A/S,47.0,,0,0.0,71,3336.1,47,2224.0,17,794.3,14,635.4,58,2726.0,169,7943.0,42,1974.0,8,25,10,206,9682.0,76,3572.0,417,19599.0,28,31,0,0.0
2026-08-18,34,M-300,299314025,A/S,126.0,,0,0.0,194,24396.1,129,16264.1,46,5808.6,37,4646.9,156,19656.0,461,58086.0,115,14490.0,22,67,28,562,70812.0,206,25956.0,1138,143388.0,53,58,-41,-5166.0
2026-08-18,34,MX5(SANTAFE),299919783,B,121.0,165.0,0,0.0,1140,137925.5,760,91950.3,271,32839.4,217,26271.5,133,16093.0,2714,328394.0,678,82038.0,132,397,166,3312,400752.0,176,21296.0,6704,811184.0,470,517,-769,-93049.0
2026-08-18,34,CK(STINGER),299196338,A/S,115.0,501.0,0,0.0,394,45305.4,263,30203.6,94,10787.0,75,8629.6,296,34040.0,938,107870.0,234,26910.0,46,137,57,1145,131675.0,393,45195.0,2317,266455.0,128,141,272,31280.0
2026-08-18,34,AE-PE(IONIQ),299991416,A/S,32.0,,0,0.0,34,1102.1,23,734.7,8,262.4,7,209.9,28,896.0,82,2624.0,21,672.0,4,12,5,100,3200.0,37,1184.0,203,6496.0,13,14,-20,-640.0
2026-08-18,34,CN7(AVANTE),299131034,A/S,167.0,,0,0.0,184,30791.5,123,20527.6,44,7331.3,35,5865.0,133,22211.0,439,73313.0,110,18370.0,21,64,27,536,89512.0,176,29392.0,1085,181195.0,73,80,63,10521.0
2026-08-18,34,AE(IONIQ),299855625,A/S,42.0,143.0,0,0.0,55,2293.2,36,1528.8,13,546.0,10,436.8,40,1680.0,130,5460.0,32,1344.0,6,19,8,158,6636.0,54,2268.0,320,13440.0,21,23,10,420.0
2026-08-18,34,DN8(SONATA),299903672,A/S,45.0,163.0,0,0.0,171,7673.4,114,5115.6,41,1827.0,32,1461.6,125,5625.0,406,18270.0,101,4545.0,20,59,25,495,22275.0,165,7425.0,1002,45090.0,49,54,127,5715.0
2026-08-18,34,DH(G80),299658800,A/S,62.0,280.0,0,0.0,156,9686.9,104,6457.9,37,2306.4,30,1845.1,127,7874.0,372,23064.0,93,5766.0,18,54,23,454,28148.0,168,10416.0,919,56978.0,67,74,-8,-496.0
2026-08-18,34,GN7(GRANDUER),299758593,A/S,132.0,,0,0.0,512,67581.4,341,45054.2,122,16090.8,98,12872.6,377,49764.0,1219,160908.0,305,40260.0,60,179,74,1488,196416.0,500,66000.0,3012,397584.0,110,121,-97,-12804.0
2026-08-18,34,NX4-PE(TUCSON),299464917,A/S,58.0,210.0,0,0.0,22,1291.1,15,860.7,5,307.4,4,245.9,20,1160.0,53,3074.0,13,754.0,3,8,3,65,3770.0,26,1508.0,131,7598.0,4,4,-19,-1102.0
2026-08-18,34,EG,299439111,A/S,25.0,101.0,0,0.0,57,1428.0,38,952.0,14,340.0,11,272.0,45,1125.0,136,3400.0,34,850.0,7,20,8,166,4150.0,59,1475.0,336,8400.0,21,23,24,600.0
2026-08-18,34,DH(G80),299555196,A/S,107.0,373.0,0,0.0,62,6606.2,41,4404.1,15,1572.9,12,1258.3,44,4708.0,147,15729.0,37,3959.0,7,22,9,180,19260.0,58,6206.0,364,38948.0,29,32,-26,-2782.0
2026-08-18,34,AE(IONIQ),299624561,C,28.0,21.0,0,0.0,170,4751.0,113,3167.4,40,1131.2,32,905.0,22,616.0,404,11312.0,101,2828.0,20,59,25,493,13804.0,29,812.0,998,27944.0,62,68,-28,-784.0
2026-08-18,34,HG(GRANDUER),299968600,A/S,53.0,,0,0.0,249,13200.2,166,8800.1,59,3142.9,47,2514.3,182,9646.0,593,31429.0,148,7844.0,29,87,36,724,38372.0,240,12720.0,1465,77645.0,80,88,153,8109.0
2026-08-18,34,DN8(SONATA),299475204,A/S,28.0,112.0,0,0.0,221,6197.5,148,4131.7,53,1475.6,42,1180.5,175,4900.0,527,14756.0,132,3696.0,26,77,32,643,18004.0,233,6524.0,1302,36456.0,77,85,181,5068.0
2026-08-18,34,VQ,202273318,A/S,20.0,,0,0.0,13,252.0,8,168.0,3,60.0,2,48.0,10,200.0,30,600.0,7,140.0,1,4,2,36,720.0,13,260.0,73,1460.0,5,6,6,120.0
2026-08-18,34,HG(GRANDUER),299651901,C,53.0,61.0,0,0.0,1936,102618.6,1291,68412.4,461,24433.0,369,19546.4,215,11395.0,4610,244330.0,1152,61056.0,225,675,281,5627,298231.0,285,15105.0,11389,603617.0,507,558,977,51781.0
2026-08-18,34,CK(STINGER),299367091,A/S,118.0,456.0,0,0.0,13,1536.4,9,1024.2,3,365.8,2,292.6,10,1180.0,31,3658.0,8,944.0,2,5,2,38,4484.0,13,1534.0,77,9086.0,6,7,-4,-472.0
2026-08-18,34,OS(KONA),299877639,A/S,19.0,69.0,0,0.0,92,1739.6,61,1159.8,22,414.2,17,331.4,70,1330.0,218,4142.0,55,1045.0,11,32,13,266,5054.0,93,1767.0,539,10241.0,31,34,21,399.0
2026-08-18,34,SM,299130258,A/S,43.0,,0,0.0,91,3901.0,60,2600.6,22,928.8,17,743.0,79,3397.0,216,9288.0,54,2322.0,11,32,13,263,11309.0,104,4472.0,533,22919.0,32,35,-30,-1290.0
2026-08-18,34,M-300,299526532,A/S,54.0,194.0,0,0.0,21,1156.7,14,771.1,5,275.4,4,220.3,15,810.0,51,2754.0,13,702.0,2,7,3,62,3348.0,20,1080.0,126,6804.0,5,6,-1,-54.0
2026-08-18,34,AD-100,299898764,A/S,114.0,,0,0.0,201,22934.5,134,15289.7,48,5460.6,38,4368.5,172,19608.0,479,54606.0,120,13680.0,23,70,29,584,66576.0,228,25992.0,1183,134862.0,44,48,-11,-1254.0
2026-08-18,34,SP2(SORENTO),299831933,A/S,69.0,,0,0.0,86,5940.9,57,3960.6,20,1414.5,16,1131.6,64,4416.0,205,14145.0,51,3519.0,10,30,12,250,17250.0,85,5865.0,506,34914.0,26,29,20,1380.0
2026-08-18,34,JF(K5),299522161,A/S,31.0,118.0,0,0.0,94,2929.5,63,1953.0,22,697.5,18,558.0,78,2418.0,225,6975.0,56,1736.0,11,33,14,275,8525.0,104,3224.0,556,17236.0,36,40,-19,-589.0
2026-08-18,34,OS(KONA),206256893,A/S,49.0,,0,0.0,171,8396.6,114,5597.8,41,1999.2,33,1599.4,140,6860.0,408,19992.0,102,4998.0,20,60,25,498,24402.0,186,9114.0,1008,49392.0,54,59,-20,-980.0
2026-08-18,34,NX4-PE(TUCSON),299795309,A,84.0,,0,0.0,1654,138897.4,1102,92598.2,394,33070.8,315,26456.6,184,15456.0,3937,330708.0,984,82656.0,192,577,240,4805,403620.0,244,20496.0,9726,816984.0,450,495,354,29736.0
2026-08-18,34,M-300,402W43819,A/S,149.0,636.0,0,0.0,339,50564.6,226,33709.8,81,12039.2,65,9631.4,288,42912.0,808,120392.0,202,30098.0,39,118,49,986,146914.0,381,56769.0,1996,297404.0,100,110,-36,-5364.0
2026-08-18,34,EG,299930314,C,366.0,390.0,0,0.0,1124,411201.0,749,274134.0,268,97905.0,214,78324.0,128,46848.0,2675,979050.0,669,244854.0,131,392,163,3265,1194990.0,169,61854.0,6609,2418894.0,428,471,-577,-211182.0
2026-08-18,34,GN7(GRANDUER),206809683,B,105.0,,0,0.0,779,81805.5,519,54537.0,186,19477.5,148,15582.0,83,8715.0,1855,194775.0,464,48720.0,91,272,113,2264,237720.0,110,11550.0,4583,481215.0,176,194,47,4935.0
2026-08-18,34,NX4-PE(TUCSON),299375786,A/S,44.0,,0,0.0,140,6153.8,93,4102.6,33,1465.2,27,1172.2,117,5148.0,333,14652.0,83,3652.0,16,49,20,406,17864.0,155,6820.0,822,36168.0,40,44,-83,-3652.0
2026-08-18,34,RG3(K9),299871045,A/S,123.0,,0,0.0,235,28877.9,157,19252.0,56,6875.7,45,5500.6,179,22017.0,559,68757.0,140,17220.0,27,82,34,682,83886.0,237,29151.0,1381,169863.0,90,99,-10,-1230.0
2026-08-18,34,HG(GRANDUER),299536326,E,115.0,138.0,0,0.0,2843,326991.0,1896,217994.0,677,77855.0,542,62284.0,333,38295.0,6770,778550.0,1693,194695.0,331,992,413,8264,950360.0,442,50830.0,16727,1923605.0,928,1021,16,1840.0
2026-08-18,34,JX1,299376893,E,48.0,,0,0.0,567,27195.8,378,18130.6,135,6475.2,108,5180.2,65,3120.0,1349,64752.0,337,16176.0,66,198,82,1647,79056.0,86,4128.0,3333,159984.0,162,178,22,1056.0
2026-08-18,34,AD-100,352W28630,A/S,24.0,,0,0.0,133,3185.3,88,2123.5,32,758.4,25,606.7,114,2736.0,316,7584.0,79,1896.0,15,46,19,385,9240.0,150,3600.0,780,18720.0,52,57,-13,-312.0
2026-08-18,34,YP(CARNIVAL),CA7885618A,A/S,130.0,,0,0.0,86,11138.4,57,7425.6,20,2652.0,16,2121.6,63,8190.0,204,26520.0,51,6630.0,10,30,12,249,32370.0,83,10790.0,504,65520.0,30,33,7,910.0
2026-08-18,34,NX4-PE(TUCSON),299941687,A/S,77.0,217.0,0,0.0,34,2619.5,23,1746.4,8,623.7,6,499.0,27,2079.0,81,6237.0,20,1540.0,4,12,5,99,7623.0,36,2772.0,200,15400.0,10,11,8,616.0
2026-08-18,34,TQ(STAREX),299808955,D,48.0,,0,0.0,1369,65701.4,913,43801.0,326,15643.2,261,12514.6,154,7392.0,3259,156432.0,815,39120.0,159,477,199,3978,190944.0,204,9792.0,8052,386496.0,541,595,-20,-960.0
2026-08-18,34,DH(G80),299236729,A/S,32.0,107.0,0,0.0,159,5080.3,106,3386.9,38,1209.6,30,967.7,120,3840.0,378,12096.0,94,3008.0,18,55,23,461,14752.0,159,5088.0,933,29856.0,56,62,0,0.0
2026-08-18,34,MX5(SANTAFE),299438526,A/S,,323.0,0,0.0,199,12741.1,133,8494.1,47,3033.6,38,2426.9,151,9664.0,474,30336.0,118,7552.0,23,69,29,578,36992.0,201,12864.0,1170,74880.0,76,84,32,2048.0
2026-08-18,34,PAINT,206108709,원재료,45.0,55.0,11000,495000.0,0,0.0,0,0.0,0,0.0,0,0.0,0,0.0,0,0.0,0,0.0,0,0,0,0,0.0,0,0.0,11000,495000.0,0,0,954,42930.0
2026-08-18,34,DN8(SONATA),299559372,A/S,42.0,,0,0.0,84,3545.6,56,2363.8,20,844.2,16,675.4,58,2436.0,201,8442.0,50,2100.0,10,29,12,245,10290.0,77,3234.0,496,20832.0,22,24,83,3486.0
2026-08-18,34,JX1,299850721,A/S,38.0,,0,0.0,36,1356.6,24,904.4,8,323.0,7,258.4,28,1064.0,85,3230.0,21,798.0,4,12,5,104,3952.0,38,1444.0,210,7980.0,14,15,15,570.0
2026-08-18,34,TM,299460947,A/S,216.0,,0,0.0,87,18869.8,58,12579.8,21,4492.8,17,3594.2,68,14688.0,208,44928.0,52,11232.0,10,30,13,254,54864.0,90,19440.0,514,111024.0,26,29,-59,-12744.0
2026-08-18,34,TQ(STAREX),299793142,A/S,38.0,,0,0.0,83,3160.1,55,2106.7,20,752.4,16,601.9,68,2584.0,198,7524.0,49,1862.0,10,29,12,241,9158.0,90,3420.0,488,18544.0,24,26,-2,-76.0
2026-08-18,34,SG2,206620683,A/S,65.0,236.0,0,0.0,147,9582.3,98,6388.2,35,2281.5,28,1825.2,117,7605.0,351,22815.0,88,5720.0,17,51,21,429,27885.0,156,10140.0,868,56420.0,54,59,16,1040.0
2026-08-18,34,"SX2(KONA,HMC)",202759811,E,161.0,194.0,0,0.0,659,106095.8,439,70730.5,157,25260.9,126,20208.7,81,13041.0,1569,252609.0,392,63112.0,77,230,96,1915,308315.0,108,17388.0,3876,624036.0,282,310,120,19320.0
2026-08-18,34,QL(TUCSON),299482056,A/S,106.0,,0,0.0,166,17585.4,111,11723.6,40,4187.0,32,3349.6,148,15688.0,395,41870.0,99,10494.0,19,58,24,482,51092.0,196,20776.0,976,103456.0,78,86,-77,-8162.0
2026-08-18,34,HG(GRANDUER),299865334,A/S,188.0,879.0,0,0.0,896,168500.6,598,112333.8,213,40119.2,171,32095.4,669,125772.0,2134,401192.0,534,100392.0,104,313,130,2605,489740.0,887,166756.0,5273,991324.0,359,395,208,39104.0
2026-08-18,34,VQ,299596303,C,27.0,26.0,0,0.0,437,11793.6,291,7862.4,104,2808.0,83,2246.4,57,1539.0,1040,28080.0,260,7020.0,51,152,63,1269,34263.0,75,2025.0,2569,69363.0,190,209,-161,-4347.0
2026-08-18,34,RG3(K9),206937811,A/S,,76.0,0,0.0,94,5994.2,62,3996.2,22,1427.2,18,1141.8,79,5056.0,223,14272.0,56,3584.0,11,33,14,273,17472.0,104,6656.0,552,35328.0,41,45,10,640.0
2026-08-18,34,HG(GRANDUER),206419970,A/S,85.0,,0,0.0,358,30416.4,239,20277.6,85,7242.0,68,5793.6,260,22100.0,852,72420.0,213,18105.0,42,125,52,1040,88400.0,344,29240.0,2105,178925.0,115,127,19,1615.0
2026-08-18,34,SM,299554692,A/S,16.0,,0,0.0,60,961.0,40,640.6,14,228.8,11,183.0,45,720.0,143,2288.0,36,576.0,7,21,9,175,2800.0,60,960.0,354,5664.0,23,25,3,48.0
2026-08-18,34,NX4-PE(TUCSON),201220819,A/S,124.0,486.0,0,0.0,1190,147542.6,793,98361.8,283,35129.2,227,28103.4,812,100688.0,2833,351292.0,708,87792.0,138,415,173,3458,428792.0,1077,133548.0,6999,867876.0,385,424,684,84816.0
2026-08-18,34,RG3(K9),299159363,A/S,46.0,,0,0.0,76,3477.6,50,2318.4,18,828.0,14,662.4,54,2484.0,180,8280.0,45,2070.0,9,26,11,220,10120.0,72,3312.0,445,20470.0,25,28,40,1840.0
2026-08-18,34,SG2,343616329,A/S,20.0,,0,0.0,141,2814.0,94,1876.0,34,670.0,27,536.0,106,2120.0,335,6700.0,84,1680.0,16,49,20,409,8180.0,141,2820.0,828,16560.0,0,56,39,780.0
2026-08-18,34,YP(CARNIVAL),299376471,E,49.0,51.0,0,0.0,312,15311.5,208,10207.7,74,3645.6,60,2916.5,39,1911.0,744,36456.0,186,9114.0,36,109,45,909,44541.0,52,2548.0,1839,90111.0,120,132,-133,-6517.0
2026-08-18,34,PAINT,299477502,원재료,143.0,,9451,1351493.0,0,0.0,0,0.0,0,0.0,0,0.0,0,0.0,0,0.0,0,0.0,0,0,0,0,0.0,0,0.0,9451,1351493.0,0,0,381,54483.0
2026-08-18,34,M-300,299492480,A/S,32.0,,0,0.0,76,2432.6,51,1621.8,18,579.2,14,463.4,65,2080.0,181,5792.0,45,1440.0,9,27,11,221,7072.0,86,2752.0,447,14304.0,26,29,-7,-224.0
2026-08-18,34,VQ,299706541,A/S,42.0,168.0,0,0.0,119,4992.1,79,3328.1,28,1188.6,23,950.9,93,3906.0,283,11886.0,71,2982.0,14,41,17,345,14490.0,123,5166.0,699,29358.0,42,46,15,630.0
2026-08-18,34,JF(K5),299617881,A/S,64.0,258.0,0,0.0,80,5134.1,53,3422.7,19,1222.4,15,977.9,66,4224.0,191,12224.0,48,3072.0,9,28,12,233,14912.0,88,5632.0,472,30208.0,25,28,15,960.0
2026-08-18,34,OS(KONA),206979233,A/S,134.0,522.0,0,0.0,133,17840.8,89,11893.8,32,4247.8,25,3398.2,116,15544.0,317,42478.0,79,10586.0,15,46,19,387,51858.0,154,20636.0,783,104922.0,43,47,-36,-4824.0
2026-08-18,34,AE(IONIQ),299726354,D,53.0,77.0,0,0.0,1606,85122.2,1071,56748.2,382,20267.2,306,16213.8,210,11130.0,3824,202672.0,956,50668.0,187,560,233,4667,247351.0,278,14734.0,9447,500691.0,592,651,-163,-8639.0
2026-08-18,34,AKZO,299865800,원재료,,,20644,1321216.0,0,0.0,0,0.0,0,0.0,0,0.0,0,0.0,0,0.0,0,0.0,0,0,0,0,0.0,0,0.0,20644,1321216.0,0,0,1179,75456.0
2026-08-18,34,QL(TUCSON),299184779,A/S,103.0,,0,0.0,66,6835.1,44,4556.7,16,1627.4,13,1301.9,45,4635.0,158,16274.0,40,4120.0,8,23,10,193,19879.0,60,6180.0,391,40273.0,18,20,55,5665.0
2026-08-18,34,JX1,299869212,A/S,89.0,,0,0.0,143,12709.2,95,8472.8,34,3026.0,27,2420.8,117,10413.0,340,30260.0,85,7565.0,17,50,21,414,36846.0,155,13795.0,839,74671.0,0,45,18,1602.0
2026-08-18,34,"SX2(KONA,HMC)",299510035,D,52.0,61.0,0,0.0,916,47633.0,611,31755.4,218,11341.2,174,9073.0,110,5720.0,2181,113412.0,545,28340.0,106,319,133,2662,138424.0,146,7592.0,5388,280176.0,303,333,-314,-16328.0
2026-08-18,34,VQ,206820413,A/S,176.0,641.0,0,0.0,753,132538.6,502,88359.0,179,31556.8,143,25245.4,598,105248.0,1793,315568.0,448,78848.0,88,263,109,2188,385088.0,792,139392.0,4429,779504.0,175,193,-190,-33440.0
2026-08-18,34,SG2,299528801,A/S,49.0,,0,0.0,121,5906.5,80,3937.6,29,1406.3,23,1125.0,101,4949.0,287,14063.0,72,3528.0,14,42,18,350,17150.0,134,6566.0,709,34741.0,45,50,-44,-2156.0
2026-08-18,34,TQ(STAREX),202506638,A/S,37.0,,0,0.0,95,3512.0,63,2341.4,23,836.2,18,669.0,83,3071.0,226,8362.0,57,2109.0,11,33,14,276,10212.0,110,4070.0,559,20683.0,37,41,-18,-666.0
2026-08-18,34,JF(K5),299570600,A/S,30.0,120.0,0,0.0,8,252.0,6,168.0,2,60.0,2,48.0,7,210.0,20,600.0,5,150.0,1,3,1,24,720.0,9,270.0,49,1470.0,0,3,-4,-120.0
2026-08-18,34,MX5(SANTAFE),206866850,B,94.0,104.0,0,0.0,1398,131428.9,932,87619.3,333,31292.6,266,25034.1,160,15040.0,3329,312926.0,832,78208.0,163,488,203,4063,381922.0,213,20022.0,8224,773056.0,457,503,125,11750.0
2026-08-18,34,EG,299495280,A/S,43.0,,0,0.0,7,307.0,5,204.7,2,73.1,1,58.5,6,258.0,17,731.0,4,172.0,1,3,1,21,903.0,7,301.0,42,1806.0,2,2,-2,-86.0
2026-08-18,34,M-300,299869025,A/S,69.0,279.0,0,0.0,189,13012.0,126,8674.7,45,3098.1,36,2478.5,142,9798.0,449,30981.0,112,7728.0,22,66,27,548,37812.0,188,12972.0,1109,76521.0,77,85,59,4071.0
2026-08-18,34,JX1,299427423,A/S,,241.0,0,0.0,179,11477.8,120,7651.8,43,2732.8,34,2186.2,136,8704.0,427,27328.0,107,6848.0,21,63,26,521,33344.0,181,11584.0,1055,67520.0,60,66,4,256.0
2026-08-18,34,DH(G80),299972929,A,22.0,,0,0.0,37,813.1,25,542.1,9,193.6,7,154.9,4,88.0,88,1936.0,22,484.0,4,13,5,107,2354.0,6,132.0,217,4774.0,12,13,17,374.0
2026-08-18,34,QL(TUCSON),202108347,A/S,31.0,112.0,0,0.0,122,3775.8,81,2517.2,29,899.0,23,719.2,99,3069.0,290,8990.0,72,2232.0,14,42,18,353,10943.0,132,4092.0,715,22165.0,38,42,51,1581.0
2026-08-18,34,JB,299494850,D,,122.0,0,0.0,94,6048.0,63,4032.0,22,1440.0,18,1152.0,11,704.0,225,14400.0,56,3584.0,11,33,14,275,17600.0,14,896.0,556,35584.0,34,37,-5,-320.0
2026-08-18,34,RESIN,299784346,원재료,18.0,,115,2070.0,0,0.0,0,0.0,0,0.0,0,0.0,0,0.0,0,0.0,0,0.0,0,0,0,0,0.0,0,0.0,115,2070.0,0,0,0,0.0
2026-08-18,34,AD-100,206461016,A/S,61.0,189.0,0,0.0,315,19189.4,210,12792.9,75,4568.9,60,3655.1,256,15616.0,749,45689.0,187,11407.0,37,110,46,915,55815.0,339,20679.0,1851,112911.0,123,135,-49,-2989.0
2026-08-18,34,VQ,299451527,A/S,190.0,,0,0.0,33,6224.4,22,4149.6,8,1482.0,6,1185.6,25,4750.0,78,14820.0,20,3800.0,4,11,5,95,18050.0,34,6460.0,193,36670.0,13,14,0,0.0
2026-08-18,34,AKZO,202908916,원재료,,,740,47360.0,0,0.0,0,0.0,0,0.0,0,0.0,0,0.0,0,0.0,0,0.0,0,0,0,0,0.0,0,0.0,740,47360.0,0,0,-9,-576.0
2026-08-18,34,DN8(SONATA),299525695,A/S,44.0,155.0,0,0.0,2,73.9,1,49.3,0,17.6,0,14.1,1,44.0,4,176.0,1,44.0,0,1,0,5,220.0,2,88.0,10,440.0,1,1,0,0.0
2026-08-18,34,DN8(SONATA),299107943,A/S,25.0,,0,0.0,81,2037.0,54,1358.0,19,485.0,16,388.0,65,1625.0,194,4850.0,48,1200.0,9,28,12,237,5925.0,86,2150.0,479,11975.0,27,30,10,250.0
2026-08-18,34,YP(CARNIVAL),299743626,A/S,32.0,94.0,0,0.0,3,80.6,2,53.8,1,19.2,0,15.4,2,64.0,6,192.0,1,32.0,0,1,0,7,224.0,2,64.0,14,448.0,0,0,1,32.0
2026-08-18,34,AKZO,299280536,원재료,109.0,117.0,4696,511864.0,0,0.0,0,0.0,0,0.0,0,0.0,0,0.0,0,0.0,0,0.0,0,0,0,0,0.0,0,0.0,4696,511864.0,0,0,236,25724.0
2026-08-18,34,TM,299773277,A/S,23.0,80.0,0,0.0,29,656.9,19,437.9,7,156.4,5,125.1,22,506.0,68,1564.0,17,391.0,3,10,4,83,1909.0,30,690.0,168,3864.0,10,11,10,230.0
2026-08-18,34,SP2(SORENTO),299963134,C,107.0,,0,0.0,308,32986.0,206,21990.6,73,7853.8,59,6283.0,36,3852.0,734,78538.0,183,19581.0,36,107,45,895,95765.0,48,5136.0,1812,193884.0,79,87,152,16264.0
2026-08-18,34,MX5(SANTAFE),206446998,A/S,112.0,523.0,0,0.0,258,28929.6,172,19286.4,62,6888.0,49,5510.4,177,19824.0,615,68880.0,154,17248.0,30,90,38,750,84000.0,234,26208.0,1519,170128.0,64,70,-31,-3472.0
2026-08-18,34,QL(TUCSON),299491985,A/S,30.0,,0,0.0,7,214.2,5,142.8,2,51.0,1,40.8,6,180.0,17,510.0,4,120.0,1,2,1,20,600.0,7,210.0,41,1230.0,3,3,1,30.0
2026-08-18,34,EG,206300614,A/S,11.0,49.0,0,0.0,12,134.0,8,89.3,3,31.9,2,25.5,10,110.0,29,319.0,7,77.0,1,4,2,35,385.0,14,154.0,71,781.0,4,4,2,22.0
2026-08-18,34,PAINT,201564279,원재료,58.0,,4805,278690.0,0,0.0,0,0.0,0,0.0,0,0.0,0,0.0,0,0.0,0,0.0,0,0,0,0,0.0,0,0.0,4805,278690.0,0,0,-137,-7946.0
2026-08-18,34,AE-PE(IONIQ),299519114,A/S,21.0,107.0,0,0.0,72,1517.0,48,1011.4,17,361.2,14,289.0,53,1113.0,172,3612.0,43,903.0,8,25,10,210,4410.0,70,1470.0,425,8925.0,20,22,26,546.0
2026-08-18,34,CV,299465076,A/S,149.0,626.0,0,0.0,371,55258.1,247,36838.8,88,13156.7,71,10525.4,268,39932.0,883,131567.0,221,32929.0,43,129,54,1078,160622.0,355,52895.0,2182,325118.0,134,147,-174,-25926.0
2026-08-18,34,PAINT,206111274,원재료,37.0,,951,35187.0,0,0.0,0,0.0,0,0.0,0,0.0,0,0.0,0,0.0,0,0.0,0,0,0,0,0.0,0,0.0,951,35187.0,0,0,100,3700.0
2026-08-18,34,SP2(SORENTO),299428870,A/S,34.0,136.0,0,0.0,220,7468.4,146,4979.0,52,1778.2,42,1422.6,183,6222.0,523,17782.0,131,4454.0,26,77,32,639,21726.0,243,8262.0,1293,43962.0,105,116,-54,-1836.0
2026-08-18,34,SG2,299949139,A/S,49.0,166.0,0,0.0,119,5824.1,79,3882.8,28,1386.7,23,1109.4,104,5096.0,283,13867.0,71,3479.0,14,41,17,345,16905.0,138,6762.0,699,34251.0,34,37,-56,-2744.0
2026-08-18,34,QL(TUCSON),206162025,A/S,29.0,,0,0.0,17,487.2,11,324.8,4,116.0,3,92.8,12,348.0,40,1160.0,10,290.0,2,6,2,48,1392.0,17,493.0,98,2842.0,6,7,12,348.0
2026-08-18,34,TM,299599102,A/S,39.0,136.0,0,0.0,50,1932.8,33,1288.6,12,460.2,9,368.2,43,1677.0,118,4602.0,30,1170.0,6,17,7,144,5616.0,57,2223.0,292,11388.0,14,15,-24,-936.0
2026-08-18,34,HG(GRANDUER),299598261,A/S,139.0,,0,0.0,175,24286.1,116,16190.7,42,5782.4,33,4625.9,124,17236.0,416,57824.0,104,14456.0,20,61,25,508,70612.0,164,22796.0,1028,142892.0,64,70,97,13483.0
2026-08-18,34,AE(IONIQ),299375851,C,76.0,,0,0.0,797,60584.2,531,40389.4,190,14424.8,152,11539.8,88,6688.0,1898,144248.0,475,36100.0,93,278,116,2317,176092.0,117,8892.0,4690,356440.0,241,265,178,13528.0
2026-08-18,34,AE(IONIQ),202774992,E,34.0,46.0,0,0.0,625,21234.4,416,14156.2,149,5055.8,119,4044.6,70,2380.0,1487,50558.0,372,12648.0,73,218,91,1815,61710.0,93,3162.0,3674,124916.0,159,175,292,9928.0
2026-08-18,34,NX4-PE(TUCSON),299373977,A/S,247.0,1050.0,0,0.0,221,54671.0,148,36447.3,53,13016.9,42,10413.5,177,43719.0,527,130169.0,132,32604.0,26,77,32,643,158821.0,234,57798.0,1302,321594.0,76,84,-174,-42978.0
2026-08-18,34,CN7(AVANTE),299922260,A/S,138.0,,0,0.0,327,45150.8,218,30100.6,78,10750.2,62,8600.2,224,30912.0,779,107502.0,195,26910.0,38,114,48,951,131238.0,296,40848.0,1925,265650.0,85,94,79,10902.0
2026-08-18,34,JX1,CA1859408A,A/S,53.0,195.0,0,0.0,176,9326.9,117,6218.0,42,2220.7,34,1776.6,139,7367.0,419,22207.0,105,5565.0,20,61,26,511,27083.0,184,9752.0,1035,54855.0,66,73,37,1961.0
2026-08-18,34,PAINT,206136214,원재료,135.0,155.0,314,42390.0,0,0.0,0,0.0,0,0.0,0,0.0,0,0.0,0,0.0,0,0.0,0,0,0,0,0.0,0,0.0,314,42390.0,0,0,-6,-810.0
2026-08-18,34,HG(GRANDUER),299748553,A/S,53.0,,0,0.0,226,11953.6,150,7969.1,54,2846.1,43,2276.9,166,8798.0,537,28461.0,134,7102.0,26,79,33,656,34768.0,220,11660.0,1327,70331.0,110,121,123,6519.0
2026-08-18,34,TM,299742492,A/S,12.0,36.0,0,0.0,57,685.4,38,457.0,14,163.2,11,130.6,42,504.0,136,1632.0,34,408.0,7,20,8,166,1992.0,56,672.0,336,4032.0,18,20,30,360.0
2026-08-18,34,JF(K5),299931440,A/S,27.0,,0,0.0,61,1655.6,41,1103.8,15,394.2,12,315.4,55,1485.0,146,3942.0,36,972.0,7,21,9,178,4806.0,73,1971.0,360,9720.0,17,19,11,297.0
2026-08-18,34,AE-PE(IONIQ),299987322,A/S,41.0,,0,0.0,59,2428.0,39,1618.7,14,578.1,11,462.5,51,2091.0,141,5781.0,35,1435.0,7,21,9,172,7052.0,68,2788.0,348,14268.0,18,20,-19,-779.0
2026-08-18,34,PAINT,299339689,원재료,40.0,37.0,199,7960.0,0,0.0,0,0.0,0,0.0,0,0.0,0,0.0,0,0.0,0,0.0,0,0,0,0,0.0,0,0.0,199,7960.0,0,0,14,560.0
2026-08-18,34,M-300,299622817,A/S,,,0,0.0,239,15321.6,160,10214.4,57,3648.0,46,2918.4,207,13248.0,570,36480.0,143,9152.0,28,84,35,696,44544.0,273,17472.0,1409,90176.0,110,121,-65,-4160.0
2026-08-18,34,TQ(STAREX),299510182,A/S,51.0,,0,0.0,255,13001.9,170,8668.0,61,3095.7,49,2476.6,203,10353.0,607,30957.0,152,7752.0,30,89,37,741,37791.0,269,13719.0,1500,76500.0,67,74,25,1275.0
2026-08-18,34,NX4-PE(TUCSON),299444111,A/S,171.0,510.0,0,0.0,803,137319.8,535,91546.6,191,32695.2,153,26156.2,597,102087.0,1912,326952.0,478,81738.0,93,280,117,2334,399114.0,791,135261.0,4724,807804.0,226,249,-175,-29925.0
2026-08-18,34,"SX2(KONA,HMC)",299431646,A/S,24.0,85.0,0,0.0,34,826.6,23,551.0,8,196.8,7,157.4,25,600.0,82,1968.0,20,480.0,4,12,5,100,2400.0,33,792.0,202,4848.0,10,11,-3,-72.0
2026-08-18,34,YP(CARNIVAL),CA5647518E,A/S,126.0,537.0,0,0.0,357,45034.9,238,30023.3,85,10722.6,68,8578.1,275,34650.0,851,107226.0,213,26838.0,42,125,52,1039,130914.0,365,45990.0,2103,264978.0,0,178,-9,-1134.0
2026-08-18,34,CK(STINGER),202665145,A/S,239.0,1009.0,0,0.0,325,77694.1,217,51796.1,77,18498.6,62,14798.9,240,57360.0,774,184986.0,193,46127.0,38,113,47,944,225616.0,318,76002.0,1911,456729.0,102,112,10,2390.0
2026-08-18,34,QL(TUCSON),299810108,A/S,89.0,351.0,0,0.0,326,28969.5,217,19313.0,78,6897.5,62,5518.0,232,20648.0,775,68975.0,194,17266.0,38,114,47,946,84194.0,308,27412.0,1915,170435.0,61,67,219,19491.0
2026-08-18,34,OS(KONA),202163900,A/S,95.0,475.0,0,0.0,87,8299.2,58,5532.8,21,1976.0,17,1580.8,70,6650.0,208,19760.0,52,4940.0,10,30,13,254,24130.0,92,8740.0,514,48830.0,32,35,0,0.0
2026-08-18,34,SM,CA8030886B,A/S,82.0,373.0,0,0.0,412,33751.2,274,22500.8,98,8036.0,78,6428.8,313,25666.0,980,80360.0,245,20090.0,48,144,60,1196,98072.0,415,34030.0,2421,198522.0,138,152,-148,-12136.0
2026-08-18,34,DH(G80),299665428,E,40.0,,0,0.0,1257,50265.6,838,33510.4,299,11968.0,239,9574.4,172,6880.0,2992,119680.0,748,29920.0,146,438,183,3651,146040.0,228,9120.0,7391,295640.0,504,554,-1572,-62880.0
2026-08-18,34,DN8(SONATA),299633177,A/S,115.0,415.0,0,0.0,152,17532.9,102,11688.6,36,4174.5,29,3339.6,128,14720.0,363,41745.0,91,10465.0,18,53,22,443,50945.0,170,19550.0,897,103155.0,60,66,-141,-16215.0
2026-08-18,34,RG3(K9),206949141,,116.0,493.0,0,0.0,228,26406.2,152,17604.2,54,6287.2,43,5029.8,178,20648.0,542,62872.0,136,15776.0,26,79,33,662,76792.0,236,27376.0,1340,155440.0,65,72,-62,-7192.0
2026-08-18,34,AE(IONIQ),299186640,A/S,34.0,,0,0.0,59,2013.5,39,1342.3,14,479.4,11,383.5,45,1530.0,141,4794.0,35,1190.0,7,21,9,172,5848.0,60,2040.0,348,11832.0,17,19,-6,-204.0
2026-08-18,34,TQ(STAREX),299486798,,41.0,114.0,0,0.0,94,3840.1,62,2560.0,22,914.3,18,731.4,71,2911.0,223,9143.0,56,2296.0,11,33,14,273,11193.0,95,3895.0,552,22632.0,30,33,56,2296.0
2026-08-18,34,RESIN,206123440,원재료,49.0,58.0,919,45031.0,0,0.0,0,0.0,0,0.0,0,0.0,0,0.0,0,0.0,0,0.0,0,0,0,0,0.0,0,0.0,919,45031.0,0,0,-34,-1666.0
2026-08-18,34,TQ(STAREX),201582134,A/S,34.0,151.0,0,0.0,6,199.9,4,133.3,1,47.6,1,38.1,5,170.0,14,476.0,4,136.0,1,2,1,18,612.0,6,204.0,36,1224.0,2,2,-1,-34.0
2026-08-18,34,TM,202610017,A/S,27.0,,0,0.0,220,5953.5,147,3969.0,52,1417.5,42,1134.0,166,4482.0,525,14175.0,131,3537.0,26,77,32,641,17307.0,220,5940.0,1297,35019.0,62,68,123,3321.0
2026-08-18,34,AE(IONIQ),206731354,A/S,39.0,137.0,0,0.0,78,3030.3,52,2020.2,18,721.5,15,577.2,63,2457.0,185,7215.0,46,1794.0,9,27,11,225,8775.0,84,3276.0,456,17784.0,18,20,-28,-1092.0
2026-08-18,34,YP(CARNIVAL),299549128,B,,72.0,0,0.0,1010,64619.5,673,43079.7,240,15385.6,192,12308.5,120,7680.0,2404,153856.0,601,38464.0,117,352,147,2934,187776.0,159,10176.0,5939,380096.0,198,218,-136,-8704.0
2026-08-18,34,HG(GRANDUER),299390423,B,61.0,,0,0.0,346,21085.3,230,14056.8,82,5020.3,66,4016.2,33,2013.0,823,50203.0,206,12566.0,40,120,50,1004,61244.0,44,2684.0,2033,124013.0,130,143,37,2257.0
2026-08-18,34,HG(GRANDUER),299279531,A/S,140.0,570.0,0,0.0,304,42571.2,203,28380.8,72,10136.0,58,8108.8,251,35140.0,724,101360.0,181,25340.0,35,106,44,884,123760.0,333,46620.0,1789,250460.0,98,108,82,11480.0
2026-08-18,34,SP2(SORENTO),206439709,A/S,7.0,22.0,0,0.0,13,94.1,9,62.7,3,22.4,3,17.9,12,84.0,32,224.0,8,56.0,2,5,2,39,273.0,15,105.0,79,553.0,4,4,8,56.0
2026-08-18,34,MX5(SANTAFE),299700325,,38.0,,0,0.0,157,5969.0,105,3979.4,37,1421.2,30,1137.0,117,4446.0,374,14212.0,94,3572.0,18,55,23,457,17366.0,155,5890.0,925,35150.0,45,50,10,380.0
2026-08-18,34,PAINT,618W91145,원재료,26.0,27.0,2325,60450.0,0,0.0,0,0.0,0,0.0,0,0.0,0,0.0,0,0.0,0,0.0,0,0,0,0,0.0,0,0.0,2325,60450.0,0,0,437,11362.0
2026-08-18,34,TQ(STAREX),299426425,A/S,57.0,,0,0.0,198,11275.7,132,7517.2,47,2684.7,38,2147.8,156,8892.0,471,26847.0,118,6726.0,23,69,29,575,32775.0,207,11799.0,1164,66348.0,58,64,39,2223.0
2026-08-18,34,HG(GRANDUER),299841668,A/S,37.0,,0,0.0,65,2393.2,43,1595.4,15,569.8,12,455.8,49,1813.0,154,5698.0,38,1406.0,8,23,9,188,6956.0,64,2368.0,380,14060.0,21,23,9,333.0
2026-08-18,34,AE-PE(IONIQ),206367501,A/S,74.0,294.0,0,0.0,252,18616.9,168,12411.3,60,4432.6,48,3546.1,189,13986.0,599,44326.0,150,11100.0,29,88,37,731,54094.0,250,18500.0,1480,109520.0,100,110,12,888.0
2026-08-18,34,"SX2(KONA,HMC)",206882768,A/S,47.0,,0,0.0,219,10304.3,146,6869.5,52,2453.4,42,1962.7,161,7567.0,522,24534.0,130,6110.0,25,76,32,637,29939.0,213,10011.0,1289,60583.0,58,64,83,3901.0
2026-08-18,34,AE(IONIQ),299429892,B,59.0,59.0,0,0.0,538,31743.2,359,21162.1,128,7557.9,102,6046.3,60,3540.0,1281,75579.0,320,18880.0,63,188,78,1563,92217.0,80,4720.0,3164,186676.0,205,226,61,3599.0
2026-08-18,34,AD-100,299627481,A/S,32.0,130.0,0,0.0,78,2486.4,52,1657.6,18,592.0,15,473.6,59,1888.0,185,5920.0,46,1472.0,9,27,11,225,7200.0,79,2528.0,456,14592.0,29,32,-16,-512.0
2026-08-18,34,SM,299684313,E,149.0,,0,0.0,2520,375417.4,1680,250278.3,600,89385.1,480,71508.1,291,43359.0,5999,893851.0,1500,223500.0,293,879,366,7323,1091127.0,386,57514.0,14822,2208478.0,563,619,-508,-75692.0
2026-08-18,34,SM,206585347,A/S,62.0,281.0,0,0.0,235,14582.4,157,9721.6,56,3472.0,45,2777.6,177,10974.0,560,34720.0,140,8680.0,27,82,34,684,42408.0,235,14570.0,1384,85808.0,53,58,59,3658.0
2026-08-18,34,JF(K5),299227544,B,319.0,475.0,0,0.0,1962,625954.6,1308,417303.0,467,149036.8,374,119229.4,210,66990.0,4672,1490368.0,1168,372592.0,228,684,285,5702,1818938.0,279,89001.0,11542,3681898.0,514,565,339,108141.0
2026-08-18,34,AD-100,206142608,A/S,121.0,432.0,0,0.0,187,22665.7,125,15110.5,45,5396.6,36,4317.3,142,17182.0,446,53966.0,111,13431.0,22,65,27,544,65824.0,189,22869.0,1101,133221.0,78,86,12,1452.0
2026-08-18,34,CK(STINGER),299498239,A/S,17.0,57.0,0,0.0,47,792.5,31,528.4,11,188.7,9,151.0,38,646.0,111,1887.0,28,476.0,5,16,7,136,2312.0,50,850.0,275,4675.0,19,21,25,425.0
2026-08-18,34,ON(TELLURIDE),299858158,A/S,22.0,93.0,0,0.0,11,249.5,8,166.3,3,59.4,2,47.5,9,198.0,27,594.0,7,154.0,1,4,2,34,748.0,12,264.0,68,1496.0,3,3,1,22.0
2026-08-18,34,RESIN,299623166,원재료,42.0,47.0,4023,168966.0,0,0.0,0,0.0,0,0.0,0,0.0,0,0.0,0,0.0,0,0.0,0,0,0,0,0.0,0,0.0,4023,168966.0,0,0,5,210.0
2026-08-18,34,ON(TELLURIDE),299745515,A/S,34.0,150.0,0,0.0,54,1827.8,36,1218.6,13,435.2,10,348.2,44,1496.0,128,4352.0,32,1088.0,6,19,8,157,5338.0,59,2006.0,317,10778.0,20,22,8,272.0
2026-08-18,34,PAINT,299303772,원재료,71.0,68.0,16251,1153821.0,0,0.0,0,0.0,0,0.0,0,0.0,0,0.0,0,0.0,0,0.0,0,0,0,0,0.0,0,0.0,16251,1153821.0,0,0,-365,-25915.0
2026-08-18,34,TM,206910765,A/S,59.0,,0,0.0,58,3444.4,39,2296.3,14,820.1,11,656.1,48,2832.0,139,8201.0,35,2065.0,7,20,8,170,10030.0,63,3717.0,344,20296.0,26,29,-22,-1298.0
2026-08-18,34,CN7(AVANTE),299410687,A/S,75.0,379.0,0,0.0,73,5481.0,49,3654.0,17,1305.0,14,1044.0,56,4200.0,174,13050.0,43,3225.0,8,25,11,212,15900.0,73,5475.0,429,32175.0,7,8,7,525.0
2026-08-18,34,PAINT,299498283,원재료,32.0,,4222,135104.0,0,0.0,0,0.0,0,0.0,0,0.0,0,0.0,0,0.0,0,0.0,0,0,0,0,0.0,0,0.0,4222,135104.0,0,0,302,9664.0
2026-08-18,34,ON(TELLURIDE),299188192,A/S,45.0,141.0,0,0.0,85,3817.8,57,2545.2,20,909.0,16,727.2,64,2880.0,202,9090.0,50,2250.0,10,30,12,247,11115.0,85,3825.0,499,22455.0,28,31,25,1125.0
2026-08-18,34,"SX2(KONA,HMC)",299138154,A/S,69.0,,0,0.0,10,724.5,7,483.0,2,172.5,2,138.0,7,483.0,25,1725.0,6,414.0,1,4,2,30,2070.0,9,621.0,61,4209.0,4,4,6,414.0
2026-08-18,34,PAINT,206199556,원재료,76.0,,7143,542868.0,0,0.0,0,0.0,0,0.0,0,0.0,0,0.0,0,0.0,0,0.0,0,0,0,0,0.0,0,0.0,7143,542868.0,0,0,784,59584.0
2026-08-18,34,TQ(STAREX),299106162,A/S,87.0,,0,0.0,24,2046.2,16,1364.2,6,487.2,4,389.8,20,1740.0,56,4872.0,14,1218.0,3,8,3,68,5916.0,27,2349.0,138,12006.0,7,8,-6,-522.0
2026-08-18,34,JF(K5),299544484,A/S,71.0,238.0,0,0.0,386,27434.4,258,18289.6,92,6532.0,74,5225.6,273,19383.0,920,65320.0,230,16330.0,45,135,56,1122,79662.0,362,25702.0,2272,161312.0,131,144,274,19454.0
2026-08-18,34,GN7(GRANDUER),299214941,A/S,259.0,954.0,0,0.0,441,114219.0,294,76146.0,105,27195.0,84,21756.0,329,85211.0,1050,271950.0,262,67858.0,51,154,64,1282,332038.0,436,112924.0,2594,671846.0,142,156,-62,-16058.0
2026-08-18,34,CK(STINGER),299297892,A/S,80.0,278.0,0,0.0,233,18614.4,155,12409.6,55,4432.0,44,3545.6,192,15360.0,554,44320.0,139,11120.0,27,81,34,1284,102752.0,254,20320.0,1977,158192.0,33,102,-183,-14640.0
2026-08-18,34,GN7(GRANDUER),202128026,A,132.0,155.0,0,0.0,766,101067.1,510,67378.1,182,24063.6,146,19250.9,93,12276.0,1823,240636.0,456,60192.0,89,267,111,2225,293700.0,123,16236.0,4504,594528.0,280,308,77,10164.0
2026-08-18,34,JX1,206753651,A/S,85.0,,0,0.0,205,17421.6,137,11614.4,49,4148.0,39,3318.4,159,13515.0,488,41480.0,122,10370.0,24,71,30,595,50575.0,211,17935.0,1205,102425.0,50,55,108,9180.0
2026-08-18,34,YP(CARNIVAL),206683706,A/S,31.0,,0,0.0,114,3541.4,76,2361.0,27,843.2,22,674.6,83,2573.0,272,8432.0,68,2108.0,13,40,17,332,10292.0,110,3410.0,672,20832.0,27,30,61,1891.0
2026-08-18,34,NX4-PE(TUCSON),299882340,D,26.0,,0,0.0,348,9052.7,232,6035.1,83,2155.4,66,1724.3,39,1014.0,829,21554.0,207,5382.0,40,121,51,1012,26312.0,51,1326.0,2048,53248.0,134,147,176,4576.0
2026-08-18,34,MX5(SANTAFE),299701516,A/S,40.0,176.0,0,0.0,80,3208.8,53,2139.2,19,764.0,15,611.2,61,2440.0,191,7640.0,48,1920.0,9,28,12,234,9360.0,80,3200.0,473,18920.0,36,40,5,200.0
2026-08-18,34,CK(STINGER),299912493,A/S,41.0,,0,0.0,10,413.3,7,275.5,2,98.4,2,78.7,8,328.0,24,984.0,6,246.0,1,3,1,29,1189.0,11,451.0,59,2419.0,5,6,-2,-82.0
2026-08-18,34,M-300,206997504,A/S,48.0,159.0,0,0.0,43,2076.5,29,1384.3,10,494.4,8,395.5,32,1536.0,103,4944.0,26,1248.0,5,15,6,125,6000.0,42,2016.0,254,12192.0,13,14,15,720.0
2026-08-18,34,DN8(SONATA),206426646,A/S,78.0,300.0,0,0.0,24,1867.3,16,1244.9,6,444.6,5,355.7,17,1326.0,57,4446.0,14,1092.0,3,8,4,70,5460.0,22,1716.0,141,10998.0,6,7,15,1170.0
2026-08-18,34,DN8(SONATA),206824724,A/S,118.0,396.0,0,0.0,263,31024.6,175,20683.0,63,7386.8,50,5909.4,195,23010.0,626,73868.0,156,18408.0,31,92,38,764,90152.0,258,30444.0,1546,182428.0,120,132,-59,-6962.0
2026-08-18,34,NX4-PE(TUCSON),299821695,A/S,,,0,0.0,193,12337.9,129,8225.3,46,2937.6,37,2350.1,146,9344.0,459,29376.0,115,7360.0,22,67,28,560,35840.0,193,12352.0,1134,72576.0,65,72,-34,-2176.0
2026-08-18,34,HG(GRANDUER),206428352,A/S,84.0,,0,0.0,283,23778.7,189,15852.5,67,5661.6,54,4529.3,236,19824.0,674,56616.0,169,14196.0,33,99,41,823,69132.0,312,26208.0,1666,139944.0,117,129,-4,-336.0
2026-08-18,34,CK(STINGER),299847403,A/S,,,0,0.0,462,29541.1,308,19694.1,110,7033.6,88,5626.9,332,21248.0,1099,70336.0,275,17600.0,54,161,67,1341,85824.0,441,28224.0,2715,173760.0,124,136,256,16384.0
2026-08-18,34,CN7(AVANTE),206681072,A/S,162.0,,0,0.0,142,23065.6,95,15377.0,34,5491.8,27,4393.4,108,17496.0,339,54918.0,85,13770.0,17,50,21,414,67068.0,143,23166.0,838,135756.0,45,50,12,1944.0
2026-08-18,34,AE(IONIQ),299647806,A/S,179.0,710.0,0,0.0,426,76232.5,284,50821.7,101,18150.6,81,14520.5,336,60144.0,1014,181506.0,254,45466.0,50,149,62,1238,221602.0,445,79655.0,2506,448574.0,134,147,-232,-41528.0
2026-08-18,34,VQ,299385990,A/S,78.0,,0,0.0,433,33775.6,289,22517.0,103,8041.8,82,6433.4,350,27300.0,1031,80418.0,258,20124.0,50,151,63,1259,98202.0,464,36192.0,2548,198744.0,175,193,0,0.0
2026-08-18,34,MX5(SANTAFE),299138727,E,55.0,67.0,0,0.0,649,35712.6,433,23808.4,155,8503.0,124,6802.4,70,3850.0,1546,85030.0,387,21285.0,75,226,94,1887,103785.0,93,5115.0,3820,210100.0,227,250,339,18645.0
2026-08-18,34,DH(G80),299840298,A/S,123.0,363.0,0,0.0,20,2428.0,13,1618.7,5,578.1,4,462.5,16,1968.0,47,5781.0,12,1476.0,2,7,3,57,7011.0,21,2583.0,116,14268.0,5,6,-3,-369.0
2026-08-18,34,VQ,202103387,A/S,35.0,142.0,0,0.0,89,3131.1,60,2087.4,21,745.5,17,596.4,78,2730.0,213,7455.0,53,1855.0,10,31,13,259,9065.0,104,3640.0,525,18375.0,23,25,-8,-280.0
2026-08-18,34,DN8(SONATA),201362052,A/S,48.0,171.0,0,0.0,45,2177.3,30,1451.5,11,518.4,9,414.7,37,1776.0,108,5184.0,27,1296.0,5,16,7,132,6336.0,49,2352.0,267,12816.0,13,14,-4,-192.0
2026-08-18,34,ON(TELLURIDE),201253911,A/S,28.0,94.0,0,0.0,105,2928.2,70,1952.2,25,697.2,20,557.8,79,2212.0,249,6972.0,62,1736.0,12,36,15,304,8512.0,105,2940.0,615,17220.0,25,28,-15,-420.0
2026-08-18,34,"SX2(KONA,HMC)",299359183,A/S,57.0,186.0,0,0.0,65,3686.8,43,2457.8,15,877.8,12,702.2,54,3078.0,154,8778.0,38,2166.0,8,23,9,188,10716.0,71,4047.0,380,21660.0,20,22,-36,-2052.0
2026-08-18,34,OS(KONA),CA9819154C,C,134.0,162.0,0,0.0,657,88021.9,438,58681.3,156,20957.6,125,16766.1,71,9514.0,1564,209576.0,391,52394.0,76,229,95,1909,255806.0,94,12596.0,3864,517776.0,0,235,-103,-13802.0
2026-08-18,34,SG2,299568956,D,123.0,164.0,0,0.0,168,20715.7,112,13810.4,40,4932.3,32,3945.8,20,2460.0,401,49323.0,100,12300.0,20,59,24,490,60270.0,26,3198.0,991,121893.0,56,62,-1,-123.0
2026-08-18,34,HG(GRANDUER),299924610,A/S,66.0,,0,0.0,335,22092.8,223,14728.6,80,5260.2,64,4208.2,260,17160.0,797,52602.0,199,13134.0,39,117,49,972,64152.0,345,22770.0,1968,129888.0,109,120,47,3102.0
2026-08-18,34,NX4-PE(TUCSON),299299778,A/S,41.0,166.0,0,0.0,129,5303.8,86,3535.8,31,1262.8,25,1010.2,94,3854.0,308,12628.0,77,3157.0,15,45,19,376,15416.0,125,5125.0,761,31201.0,56,62,144,5904.0
2026-08-18,34,GN7(GRANDUER),299305339,A/S,264.0,,0,0.0,335,88482.2,223,58988.2,80,21067.2,64,16853.8,257,67848.0,798,210672.0,200,52800.0,39,117,49,975,257400.0,341,90024.0,1973,520872.0,116,128,100,26400.0
2026-08-18,34,NX4-PE(TUCSON),202818718,A/S,,285.0,0,0.0,25,1585.9,17,1057.3,6,377.6,5,302.1,18,1152.0,59,3776.0,15,960.0,3,9,4,137,8755.2,24,1536.0,211,13491.2,3,9,10,640.0
2026-08-18,34,TM,202808638,A/S,246.0,546.0,0,0.0,539,132559.6,359,88373.0,128,31561.8,103,25249.4,351,86346.0,1283,315618.0,321,78966.0,63,188,78,1566,385236.0,465,114390.0,3170,779820.0,169,186,178,43788.0
2026-08-18,34,TQ(STAREX),299355603,A/S,20.0,,0,0.0,60,1201.2,40,800.8,14,286.0,11,228.8,51,1020.0,143,2860.0,36,720.0,7,21,9,174,3480.0,68,1360.0,353,7060.0,26,29,9,180.0
2026-08-18,34,PAINT,299829288,원재료,97.0,81.0,10812,1048764.0,0,0.0,0,0.0,0,0.0,0,0.0,0,0.0,0,0.0,0,0.0,0,0,0,0,0.0,0,0.0,10812,1048764.0,0,0,120,11640.0
2026-08-18,34,VQ,299735506,A/S,66.0,189.0,0,0.0,150,9868.3,100,6578.9,36,2349.6,28,1879.7,120,7920.0,356,23496.0,89,5874.0,17,52,22,434,28644.0,160,10560.0,879,58014.0,64,70,25,1650.0
2026-08-18,34,SP2(SORENTO),299579648,A/S,231.0,788.0,0,0.0,504,116327.0,336,77551.3,120,27696.9,96,22157.5,369,85239.0,1199,276969.0,300,69300.0,59,176,73,1464,338184.0,489,112959.0,2963,684453.0,88,97,-69,-15939.0
2026-08-18,34,DH(G80),299330768,A/S,60.0,236.0,0,0.0,70,4208.4,47,2805.6,17,1002.0,13,801.6,57,3420.0,167,10020.0,42,2520.0,8,24,10,204,12240.0,75,4500.0,413,24780.0,17,19,-30,-1800.0
2026-08-18,34,AE(IONIQ),299120318,A/S,57.0,217.0,0,0.0,32,1795.5,21,1197.0,8,427.5,6,342.0,24,1368.0,75,4275.0,19,1083.0,4,11,5,92,5244.0,32,1824.0,186,10602.0,10,11,26,1482.0
2026-08-18,34,PAINT,299171405,원재료,44.0,45.0,1480,65120.0,0,0.0,0,0.0,0,0.0,0,0.0,0,0.0,0,0.0,0,0.0,0,0,0,0,0.0,0,0.0,1480,65120.0,0,0,29,1276.0
2026-08-18,34,ON(TELLURIDE),299302820,D,158.0,143.0,0,0.0,1174,185476.2,783,123650.8,280,44161.0,224,35328.8,131,20698.0,2795,441610.0,699,110442.0,136,409,171,3412,539096.0,174,27492.0,6906,1091148.0,355,391,-217,-34286.0
2026-08-18,34,LX2(PALISADE),299512804,A/S,70.0,213.0,0,0.0,7,470.4,4,313.6,2,112.0,1,89.6,5,350.0,16,1120.0,4,280.0,1,2,1,20,1400.0,7,490.0,40,2800.0,2,2,-2,-140.0
2026-08-18,34,LX2(PALISADE),299715544,A/S,33.0,115.0,0,0.0,239,7900.2,160,5266.8,57,1881.0,46,1504.8,182,6006.0,570,18810.0,142,4686.0,28,83,35,695,22935.0,241,7953.0,1407,46431.0,70,77,122,4026.0
2026-08-18,34,SP2(SORENTO),299109987,A/S,34.0,144.0,0,0.0,39,1313.8,26,875.8,9,312.8,7,250.2,30,1020.0,92,3128.0,23,782.0,5,14,6,113,3842.0,40,1360.0,228,7752.0,17,19,1,34.0
2026-08-18,34,JF(K5),299767956,A/S,108.0,402.0,0,0.0,270,29166.5,180,19444.3,64,6944.4,51,5555.5,207,22356.0,643,69444.0,161,17388.0,31,94,39,785,84780.0,274,29592.0,1589,171612.0,70,77,126,13608.0
2026-08-18,34,DH(G80),299566235,A/S,183.0,697.0,0,0.0,728,133275.2,486,88850.2,173,31732.2,139,25385.8,547,100101.0,1734,317322.0,433,79239.0,85,254,106,2116,387228.0,726,132858.0,4283,783789.0,176,194,-356,-65148.0
2026-08-18,34,JB,206590976,A/S,60.0,235.0,0,0.0,25,1486.8,17,991.2,6,354.0,5,283.2,19,1140.0,59,3540.0,15,900.0,3,9,4,72,4320.0,25,1500.0,146,8760.0,11,12,0,0.0
2026-08-18,34,TM,299807030,E,178.0,197.0,0,0.0,1519,270406.9,1013,180271.3,362,64382.6,289,51506.1,171,30438.0,3617,643826.0,904,160912.0,177,530,221,4415,785870.0,227,40406.0,8936,1590608.0,491,540,-186,-33108.0
2026-08-18,34,MX5(SANTAFE),299276692,A/S,84.0,212.0,0,0.0,133,11148.5,88,7432.3,32,2654.4,25,2123.5,113,9492.0,316,26544.0,79,6636.0,15,46,19,386,32424.0,150,12600.0,781,65604.0,46,51,3,252.0
2026-08-18,34,OS(KONA),299573137,A/S,126.0,,0,0.0,199,25084.1,133,16722.7,47,5972.4,38,4777.9,146,18396.0,474,59724.0,118,14868.0,23,69,29,578,72828.0,194,24444.0,1170,147420.0,67,74,73,9198.0
2026-08-18,34,DH(G80),299663814,A/S,31.0,75.0,0,0.0,39,1223.9,26,815.9,9,291.4,8,233.1,32,992.0,94,2914.0,23,713.0,5,14,6,114,3534.0,43,1333.0,231,7161.0,11,12,8,248.0
2026-08-18,34,ON(TELLURIDE),299771755,A/S,95.0,474.0,0,0.0,487,46244.1,325,30829.4,116,11010.5,93,8808.4,395,37525.0,1159,110105.0,290,27550.0,57,170,71,2688,255407.5,524,49780.0,4137,393062.5,65,204,28,2660.0
2026-08-18,34,NX4-PE(TUCSON),206364395,D,186.0,224.0,0,0.0,2699,501999.1,1799,334666.1,643,119523.6,514,95618.9,293,54498.0,6426,1195236.0,1607,298902.0,314,941,392,7844,1458984.0,389,72354.0,15877,2953122.0,850,935,634,117924.0
2026-08-18,34,"SX2(KONA,HMC)",299800264,A/S,,,0,0.0,159,10160.6,106,6773.8,38,2419.2,30,1935.4,126,8064.0,378,24192.0,94,6016.0,18,55,23,461,29504.0,167,10688.0,933,59712.0,37,41,28,1792.0
2026-08-18,34,CK(STINGER),299586990,C,103.0,,0,0.0,2194,225947.0,1462,150631.3,522,53796.9,418,43037.5,269,27707.0,5223,537969.0,1306,134518.0,255,765,319,6376,656728.0,356,36668.0,12905,1329215.0,772,849,-2286,-235458.0
2026-08-18,34,AE-PE(IONIQ),299554912,A/S,185.0,,0,0.0,1557,288111.6,1038,192074.4,371,68598.0,297,54878.4,1125,208125.0,3708,685980.0,927,171495.0,181,543,226,4526,837310.0,1492,276020.0,9161,1694785.0,458,504,485,89725.0
2026-08-18,34,SG2,202464064,A/S,279.0,1055.0,0,0.0,733,204479.1,489,136319.4,174,48685.5,140,38948.4,570,159030.0,1745,486855.0,436,121644.0,85,256,106,2130,594270.0,755,210645.0,4311,1202769.0,220,242,-334,-93186.0
2026-08-18,34,DH(G80),299151732,A/S,61.0,241.0,0,0.0,41,2485.1,27,1656.8,10,591.7,8,473.4,31,1891.0,97,5917.0,24,1464.0,5,14,6,224,13676.2,41,2501.0,345,21057.2,4,12,2,122.0
2026-08-18,34,M-300,206939805,A/S,39.0,162.0,0,0.0,126,4914.0,84,3276.0,30,1170.0,24,936.0,106,4134.0,300,11700.0,75,2925.0,15,44,18,366,14274.0,141,5499.0,741,28899.0,47,52,-40,-1560.0
2026-08-18,34,AE(IONIQ),299839730,E,,219.0,0,0.0,695,44486.4,463,29657.6,166,10592.0,132,8473.6,82,5248.0,1655,105920.0,414,26496.0,81,242,101,2020,129280.0,109,6976.0,4089,261696.0,324,356,-332,-21248.0
2026-08-18,34,AD-100,206771979,A/S,44.0,,0,0.0,40,1755.6,27,1170.4,10,418.0,8,334.4,30,1320.0,95,4180.0,24,1056.0,5,14,6,116,5104.0,40,1760.0,235,10340.0,12,13,4,176.0
2026-08-18,34,"SX2(KONA,HMC)",299250421,A/S,89.0,278.0,0,0.0,637,56705.5,425,37803.6,152,13501.3,121,10801.0,462,41118.0,1517,135013.0,379,33731.0,74,222,93,1852,164828.0,613,54557.0,3748,333572.0,207,228,-108,-9612.0
2026-08-18,34,DH(G80),299284332,C,52.0,54.0,0,0.0,768,39923.5,512,26615.7,183,9505.6,146,7604.5,98,5096.0,1828,95056.0,457,23764.0,89,268,112,2231,116012.0,130,6760.0,4516,234832.0,379,417,129,6708.0
2026-08-18,34,CK(STINGER),299841290,E,81.0,84.0,0,0.0,936,75830.6,624,50553.7,223,18054.9,178,14443.9,106,8586.0,2229,180549.0,557,45117.0,109,327,136,2721,220401.0,140,11340.0,5507,446067.0,258,284,-513,-41553.0
2026-08-18,34,SP2(SORENTO),299327861,E,182.0,192.0,0,0.0,1155,210210.0,770,140140.0,275,50050.0,220,40040.0,134,24388.0,2750,500500.0,688,125216.0,134,403,168,3357,610974.0,177,32214.0,6795,1236690.0,293,322,-2,-364.0
2026-08-18,34,RG3(K9),206380888,C,34.0,,0,0.0,103,3498.6,69,2332.4,24,833.0,20,666.4,12,408.0,245,8330.0,61,2074.0,12,36,15,299,10166.0,15,510.0,605,20570.0,44,48,-15,-510.0
2026-08-18,34,CN7(AVANTE),CA8655454A,A/S,129.0,334.0,0,0.0,617,79536.2,411,53024.2,147,18937.2,117,15149.8,511,65919.0,1468,189372.0,367,47343.0,72,215,90,1792,231168.0,677,87333.0,3627,467883.0,208,229,-138,-17802.0
2026-08-18,34,EG,299299118,A/S,35.0,,0,0.0,53,1852.2,35,1234.8,13,441.0,10,352.8,42,1470.0,126,4410.0,32,1120.0,6,18,8,154,5390.0,55,1925.0,312,10920.0,18,20,25,875.0
2026-08-18,34,QL(TUCSON),299503232,,34.0,,0,0.0,67,2284.8,45,1523.2,16,544.0,13,435.2,54,1836.0,160,5440.0,40,1360.0,8,23,10,195,6630.0,72,2448.0,395,13430.0,21,23,32,1088.0
2026-08-18,34,CN7(AVANTE),299706685,A/S,110.0,,0,0.0,241,26518.8,161,17679.2,57,6314.0,46,5051.2,175,19250.0,574,63140.0,144,15840.0,28,84,35,701,77110.0,233,25630.0,1419,156090.0,75,82,178,19580.0
2026-08-18,34,SG2,299980761,A/S,15.0,57.0,0,0.0,106,1587.6,71,1058.4,25,378.0,20,302.4,87,1305.0,252,3780.0,63,945.0,12,37,15,308,4620.0,115,1725.0,623,9345.0,39,43,36,540.0
2026-08-18,34,ON(TELLURIDE),299810208,A/S,,147.0,0,0.0,39,2526.7,26,1684.5,9,601.6,8,481.3,33,2112.0,94,6016.0,23,1472.0,5,14,6,115,7360.0,43,2752.0,232,14848.0,14,15,-3,-192.0
2026-08-18,34,TQ(STAREX),206921384,A/S,44.0,140.0,0,0.0,23,1016.4,15,677.6,6,242.0,4,193.6,18,792.0,55,2420.0,14,616.0,3,8,3,68,2992.0,24,1056.0,137,6028.0,6,7,-1,-44.0
2026-08-18,34,MX5(SANTAFE),299726802,E,60.0,78.0,0,0.0,50,2973.6,33,1982.4,12,708.0,9,566.4,6,360.0,118,7080.0,29,1740.0,6,17,7,143,8580.0,8,480.0,290,17400.0,18,20,-24,-1440.0
2026-08-18,34,M-300,201636948,B,142.0,179.0,0,0.0,1392,197647.0,928,131764.6,331,47058.8,265,37647.0,169,23998.0,3314,470588.0,828,117576.0,162,485,202,4045,574390.0,225,31950.0,8187,1162554.0,596,656,803,114026.0
2026-08-18,34,VQ,299872474,A/S,17.0,,0,0.0,6,107.1,4,71.4,2,25.5,1,20.4,5,85.0,15,255.0,4,68.0,1,2,1,18,306.0,6,102.0,37,629.0,1,1,3,51.0
2026-08-18,34,SM,299938510,A/S,67.0,252.0,0,0.0,365,24481.8,244,16321.2,87,5829.0,70,4663.2,316,21172.0,870,58290.0,217,14539.0,42,127,53,1062,71154.0,419,28073.0,2149,143983.0,88,97,40,2680.0
2026-08-18,34,AE(IONIQ),299454026,A/S,61.0,,0,0.0,62,3791.8,41,2527.8,15,902.8,12,722.2,49,2989.0,148,9028.0,37,2257.0,7,22,9,180,10980.0,65,3965.0,365,22265.0,19,21,-6,-366.0
2026-08-18,34,CV,299405624,A/S,38.0,124.0,0,0.0,47,1787.5,31,1191.7,11,425.6,9,340.5,38,1444.0,112,4256.0,28,1064.0,5,16,7,137,5206.0,51,1938.0,277,10526.0,21,23,-7,-266.0
2026-08-18,34,JF(K5),206683773,C,204.0,257.0,0,0.0,722,147283.9,481,98189.3,172,35067.6,138,28054.1,78,15912.0,1719,350676.0,430,87720.0,84,252,105,2098,427992.0,103,21012.0,4247,866388.0,286,315,205,41820.0
2026-08-18,34,QL(TUCSON),201111758,A/S,28.0,94.0,0,0.0,71,1975.7,47,1317.1,17,470.4,13,376.3,60,1680.0,168,4704.0,42,1176.0,8,25,10,206,5768.0,79,2212.0,416,11648.0,25,28,1,28.0
2026-08-18,34,JX1,203W62009,A/S,73.0,343.0,0,0.0,66,4844.3,44,3229.5,16,1153.4,13,922.7,56,4088.0,158,11534.0,39,2847.0,8,23,10,192,14016.0,74,5402.0,389,28397.0,25,28,-19,-1387.0
2026-08-18,34,SM,995W42218,A/S,,324.0,0,0.0,532,34030.1,354,22686.7,127,8102.4,101,6481.9,382,24448.0,1266,81024.0,317,20288.0,62,186,77,1546,98944.0,507,32448.0,3129,200256.0,246,271,315,20160.0
2026-08-18,34,RG3(K9),201540903,A/S,34.0,112.0,0,0.0,111,3769.9,74,2513.3,26,897.6,21,718.1,77,2618.0,264,8976.0,66,2244.0,13,39,16,322,10948.0,102,3468.0,652,22168.0,36,40,38,1292.0
2026-08-18,34,SM,299234792,E,27.0,22.0,0,0.0,103,2778.3,69,1852.2,24,661.5,20,529.2,15,405.0,245,6615.0,61,1647.0,12,36,15,300,8100.0,20,540.0,606,16362.0,28,31,-44,-1188.0
2026-08-18,34,SG2,299205098,C,67.0,82.0,0,0.0,373,24960.2,248,16640.1,89,5942.9,71,4754.3,42,2814.0,887,59429.0,222,14874.0,43,130,54,1083,72561.0,55,3685.0,2192,146864.0,122,134,-225,-15075.0
2026-08-18,34,CK(STINGER),299136252,A/S,277.0,,0,0.0,425,117852.4,284,78568.3,101,28060.1,81,22448.1,286,79222.0,1013,280601.0,253,70081.0,49,148,62,1237,342649.0,379,104983.0,2503,693331.0,111,122,87,24099.0
2026-08-18,34,OS(KONA),206132958,A/S,120.0,479.0,0,0.0,75,8971.2,50,5980.8,18,2136.0,14,1708.8,61,7320.0,178,21360.0,44,5280.0,9,26,11,217,26040.0,80,9600.0,439,52680.0,20,22,-31,-3720.0
2026-08-18,34,GN7(GRANDUER),299921719,D,54.0,72.0,0,0.0,215,11589.5,143,7726.3,51,2759.4,41,2207.5,28,1512.0,511,27594.0,128,6912.0,25,75,31,624,33696.0,37,1998.0,1263,68202.0,69,76,-95,-5130.0
2026-08-18,34,AD-100,CA9038911E,E,253.0,243.0,0,0.0,1412,357352.4,942,238234.9,336,85083.9,269,68067.1,160,40480.0,3363,850839.0,841,212773.0,164,492,205,4104,1038312.0,212,53636.0,8308,2101924.0,629,692,-900,-227700.0
2026-08-18,34,DN8(SONATA),202853540,E,54.0,64.0,0,0.0,63,3424.7,42,2283.1,15,815.4,12,652.3,8,432.0,151,8154.0,38,2052.0,7,22,9,185,9990.0,10,540.0,374,20196.0,19,21,-41,-2214.0
2026-08-18,34,JF(K5),299426387,A/S,36.0,,0,0.0,60,2177.3,40,1451.5,14,518.4,12,414.7,45,1620.0,144,5184.0,36,1296.0,7,21,9,176,6336.0,60,2160.0,356,12816.0,26,29,18,648.0
2026-08-18,34,DH(G80),299244094,A/S,,271.0,0,0.0,92,5859.8,61,3906.6,22,1395.2,17,1116.2,65,4160.0,218,13952.0,55,3520.0,11,32,13,267,17088.0,86,5504.0,540,34560.0,30,33,14,896.0
2026-08-18,34,M-300,299707342,A/S,73.0,339.0,0,0.0,233,17016.3,155,11344.2,56,4051.5,44,3241.2,178,12994.0,555,40515.0,139,10147.0,27,81,34,677,49421.0,236,17228.0,1371,100083.0,87,96,94,6862.0
2026-08-18,34,NX4-PE(TUCSON),299214388,A,62.0,102.0,0,0.0,349,21639.2,233,14426.2,83,5152.2,66,4121.8,41,2542.0,831,51522.0,208,12896.0,41,122,51,1015,62930.0,54,3348.0,2054,127348.0,132,145,-77,-4774.0
2026-08-18,34,TQ(STAREX),200894470,A/S,46.0,176.0,0,0.0,52,2415.0,35,1610.0,12,575.0,10,460.0,39,1794.0,125,5750.0,31,1426.0,6,18,8,153,7038.0,52,2392.0,309,14214.0,15,16,-17,-782.0
2026-08-18,34,OS(KONA),299346675,A/S,471.0,1538.0,0,0.0,2158,1016597.0,1439,677731.3,514,242046.9,411,193637.5,1814,854394.0,5139,2420469.0,1285,605235.0,251,753,314,6272,2954112.0,2404,1132284.0,12696,5979816.0,701,771,-593,-279303.0
2026-08-18,34,HG(GRANDUER),299118739,A/S,26.0,111.0,0,0.0,52,1365.0,35,910.0,12,325.0,10,260.0,40,1040.0,125,3250.0,31,806.0,6,18,8,153,3978.0,53,1378.0,309,8034.0,17,19,-23,-598.0
2026-08-18,34,AD-100,299420455,A/S,70.0,272.0,0,0.0,108,7585.2,72,5056.8,26,1806.0,21,1444.8,78,5460.0,258,18060.0,65,4550.0,13,38,16,315,22050.0,103,7210.0,638,44660.0,41,45,35,2450.0
2026-08-18,34,TQ(STAREX),299157995,E,298.0,230.0,0,0.0,2523,751961.3,1682,501307.5,601,179038.4,481,143230.7,258,76884.0,6008,1790384.0,1502,447596.0,293,880,367,7333,2185234.0,342,101916.0,14843,4423214.0,1006,1107,94,28012.0
2026-08-18,34,ON(TELLURIDE),206732030,C,28.0,31.0,0,0.0,190,5315.5,127,3543.7,45,1265.6,36,1012.5,24,672.0,452,12656.0,113,3164.0,22,66,28,552,15456.0,32,896.0,1117,31276.0,60,66,24,672.0
2026-08-18,34,JB,299111569,A/S,181.0,,0,0.0,236,42723.2,157,28482.2,56,10172.2,45,8137.8,171,30951.0,562,101722.0,140,25340.0,27,82,34,686,124166.0,227,41087.0,1388,251228.0,100,110,-75,-13575.0
2026-08-18,34,TM,299787226,A/S,93.0,336.0,0,0.0,67,6249.6,45,4166.4,16,1488.0,13,1190.4,58,5394.0,160,14880.0,40,3720.0,8,24,10,196,18228.0,76,7068.0,396,36828.0,30,33,-9,-837.0
2026-08-18,34,AD-100,299100328,A/S,70.0,284.0,0,0.0,262,18375.0,175,12250.0,62,4375.0,50,3500.0,192,13440.0,625,43750.0,156,10920.0,31,92,38,763,53410.0,254,17780.0,1544,108080.0,69,76,-67,-4690.0
2026-08-18,34,PAINT,299421087,원재료,117.0,123.0,3479,407043.0,0,0.0,0,0.0,0,0.0,0,0.0,0,0.0,0,0.0,0,0.0,0,0,0,0,0.0,0,0.0,3479,407043.0,0,0,163,19071.0
2026-08-18,34,JF(K5),299232017,A/S,38.0,,0,0.0,15,558.6,10,372.4,4,133.0,3,106.4,11,418.0,35,1330.0,9,342.0,2,5,2,42,1596.0,15,570.0,86,3268.0,5,6,0,0.0
2026-08-18,34,CK(STINGER),299494741,A/S,41.0,173.0,0,0.0,105,4287.8,70,2858.5,25,1020.9,20,816.7,83,3403.0,249,10209.0,62,2542.0,12,36,15,304,12464.0,110,4510.0,615,25215.0,25,28,34,1394.0
2026-08-18,34,CN7(AVANTE),206520438,A/S,71.0,259.0,0,0.0,94,6649.9,62,4433.2,22,1583.3,18,1266.6,78,5538.0,223,15833.0,56,3976.0,11,33,14,273,19383.0,103,7313.0,552,39192.0,22,24,-1,-71.0
2026-08-18,34,ON(TELLURIDE),299653631,A/S,39.0,,0,0.0,174,6797.7,116,4531.8,42,1618.5,33,1294.8,134,5226.0,415,16185.0,104,4056.0,20,61,25,507,19773.0,178,6942.0,1026,40014.0,55,61,-48,-1872.0
2026-08-18,34,AE(IONIQ),299577850,A/S,28.0,,0,0.0,24,670.3,16,446.9,6,159.6,5,127.7,20,560.0,57,1596.0,14,392.0,3,8,4,70,1960.0,27,756.0,141,3948.0,10,11,-7,-196.0
2026-08-18,34,CV,299441549,A/S,,180.0,0,0.0,288,18412.8,192,12275.2,68,4384.0,55,3507.2,243,15552.0,685,43840.0,171,10944.0,33,100,42,837,53568.0,322,20608.0,1693,108352.0,86,95,41,2624.0
2026-08-18,34,MX5(SANTAFE),206448125,A/S,99.0,352.0,0,0.0,418,41372.1,279,27581.4,100,9850.5,80,7880.4,316,31284.0,995,98505.0,249,24651.0,49,146,61,1215,120285.0,419,41481.0,2459,243441.0,164,180,-49,-4851.0
2026-08-18,34,MX5(SANTAFE),206327070,A/S,27.0,,0,0.0,136,3685.5,91,2457.0,32,877.5,26,702.0,119,3213.0,325,8775.0,81,2187.0,16,48,20,396,10692.0,158,4266.0,802,21654.0,37,41,49,1323.0
2026-08-18,34,MX5(SANTAFE),299550698,A/S,82.0,,0,0.0,81,6612.5,54,4408.3,19,1574.4,15,1259.5,62,5084.0,192,15744.0,48,3936.0,9,28,12,234,19188.0,82,6724.0,474,38868.0,33,36,47,3854.0
2026-08-18,34,SP2(SORENTO),206354407,A/S,55.0,216.0,0,0.0,16,854.7,10,569.8,4,203.5,3,162.8,11,605.0,37,2035.0,9,495.0,2,5,2,45,2475.0,14,770.0,91,5005.0,5,6,-4,-220.0
2026-08-18,34,DH(G80),299989466,A/S,76.0,262.0,0,0.0,218,16566.5,145,11044.3,52,3944.4,42,3155.5,163,12388.0,519,39444.0,130,9880.0,25,76,32,633,48108.0,217,16492.0,1282,97432.0,42,46,-1,-76.0
2026-08-18,34,SM,299333633,D,164.0,166.0,0,0.0,2409,395095.7,1606,263397.1,574,94070.4,459,75256.3,256,41984.0,5736,940704.0,1434,235176.0,280,840,350,7001,1148164.0,340,55760.0,14171,2324044.0,784,862,-324,-53136.0
2026-08-18,34,AD-100,206580537,C,61.0,90.0,0,0.0,1166,71121.1,777,47414.1,278,16933.6,222,13546.9,139,8479.0,2776,169336.0,694,42334.0,136,407,169,3389,206729.0,185,11285.0,6859,418399.0,431,474,-950,-57950.0
2026-08-18,34,AKZO,206259510,원재료,64.0,68.0,7596,486144.0,0,0.0,0,0.0,0,0.0,0,0.0,0,0.0,0,0.0,0,0.0,0,0,0,0,0.0,0,0.0,7596,486144.0,0,0,666,42624.0
2026-08-18,34,DN8(SONATA),299471237,A/S,44.0,154.0,0,0.0,5,221.8,3,147.8,1,52.8,1,42.2,5,220.0,12,528.0,3,132.0,1,2,1,14,616.0,6,264.0,29,1276.0,2,2,-8,-352.0
2026-08-18,34,JF(K5),299702907,A/S,306.0,1244.0,0,0.0,141,43054.2,94,28702.8,34,10251.0,27,8200.8,97,29682.0,335,102510.0,84,25704.0,16,49,20,409,125154.0,128,39168.0,828,253368.0,57,63,47,14382.0
2026-08-18,34,JX1,299606305,E,44.0,70.0,0,0.0,126,5525.5,84,3683.7,30,1315.6,24,1052.5,15,660.0,299,13156.0,75,3300.0,15,44,18,364,16016.0,19,836.0,738,32472.0,43,47,95,4180.0
2026-08-18,34,M-300,299275403,A/S,,140.0,0,0.0,504,32256.0,336,21504.0,120,7680.0,96,6144.0,365,23360.0,1200,76800.0,300,19200.0,59,176,73,1465,93760.0,484,30976.0,2965,189760.0,192,211,309,19776.0
2026-08-18,34,VQ,202696600,A/S,69.0,,0,0.0,77,5303.3,51,3535.6,18,1262.7,15,1010.2,54,3726.0,183,12627.0,46,3174.0,9,27,11,223,15387.0,72,4968.0,452,31188.0,20,22,-1,-69.0
2026-08-18,34,JX1,299873037,A/S,121.0,,0,0.0,139,16821.4,93,11214.3,33,4005.1,26,3204.1,105,12705.0,331,40051.0,83,10043.0,16,48,20,404,48884.0,139,16819.0,818,98978.0,0,24,10,1210.0
2026-08-18,34,DN8(SONATA),CA3079377C,A/S,47.0,,0,0.0,209,9810.8,139,6540.5,50,2335.9,40,1868.7,162,7614.0,497,23359.0,124,5828.0,24,73,30,606,28482.0,214,10058.0,1227,57669.0,83,91,12,564.0
2026-08-18,34,ON(TELLURIDE),299501919,A/S,32.0,133.0,0,0.0,110,3521.3,73,2347.5,26,838.4,21,670.7,88,2816.0,262,8384.0,65,2080.0,13,38,16,320,10240.0,116,3712.0,647,20704.0,27,30,2,64.0
2026-08-18,34,RG3(K9),299787181,A/S,78.0,,0,0.0,572,44586.4,381,29724.2,136,10615.8,109,8492.6,429,33462.0,1361,106158.0,340,26520.0,66,199,83,1661,129558.0,568,44304.0,3362,262236.0,201,221,24,1872.0
2026-08-18,34,DH(G80),299358135,A/S,130.0,318.0,0,0.0,144,18782.4,96,12521.6,34,4472.0,28,3577.6,108,14040.0,344,44720.0,86,11180.0,17,50,21,420,54600.0,143,18590.0,850,110500.0,36,40,-10,-1300.0
2026-08-18,34,HG(GRANDUER),299326531,A/S,111.0,427.0,0,0.0,233,25874.1,155,17249.4,56,6160.5,44,4928.4,183,20313.0,555,61605.0,139,15429.0,27,81,34,677,75147.0,242,26862.0,1371,152181.0,71,78,4,444.0
2026-08-18,34,CV,206523742,A/S,39.0,149.0,0,0.0,157,6109.7,104,4073.2,37,1454.7,30,1163.8,122,4758.0,373,14547.0,93,3627.0,18,55,23,455,17745.0,161,6279.0,921,35919.0,45,50,-89,-3471.0
2026-08-18,34,AD-100,201918294,A/S,88.0,319.0,0,0.0,163,14377.4,109,9585.0,39,3423.2,31,2738.6,120,10560.0,389,34232.0,97,8536.0,19,57,24,474,41712.0,159,13992.0,960,84480.0,56,62,55,4840.0
2026-08-18,34,OS(KONA),299680015,A/S,32.0,136.0,0,0.0,43,1384.3,29,922.9,10,329.6,8,263.7,31,992.0,103,3296.0,26,832.0,5,15,6,126,4032.0,41,1312.0,255,8160.0,10,11,20,640.0
2026-08-18,34,SM,328W62236,A/S,229.0,904.0,0,0.0,987,225926.8,658,150617.9,235,53792.1,188,43033.7,741,169689.0,2349,537921.0,587,134423.0,115,344,143,2867,656543.0,982,224878.0,5803,1328887.0,361,397,-381,-87249.0
2026-08-18,34,JX1,299188395,D,235.0,291.0,0,0.0,6259,1470926.1,4173,980617.4,1490,350220.5,1192,280176.4,722,169670.0,14903,3502205.0,3726,875610.0,728,2183,910,18190,4274650.0,957,224895.0,36819,8652465.0,1193,1312,-1955,-459425.0
2026-08-18,34,NX4-PE(TUCSON),299667699,D,74.0,90.0,0,0.0,781,57808.8,521,38539.2,186,13764.0,149,11011.2,95,7030.0,1860,137640.0,465,34410.0,91,272,114,2270,167980.0,125,9250.0,4595,340030.0,313,344,-281,-20794.0
2026-08-18,34,M-300,299413357,A/S,46.0,,0,0.0,37,1719.5,25,1146.3,9,409.4,7,327.5,30,1380.0,89,4094.0,22,1012.0,4,13,5,108,4968.0,40,1840.0,219,10074.0,11,12,-18,-828.0
2026-08-18,34,LX2(PALISADE),206691574,A/S,110.0,325.0,0,0.0,458,50358.0,305,33572.0,109,11990.0,87,9592.0,373,41030.0,1090,119900.0,273,30030.0,53,160,67,1331,146410.0,494,54340.0,2694,296340.0,165,182,-164,-18040.0
2026-08-18,34,CV,299777327,A/S,,,0,0.0,150,9569.3,100,6379.5,36,2278.4,28,1822.7,136,8704.0,356,22784.0,89,5696.0,17,52,22,434,27776.0,180,11520.0,879,56256.0,63,69,-54,-3456.0
2026-08-18,34,TQ(STAREX),299984131,A/S,252.0,1013.0,0,0.0,1160,292435.9,774,194957.3,276,69627.6,221,55702.1,846,213192.0,2763,696276.0,691,174132.0,135,405,169,6409,1614992.4,1122,282744.0,9863,2485400.4,172,539,285,71820.0
2026-08-18,34,GN7(GRANDUER),299448895,A/S,,,0,0.0,76,4838.4,50,3225.6,18,1152.0,14,921.6,62,3968.0,180,11520.0,45,2880.0,9,26,11,220,14080.0,82,5248.0,445,28480.0,20,22,-17,-1088.0
2026-08-18,34,ON(TELLURIDE),299215395,A/S,49.0,,0,0.0,216,10578.1,144,7052.1,51,2518.6,41,2014.9,171,8379.0,514,25186.0,129,6321.0,25,75,31,628,30772.0,227,11123.0,1271,62279.0,63,69,-59,-2891.0
2026-08-18,34,TM,206530126,D,,,0,0.0,671,42954.2,447,28636.2,160,10227.2,128,8181.8,83,5312.0,1598,102272.0,399,25536.0,78,234,98,1950,124800.0,110,7040.0,3947,252608.0,204,224,-346,-22144.0
2026-08-18,34,EG,201384884,A/S,145.0,453.0,0,0.0,962,139521.9,641,93014.6,229,33219.5,183,26575.6,718,104110.0,2291,332195.0,573,83085.0,112,336,140,2796,405420.0,951,137895.0,5660,820700.0,373,410,303,43935.0
2026-08-18,34,HG(GRANDUER),299702333,A/S,130.0,475.0,0,0.0,424,55091.4,283,36727.6,101,13117.0,81,10493.6,347,45110.0,1009,131170.0,252,32760.0,49,148,62,1231,160030.0,460,59800.0,2492,323960.0,168,185,21,2730.0
2026-08-18,34,OS(KONA),299959201,D,63.0,,0,0.0,181,11430.7,121,7620.5,43,2721.6,35,2177.3,22,1386.0,432,27216.0,108,6804.0,21,63,26,528,33264.0,29,1827.0,1068,67284.0,72,79,-104,-6552.0
2026-08-18,34,QL(TUCSON),299761184,D,148.0,,0,0.0,1205,178399.2,804,118932.8,287,42476.0,230,33980.8,138,20424.0,2870,424760.0,717,106116.0,140,420,175,3503,518444.0,183,27084.0,7090,1049320.0,423,465,-472,-69856.0
2026-08-18,34,YP(CARNIVAL),202471552,D,61.0,76.0,0,0.0,1307,79703.8,871,53135.9,311,18977.1,249,15181.7,149,9089.0,3111,189771.0,778,47458.0,152,456,190,3797,231617.0,198,12078.0,7686,468846.0,469,516,-150,-9150.0
2026-08-18,34,VQ,299920322,A/S,37.0,117.0,0,0.0,127,4708.6,85,3139.1,30,1121.1,24,896.9,106,3922.0,303,11211.0,76,2812.0,15,44,18,370,13690.0,141,5217.0,749,27713.0,48,53,-54,-1998.0
2026-08-18,34,AE(IONIQ),299317551,A/S,52.0,180.0,0,0.0,129,6726.7,86,4484.5,31,1601.6,25,1281.3,102,5304.0,308,16016.0,77,4004.0,15,45,19,376,19552.0,136,7072.0,761,39572.0,44,48,12,624.0
2026-08-18,34,JX1,CA9106528B,E,39.0,38.0,0,0.0,315,12285.0,210,8190.0,75,2925.0,60,2340.0,40,1560.0,750,29250.0,187,7293.0,37,110,46,915,35685.0,54,2106.0,1852,72228.0,63,69,-181,-7059.0
2026-08-18,34,SP2(SORENTO),299581786,A/S,369.0,,0,0.0,606,223791.1,404,149194.1,144,53283.6,116,42626.9,422,155718.0,1444,532836.0,361,133209.0,71,212,88,1763,650547.0,560,206640.0,3568,1316592.0,259,285,-351,-129519.0
2026-08-18,34,DH(G80),299377954,A/S,24.0,87.0,0,0.0,205,4929.1,137,3286.1,49,1173.6,39,938.9,158,3792.0,489,11736.0,122,2928.0,24,72,30,597,14328.0,210,5040.0,1208,28992.0,58,64,121,2904.0
2026-08-18,34,SG2,299868799,A/S,52.0,,0,0.0,8,415.0,5,276.6,2,98.8,2,79.0,6,312.0,19,988.0,5,260.0,1,3,1,23,1196.0,8,416.0,47,2444.0,0,3,-8,-416.0
2026-08-18,34,MX5(SANTAFE),299635125,A/S,114.0,,0,0.0,39,4405.0,26,2936.6,9,1048.8,7,839.0,33,3762.0,92,10488.0,23,2622.0,4,13,6,112,12768.0,44,5016.0,227,25878.0,13,14,-33,-3762.0
2026-08-18,34,AE-PE(IONIQ),299677988,A/S,41.0,132.0,0,0.0,94,3874.5,63,2583.0,22,922.5,18,738.0,82,3362.0,225,9225.0,56,2296.0,11,33,14,275,11275.0,108,4428.0,556,22796.0,27,30,-11,-451.0
2026-08-18,34,SP2(SORENTO),201885841,A/S,256.0,,0,0.0,1722,440724.5,1148,293816.3,410,104934.4,328,83947.5,1235,316160.0,4099,1049344.0,1025,262400.0,200,600,250,5004,1281024.0,1638,419328.0,10128,2592768.0,464,510,-528,-135168.0
2026-08-18,34,AE(IONIQ),299719506,A,28.0,32.0,0,0.0,149,4163.0,99,2775.4,35,991.2,28,793.0,16,448.0,354,9912.0,88,2464.0,17,52,22,432,12096.0,21,588.0,874,24472.0,53,58,50,1400.0
2026-08-18,34,EG,299836687,A/S,46.0,,0,0.0,50,2299.1,33,1532.7,12,547.4,10,437.9,38,1748.0,119,5474.0,30,1380.0,6,17,7,145,6670.0,50,2300.0,294,13524.0,22,24,-20,-920.0
2026-08-18,34,TM,206514421,A/S,112.0,,0,0.0,655,73335.4,437,48890.2,156,17460.8,125,13968.6,480,53760.0,1559,174608.0,390,43680.0,76,228,95,1902,213024.0,636,71232.0,3851,431312.0,178,196,335,37520.0
2026-08-18,34,PAINT,299193022,원재료,48.0,,5325,255600.0,0,0.0,0,0.0,0,0.0,0,0.0,0,0.0,0,0.0,0,0.0,0,0,0,0,0.0,0,0.0,5325,255600.0,0,0,84,4032.0
2026-08-18,34,GN7(GRANDUER),202586453,A/S,186.0,791.0,0,0.0,736,136866.2,491,91244.2,175,32587.2,140,26069.8,568,105648.0,1752,325872.0,438,81468.0,86,257,107,2138,397668.0,753,140058.0,4328,805008.0,237,261,124,23064.0
2026-08-18,34,"SX2(KONA,HMC)",CA5527119B,D,59.0,81.0,0,0.0,335,19774.4,223,13183.0,80,4708.2,64,3766.6,40,2360.0,798,47082.0,199,11741.0,39,117,49,974,57466.0,54,3186.0,1971,116289.0,86,95,155,9145.0
2026-08-18,34,AE-PE(IONIQ),299391720,A/S,40.0,181.0,0,0.0,32,1260.0,21,840.0,8,300.0,6,240.0,28,1120.0,75,3000.0,19,760.0,4,11,5,91,3640.0,36,1440.0,185,7400.0,8,9,-9,-360.0
2026-08-18,34,SG2,299424654,A/S,28.0,89.0,0,0.0,24,670.3,16,446.9,6,159.6,5,127.7,20,560.0,57,1596.0,14,392.0,3,8,3,69,1932.0,27,756.0,140,3920.0,8,9,-4,-112.0
2026-08-18,34,MX5(SANTAFE),299941474,A/S,111.0,500.0,0,0.0,242,26899.7,162,17933.2,58,6404.7,46,5123.8,198,21978.0,577,64047.0,144,15984.0,28,84,35,704,78144.0,263,29193.0,1425,158175.0,75,82,18,1998.0
2026-08-18,34,OS(KONA),201578259,A,108.0,157.0,0,0.0,943,101833.2,629,67888.8,224,24246.0,180,19396.8,109,11772.0,2245,242460.0,561,60588.0,110,329,137,5206,562248.0,144,15552.0,8012,865296.0,140,439,467,50436.0
2026-08-18,34,CN7(AVANTE),141309129,D,202.0,,0,0.0,5787,1168925.5,3858,779283.7,1378,278315.6,1102,222652.5,670,135340.0,13778,2783156.0,3444,695688.0,673,2018,841,16817,3397034.0,887,179174.0,34039,6875878.0,2385,2624,-231,-46662.0
2026-08-18,34,EG,299192651,A/S,73.0,243.0,0,0.0,107,7787.6,71,5191.8,25,1854.2,20,1483.4,78,5694.0,254,18542.0,63,4599.0,12,37,16,310,22630.0,104,7592.0,627,45771.0,40,44,86,6278.0
2026-08-18,34,ON(TELLURIDE),299458342,E,32.0,37.0,0,0.0,42,1330.6,28,887.0,10,316.8,8,253.4,5,160.0,99,3168.0,25,800.0,5,15,6,121,3872.0,7,224.0,245,7840.0,19,21,-19,-608.0
2026-08-18,34,DN8(SONATA),299213186,A/S,43.0,,0,0.0,278,11955.7,185,7970.5,66,2846.6,53,2277.3,227,9761.0,662,28466.0,166,7138.0,32,97,40,808,34744.0,301,12943.0,1636,70348.0,78,86,27,1161.0
2026-08-18,34,RESIN,299786146,원재료,25.0,,2648,66200.0,0,0.0,0,0.0,0,0.0,0,0.0,0,0.0,0,0.0,0,0.0,0,0,0,0,0.0,0,0.0,2648,66200.0,0,0,127,3175.0
2026-08-18,34,AD-100,299544281,A/S,96.0,365.0,0,0.0,160,15321.6,106,10214.4,38,3648.0,30,2918.4,110,10560.0,380,36480.0,95,9120.0,19,56,23,464,44544.0,146,14016.0,939,90144.0,50,55,79,7584.0
2026-08-18,34,SG2,201573129,A/S,,291.0,0,0.0,72,4596.5,48,3064.3,17,1094.4,14,875.5,54,3456.0,171,10944.0,43,2752.0,8,25,10,208,13312.0,72,4608.0,422,27008.0,28,31,-34,-2176.0
2026-08-18,34,CV,299353032,E,50.0,54.0,0,0.0,990,49497.0,660,32998.0,236,11785.0,189,9428.0,115,5750.0,2357,117850.0,589,29450.0,115,345,144,2877,143850.0,152,7600.0,5823,291150.0,275,302,640,32000.0
2026-08-18,34,HG(GRANDUER),299678616,A/S,92.0,220.0,0,0.0,282,25927.4,188,17285.0,67,6173.2,54,4938.6,196,18032.0,671,61732.0,168,15456.0,33,98,41,820,75440.0,260,23920.0,1659,152628.0,128,141,129,11868.0
2026-08-18,34,RESIN,206552375,원재료,48.0,54.0,5722,274656.0,0,0.0,0,0.0,0,0.0,0,0.0,0,0.0,0,0.0,0,0.0,0,0,0,0,0.0,0,0.0,5722,274656.0,0,0,-86,-4128.0
2026-08-18,34,PAINT,206709451,원재료,109.0,,7483,815647.0,0,0.0,0,0.0,0,0.0,0,0.0,0,0.0,0,0.0,0,0.0,0,0,0,0,0.0,0,0.0,7483,815647.0,0,0,-206,-22454.0
2026-08-18,34,AKZO,299908273,원재료,113.0,144.0,17575,1985975.0,0,0.0,0,0.0,0,0.0,0,0.0,0,0.0,0,0.0,0,0.0,0,0,0,0,0.0,0,0.0,17575,1985975.0,0,0,957,108141.0
2026-08-18,34,TM,299338148,A/S,16.0,66.0,0,0.0,13,201.6,8,134.4,3,48.0,2,38.4,11,176.0,30,480.0,7,112.0,1,4,2,37,592.0,15,240.0,74,1184.0,5,6,-3,-48.0
2026-08-18,34,SG2,299186757,A/S,166.0,,0,0.0,591,98026.3,394,65350.9,141,23339.6,112,18671.7,442,73372.0,1406,233396.0,351,58266.0,69,206,86,1716,284856.0,586,97276.0,3473,576518.0,224,246,162,26892.0
2026-08-18,34,GN7(GRANDUER),299995666,A/S,62.0,,0,0.0,525,32576.0,350,21717.4,125,7756.2,100,6205.0,365,22630.0,1251,77562.0,313,19406.0,61,183,76,1527,94674.0,483,29946.0,3091,191642.0,140,154,191,11842.0
2026-08-18,34,JX1,299296991,A/S,105.0,390.0,0,0.0,163,17110.8,109,11407.2,39,4074.0,31,3259.2,131,13755.0,388,40740.0,97,10185.0,19,57,24,473,49665.0,174,18270.0,958,100590.0,53,58,0,0.0
2026-08-18,34,AE-PE(IONIQ),299798038,A/S,41.0,163.0,0,0.0,26,1067.6,17,711.8,6,254.2,5,203.4,20,820.0,62,2542.0,16,656.0,3,9,4,76,3116.0,27,1107.0,154,6314.0,9,10,-6,-246.0
2026-08-18,34,NX4-PE(TUCSON),299621370,A/S,94.0,,0,0.0,118,11133.4,79,7422.2,28,2650.8,23,2120.6,84,7896.0,282,26508.0,71,6674.0,14,41,17,344,32336.0,111,10434.0,697,65518.0,49,54,57,5358.0
2026-08-18,34,JX1,299960091,A/S,147.0,,0,0.0,181,26671.7,121,17781.1,43,6350.4,35,5080.3,139,20433.0,432,63504.0,108,15876.0,21,63,26,528,77616.0,184,27048.0,1068,156996.0,84,92,100,14700.0
2026-08-18,34,EG,299189581,A/S,53.0,215.0,0,0.0,213,11308.1,142,7538.7,51,2692.4,41,2153.9,176,9328.0,508,26924.0,127,6731.0,25,74,31,620,32860.0,234,12402.0,1255,66515.0,64,70,-121,-6413.0
2026-08-18,34,MX5(SANTAFE),299413174,A/S,,,0,0.0,176,11235.8,117,7490.6,42,2675.2,33,2140.2,135,8640.0,418,26752.0,104,6656.0,20,61,26,510,32640.0,179,11456.0,1032,66048.0,62,68,-75,-4800.0
2026-08-18,34,JF(K5),206732374,A/S,47.0,,0,0.0,454,21358.7,303,14239.1,108,5085.4,87,4068.3,366,17202.0,1082,50854.0,271,12737.0,53,159,66,1321,62087.0,485,22795.0,2674,125678.0,116,128,-94,-4418.0
2026-08-18,34,EG,CA9697238E,A/S,25.0,93.0,0,0.0,37,924.0,25,616.0,9,220.0,7,176.0,27,675.0,88,2200.0,22,550.0,4,13,5,108,2700.0,36,900.0,218,5450.0,13,14,22,550.0
2026-08-18,34,NX4-PE(TUCSON),206263510,A/S,19.0,79.0,0,0.0,202,3838.4,135,2558.9,48,913.9,38,731.1,157,2983.0,481,9139.0,120,2280.0,23,70,29,587,11153.0,208,3952.0,1188,22572.0,89,98,158,3002.0
2026-08-18,34,CN7(AVANTE),299338548,A/S,28.0,,0,0.0,61,1717.0,41,1144.6,15,408.8,12,327.0,53,1484.0,146,4088.0,37,1036.0,7,21,9,178,4984.0,70,1960.0,361,10108.0,19,21,3,84.0
2026-08-18,34,PAINT,CA6558569A,원재료,91.0,116.0,3401,309491.0,0,0.0,0,0.0,0,0.0,0,0.0,0,0.0,0,0.0,0,0.0,0,0,0,0,0.0,0,0.0,3401,309491.0,0,0,109,9919.0
2026-08-18,34,AKZO,299956526,원재료,32.0,39.0,11759,376288.0,0,0.0,0,0.0,0,0.0,0,0.0,0,0.0,0,0.0,0,0.0,0,0,0,0,0.0,0,0.0,11759,376288.0,0,0,-548,-17536.0
2026-08-18,34,GN7(GRANDUER),299903351,A/S,73.0,265.0,0,0.0,371,27103.4,248,18069.0,88,6453.2,71,5162.6,276,20148.0,884,64532.0,221,16133.0,43,129,54,1079,78767.0,366,26718.0,2184,159432.0,93,102,-72,-5256.0
2026-08-18,34,DN8(SONATA),206807123,A/S,,166.0,0,0.0,53,3413.8,36,2275.8,13,812.8,10,650.2,45,2880.0,127,8128.0,32,2048.0,6,19,8,155,9920.0,59,3776.0,314,20096.0,16,18,-7,-448.0
2026-08-18,34,JX1,299206999,A/S,47.0,180.0,0,0.0,87,4086.2,58,2724.1,21,972.9,17,778.3,73,3431.0,207,9729.0,52,2444.0,10,30,13,253,11891.0,97,4559.0,512,24064.0,29,32,37,1739.0
2026-08-18,34,NX4-PE(TUCSON),202235423,A/S,110.0,,0,0.0,394,43335.6,263,28890.4,94,10318.0,75,8254.4,290,31900.0,938,103180.0,234,25740.0,46,137,57,1144,125840.0,385,42350.0,2316,254760.0,123,135,33,3630.0
2026-08-18,34,PAINT,299605478,원재료,36.0,34.0,3017,108612.0,0,0.0,0,0.0,0,0.0,0,0.0,0,0.0,0,0.0,0,0.0,0,0,0,0,0.0,0,0.0,3017,108612.0,0,0,225,8100.0
2026-08-18,34,CV,299833386,A/S,52.0,204.0,0,0.0,264,13715.5,176,9143.7,63,3265.6,50,2612.5,204,10608.0,628,32656.0,157,8164.0,31,92,38,767,39884.0,270,14040.0,1552,80704.0,107,118,148,7696.0
2026-08-18,34,JX1,299638628,A/S,34.0,127.0,0,0.0,26,899.6,18,599.8,6,214.2,5,171.4,22,748.0,63,2142.0,16,544.0,3,9,4,77,2618.0,30,1020.0,156,5304.0,5,6,20,680.0
2026-08-18,34,RESIN,299292558,원재료,242.0,242.0,13695,3314190.0,0,0.0,0,0.0,0,0.0,0,0.0,0,0.0,0,0.0,0,0.0,0,0,0,0,0.0,0,0.0,13695,3314190.0,0,0,-2073,-501666.0
2026-08-18,34,HG(GRANDUER),299549515,A/S,,466.0,0,0.0,47,3010.6,31,2007.0,11,716.8,9,573.4,38,2432.0,112,7168.0,28,1792.0,5,16,7,137,8768.0,51,3264.0,277,17728.0,0,12,14,896.0
2026-08-18,34,AE(IONIQ),299491743,A/S,87.0,342.0,0,0.0,267,23239.4,178,15493.0,64,5533.2,51,4426.6,224,19488.0,636,55332.0,159,13833.0,31,93,39,776,67512.0,297,25839.0,1571,136677.0,102,112,-131,-11397.0
2026-08-18,34,NX4-PE(TUCSON),206558526,A/S,24.0,,0,0.0,84,2005.9,56,1337.3,20,477.6,16,382.1,69,1656.0,199,4776.0,50,1200.0,10,29,12,243,5832.0,91,2184.0,492,11808.0,29,32,87,2088.0
2026-08-18,34,ON(TELLURIDE),299715957,A/S,42.0,,0,0.0,184,7726.3,123,5150.9,44,1839.6,35,1471.7,125,5250.0,438,18396.0,110,4620.0,21,64,27,535,22470.0,165,6930.0,1083,45486.0,72,79,49,2058.0
2026-08-18,34,JF(K5),299376721,A/S,45.0,155.0,0,0.0,152,6822.9,101,4548.6,36,1624.5,29,1299.6,118,5310.0,361,16245.0,90,4050.0,18,53,22,440,19800.0,157,7065.0,891,40095.0,36,40,15,675.0
2026-08-18,34,RESIN,299512350,원재료,117.0,127.0,3609,422253.0,0,0.0,0,0.0,0,0.0,0,0.0,0,0.0,0,0.0,0,0.0,0,0,0,0,0.0,0,0.0,3609,422253.0,0,0,76,8892.0
2026-08-18,34,RG3(K9),299243933,A/S,88.0,,0,0.0,207,18221.3,138,12147.5,49,4338.4,39,3470.7,147,12936.0,493,43384.0,123,10824.0,24,72,30,602,52976.0,194,17072.0,1218,107184.0,60,66,99,8712.0
2026-08-18,34,ON(TELLURIDE),299545781,A/S,82.0,344.0,0,0.0,1051,86203.3,701,57468.9,250,20524.6,200,16419.7,743,60926.0,2503,205246.0,626,51332.0,122,367,153,3056,250592.0,985,80770.0,6185,507170.0,345,380,-70,-5740.0
2026-08-18,34,ON(TELLURIDE),202819935,A/S,89.0,,0,0.0,669,59509.0,446,39672.6,159,14168.8,127,11335.0,458,40762.0,1592,141688.0,398,35422.0,78,233,97,1943,172927.0,607,54023.0,3933,350037.0,218,240,534,47526.0
2026-08-18,34,TQ(STAREX),299606120,A,34.0,,0,0.0,80,2727.5,53,1818.3,19,649.4,15,519.5,10,340.0,191,6494.0,48,1632.0,9,28,12,233,7922.0,13,442.0,472,16048.0,28,31,-56,-1904.0
2026-08-18,34,ON(TELLURIDE),299904719,A/S,22.0,81.0,0,0.0,34,748.4,23,499.0,8,178.2,6,142.6,29,638.0,81,1782.0,20,440.0,4,12,5,99,2178.0,38,836.0,200,4400.0,12,13,-2,-44.0
2026-08-18,34,DH(G80),299544685,A/S,36.0,,0,0.0,55,1980.7,37,1320.5,13,471.6,10,377.3,46,1656.0,131,4716.0,33,1188.0,6,19,8,160,5760.0,60,2160.0,324,11664.0,14,15,0,0.0
2026-08-18,34,QL(TUCSON),299129686,A/S,19.0,73.0,0,0.0,34,638.4,22,425.6,8,152.0,6,121.6,25,475.0,80,1520.0,20,380.0,4,12,5,97,1843.0,33,627.0,197,3743.0,11,12,7,133.0
2026-08-18,34,SP2(SORENTO),299144208,D,,228.0,0,0.0,3,188.2,2,125.4,1,44.8,1,35.8,0,0.0,7,448.0,2,128.0,0,1,0,8,512.0,0,0.0,17,1088.0,1,1,-1,-64.0
2026-08-18,34,TQ(STAREX),299415857,A/S,63.0,,0,0.0,86,5424.3,57,3616.2,20,1291.5,16,1033.2,71,4473.0,205,12915.0,51,3213.0,10,30,12,250,15750.0,94,5922.0,506,31878.0,40,44,-16,-1008.0
2026-08-18,34,TQ(STAREX),299842914,E,118.0,,0,0.0,1579,186296.0,1053,124197.4,376,44356.2,301,35485.0,173,20414.0,3759,443562.0,940,110920.0,184,551,229,4588,541384.0,230,27140.0,9287,1095866.0,515,566,203,23954.0
2026-08-18,34,OS(KONA),299282881,A/S,81.0,402.0,0,0.0,57,4592.7,38,3061.8,14,1093.5,11,874.8,41,3321.0,135,10935.0,34,2754.0,7,20,8,165,13365.0,54,4374.0,334,27054.0,14,15,8,648.0
2026-08-18,34,QL(TUCSON),299782414,A/S,273.0,1040.0,0,0.0,773,211089.1,515,140726.0,184,50259.3,147,40207.4,568,155064.0,1841,502593.0,460,125580.0,90,270,112,2247,613431.0,753,205569.0,4548,1241604.0,262,288,-150,-40950.0
2026-08-18,34,CN7(AVANTE),299672094,A/S,35.0,,0,0.0,129,4498.2,86,2998.8,31,1071.0,24,856.8,102,3570.0,306,10710.0,76,2660.0,15,45,19,373,13055.0,136,4760.0,755,26425.0,41,45,-9,-315.0
2026-08-18,34,CV,299127322,A/S,101.0,,0,0.0,489,49376.9,326,32917.9,116,11756.4,93,9405.1,370,37370.0,1164,117564.0,291,29391.0,57,171,71,1421,143521.0,491,49591.0,2876,290476.0,132,145,131,13231.0
2026-08-18,34,AD-100,299786627,E,34.0,45.0,0,0.0,366,12452.2,244,8301.4,87,2964.8,70,2371.8,41,1394.0,872,29648.0,218,7412.0,43,128,53,1064,36176.0,54,1836.0,2154,73236.0,104,114,-65,-2210.0
2026-08-18,34,AE(IONIQ),206259530,A/S,108.0,,0,0.0,31,3311.3,20,2207.5,7,788.4,6,630.7,22,2376.0,73,7884.0,18,1944.0,4,11,4,89,9612.0,30,3240.0,180,19440.0,11,12,-8,-864.0
2026-08-18,34,HG(GRANDUER),206656084,C,14.0,,0,0.0,19,264.6,13,176.4,4,63.0,4,50.4,3,42.0,45,630.0,11,154.0,2,7,3,55,770.0,4,56.0,111,1554.0,5,6,-15,-210.0
2026-08-18,34,PAINT,299994390,원재료,57.0,61.0,3155,179835.0,0,0.0,0,0.0,0,0.0,0,0.0,0,0.0,0,0.0,0,0.0,0,0,0,0,0.0,0,0.0,3155,179835.0,0,0,155,8835.0
2026-08-18,34,ON(TELLURIDE),299319811,A/S,87.0,,0,0.0,75,6504.1,50,4336.1,18,1548.6,14,1238.9,56,4872.0,178,15486.0,45,3915.0,9,26,11,218,18966.0,75,6525.0,441,38367.0,26,29,6,522.0
2026-08-18,34,TQ(STAREX),299173718,A/S,231.0,,0,0.0,150,34733.2,100,23155.4,36,8269.8,29,6615.8,110,25410.0,358,82698.0,89,20559.0,17,52,22,437,100947.0,145,33495.0,884,204204.0,50,55,-21,-4851.0
2026-08-18,34,AD-100,299414733,E,64.0,74.0,0,0.0,394,25186.6,262,16791.0,94,5996.8,75,4797.4,49,3136.0,937,59968.0,234,14976.0,46,137,57,1144,73216.0,65,4160.0,2315,148160.0,102,112,-132,-8448.0
2026-08-18,34,TQ(STAREX),299975440,E,67.0,78.0,0,0.0,510,34162.0,340,22774.6,121,8133.8,97,6507.0,57,3819.0,1214,81338.0,303,20301.0,59,178,74,1481,99227.0,76,5092.0,2998,200866.0,181,199,74,4958.0
2026-08-18,34,QL(TUCSON),299957210,A/S,36.0,,0,0.0,30,1088.6,20,725.8,7,259.2,6,207.4,23,828.0,72,2592.0,18,648.0,4,11,4,88,3168.0,31,1116.0,178,6408.0,11,12,4,144.0
2026-08-18,34,DN8(SONATA),299240332,B,90.0,80.0,0,0.0,1631,146777.4,1087,97851.6,388,34947.0,311,27957.6,189,17010.0,3883,349470.0,971,87390.0,190,569,237,4739,426510.0,251,22590.0,9593,863370.0,639,703,-163,-14670.0
2026-08-18,34,AD-100,299502371,A/S,26.0,,0,0.0,79,2042.0,52,1361.4,19,486.2,15,389.0,63,1638.0,187,4862.0,47,1222.0,9,27,11,228,5928.0,84,2184.0,462,12012.0,27,30,8,208.0
2026-08-18,34,JB,299291446,A/S,31.0,,0,0.0,107,3320.1,71,2213.4,26,790.5,20,632.4,74,2294.0,255,7905.0,64,1984.0,12,37,16,311,9641.0,99,3069.0,630,19530.0,31,34,97,3007.0
2026-08-18,34,PAINT,299777589,원재료,46.0,57.0,16790,772340.0,0,0.0,0,0.0,0,0.0,0,0.0,0,0.0,0,0.0,0,0.0,0,0,0,0,0.0,0,0.0,16790,772340.0,0,0,1708,78568.0
2026-08-18,34,EG,202548645,A/S,37.0,,0,0.0,57,2097.9,38,1398.6,14,499.5,11,399.6,41,1517.0,135,4995.0,34,1258.0,7,20,8,164,6068.0,54,1998.0,333,12321.0,18,20,-1,-37.0
2026-08-18,34,LX2(PALISADE),206796169,D,48.0,57.0,0,0.0,898,43081.9,598,28721.3,214,10257.6,171,8206.1,115,5520.0,2137,102576.0,534,25632.0,104,313,130,2609,125232.0,153,7344.0,5280,253440.0,312,343,-167,-8016.0
2026-08-18,34,VQ,206787671,E,21.0,23.0,0,0.0,89,1869.8,59,1246.6,21,445.2,17,356.2,9,189.0,212,4452.0,53,1113.0,10,31,13,258,5418.0,12,252.0,523,10983.0,31,34,51,1071.0
2026-08-18,34,CN7(AVANTE),299234906,A/S,56.0,,0,0.0,193,10819.2,129,7212.8,46,2576.0,37,2060.8,156,8736.0,460,25760.0,115,6440.0,22,67,28,562,31472.0,207,11592.0,1137,63672.0,79,87,-68,-3808.0
2026-08-18,34,SP2(SORENTO),299998111,A/S,85.0,338.0,0,0.0,444,37770.6,296,25180.4,106,8993.0,85,7194.4,379,32215.0,1058,89930.0,264,22440.0,52,155,65,1291,109735.0,502,42670.0,2613,222105.0,162,178,-48,-4080.0
2026-08-18,34,JF(K5),423W99779,A/S,69.0,261.0,0,0.0,388,26806.5,259,17871.0,92,6382.5,74,5106.0,288,19872.0,925,63825.0,231,15939.0,45,135,56,1129,77901.0,382,26358.0,2285,157665.0,147,162,59,4071.0
2026-08-18,34,JB,299179363,A/S,,165.0,0,0.0,48,3064.3,32,2042.9,11,729.6,9,583.7,38,2432.0,114,7296.0,29,1856.0,6,17,7,140,8960.0,51,3264.0,283,18112.0,13,14,-1,-64.0
2026-08-18,34,JB,CA8784404A,A/S,67.0,,0,0.0,123,8273.2,82,5515.4,29,1969.8,24,1575.8,102,6834.0,294,19698.0,73,4891.0,14,43,18,358,23986.0,135,9045.0,725,48575.0,45,50,-88,-5896.0
2026-08-18,34,CK(STINGER),299236201,A/S,227.0,,0,0.0,1329,301751.1,886,201167.4,316,71845.5,253,57476.4,977,221779.0,3165,718455.0,791,179557.0,155,464,193,3863,876901.0,1294,293738.0,7819,1774913.0,444,488,-643,-145961.0
2026-08-18,34,TQ(STAREX),101617983,A/S,64.0,,0,0.0,320,20482.6,213,13655.0,76,4876.8,61,3901.4,264,16896.0,762,48768.0,191,12224.0,37,112,47,931,59584.0,350,22400.0,1884,120576.0,123,135,-16,-1024.0
2026-08-18,34,DN8(SONATA),202360906,A/S,88.0,,0,0.0,36,3178.6,24,2119.0,9,756.8,7,605.4,26,2288.0,86,7568.0,22,1936.0,4,13,5,105,9240.0,34,2992.0,213,18744.0,14,15,3,264.0
2026-08-18,34,AE(IONIQ),202526470,E,144.0,,0,0.0,555,79954.6,370,53303.0,132,19036.8,106,15229.4,64,9216.0,1322,190368.0,330,47520.0,65,194,81,1614,232416.0,85,12240.0,3266,470304.0,172,189,166,23904.0
2026-08-18,34,GN7(GRANDUER),299968640,A/S,24.0,75.0,0,0.0,42,1018.1,28,678.7,10,242.4,8,193.9,34,816.0,101,2424.0,25,600.0,5,15,6,123,2952.0,45,1080.0,249,5976.0,5,6,4,96.0
2026-08-18,34,QL(TUCSON),299938351,A/S,42.0,135.0,0,0.0,29,1217.2,19,811.4,7,289.8,6,231.8,25,1050.0,69,2898.0,17,714.0,3,10,4,160,6703.2,33,1386.0,246,10315.2,2,8,8,336.0
2026-08-18,34,M-300,299383522,A/S,94.0,456.0,0,0.0,105,9870.0,70,6580.0,25,2350.0,20,1880.0,78,7332.0,250,23500.0,63,5922.0,12,37,15,306,28764.0,103,9682.0,619,58186.0,28,31,12,1128.0
2026-08-18,34,VQ,299794218,A/S,106.0,,0,0.0,99,10462.2,66,6974.8,24,2491.0,19,1992.8,69,7314.0,235,24910.0,59,6254.0,11,34,14,287,30422.0,92,9752.0,581,61586.0,39,43,57,6042.0
2026-08-18,34,SP2(SORENTO),299505893,E,83.0,117.0,0,0.0,622,51592.8,414,34395.2,148,12284.0,118,9827.2,86,7138.0,1480,122840.0,370,30710.0,72,217,90,1807,149981.0,114,9462.0,3657,303531.0,0,199,-476,-39508.0
2026-08-18,34,LX2(PALISADE),202911350,,109.0,451.0,0,0.0,134,14603.8,89,9735.9,32,3477.1,26,2781.7,97,10573.0,319,34771.0,80,8720.0,16,47,19,389,42401.0,128,13952.0,788,85892.0,45,50,-46,-5014.0
2026-08-18,34,GN7(GRANDUER),299225692,A,43.0,,0,0.0,92,3955.1,61,2636.8,22,941.7,18,753.4,12,516.0,219,9417.0,55,2365.0,11,32,13,267,11481.0,16,688.0,541,23263.0,33,36,5,215.0
2026-08-18,34,RESIN,299487863,원재료,53.0,,8900,471700.0,0,0.0,0,0.0,0,0.0,0,0.0,0,0.0,0,0.0,0,0.0,0,0,0,0,0.0,0,0.0,8900,471700.0,0,0,495,26235.0
2026-08-18,34,HG(GRANDUER),299906066,A/S,202.0,977.0,0,0.0,3101,626373.7,2067,417582.5,738,149136.6,591,119309.3,2005,405010.0,7383,1491366.0,1846,372892.0,360,1081,451,9011,1820222.0,2657,536714.0,18240,3684480.0,703,773,227,45854.0
2026-08-18,34,RESIN,514W30432,원재료,,31.0,15861,1015104.0,0,0.0,0,0.0,0,0.0,0,0.0,0,0.0,0,0.0,0,0.0,0,0,0,0,0.0,0,0.0,15861,1015104.0,0,0,935,59840.0
2026-08-18,34,M-300,299512442,A/S,,,0,0.0,144,9246.7,96,6164.5,34,2201.6,28,1761.3,112,7168.0,344,22016.0,86,5504.0,17,50,21,420,26880.0,148,9472.0,850,54400.0,51,56,-8,-512.0
2026-08-18,34,AD-100,299345790,A/S,50.0,171.0,0,0.0,221,11067.0,148,7378.0,53,2635.0,42,2108.0,166,8300.0,527,26350.0,132,6600.0,26,77,32,643,32150.0,221,11050.0,1302,65100.0,66,73,193,9650.0
2026-08-18,34,PAINT,206759527,원재료,67.0,,1482,99294.0,0,0.0,0,0.0,0,0.0,0,0.0,0,0.0,0,0.0,0,0.0,0,0,0,0,0.0,0,0.0,1482,99294.0,0,0,14,938.0
2026-08-18,34,YP(CARNIVAL),299696523,A/S,72.0,292.0,0,0.0,34,2479.7,23,1653.1,8,590.4,7,472.3,27,1944.0,82,5904.0,21,1512.0,4,12,5,100,7200.0,36,2592.0,203,14616.0,13,14,-13,-936.0
2026-08-18,34,"SX2(KONA,HMC)",299522079,A/S,137.0,,0,0.0,216,29575.6,144,19717.0,51,7041.8,41,5633.4,170,23290.0,514,70418.0,128,17536.0,25,75,31,627,85899.0,225,30825.0,1269,173853.0,79,87,-43,-5891.0
2026-08-18,34,ON(TELLURIDE),299857036,A/S,53.0,,0,0.0,202,10707.1,135,7138.0,48,2549.3,38,2039.4,157,8321.0,481,25493.0,120,6360.0,23,70,29,587,31111.0,208,11024.0,1188,62964.0,52,57,91,4823.0
2026-08-18,34,NX4-PE(TUCSON),299592779,A/S,93.0,,0,0.0,23,2109.2,15,1406.2,5,502.2,4,401.8,19,1767.0,54,5022.0,14,1302.0,3,8,3,66,6138.0,25,2325.0,134,12462.0,7,8,-3,-279.0
2026-08-18,34,RESIN,206547657,원재료,41.0,,556,22796.0,0,0.0,0,0.0,0,0.0,0,0.0,0,0.0,0,0.0,0,0.0,0,0,0,0,0.0,0,0.0,556,22796.0,0,0,27,1107.0
2026-08-18,34,JF(K5),299955971,A/S,106.0,,0,0.0,151,15982.7,101,10655.1,36,3805.4,29,3044.3,113,11978.0,359,38054.0,90,9540.0,18,53,22,438,46428.0,149,15794.0,887,94022.0,49,54,78,8268.0
2026-08-18,34,CK(STINGER),202806099,A/S,464.0,1687.0,0,0.0,1237,573921.6,825,382614.4,294,136648.0,236,109318.4,1013,470032.0,2945,1366480.0,736,341504.0,144,431,180,3594,1667616.0,1343,623152.0,7275,3375600.0,489,538,-1276,-592064.0
2026-08-18,34,SG2,299581830,A/S,37.0,135.0,0,0.0,21,761.5,14,507.6,5,181.3,4,145.0,15,555.0,49,1813.0,12,444.0,2,7,3,60,2220.0,20,740.0,121,4477.0,8,9,2,74.0
2026-08-18,34,DN8(SONATA),299809114,A/S,98.0,,0,0.0,202,19798.0,135,13198.6,48,4713.8,38,3771.0,161,15778.0,481,47138.0,120,11760.0,23,70,29,587,57526.0,214,20972.0,1188,116424.0,62,68,36,3528.0
2026-08-18,34,RESIN,299866836,원재료,143.0,160.0,11191,1600313.0,0,0.0,0,0.0,0,0.0,0,0.0,0,0.0,0,0.0,0,0.0,0,0,0,0,0.0,0,0.0,11191,1600313.0,0,0,732,104676.0
2026-08-18,34,DN8(SONATA),299271844,A/S,56.0,,0,0.0,104,5833.0,69,3888.6,25,1388.8,20,1111.0,77,4312.0,248,13888.0,62,3472.0,12,36,15,302,16912.0,102,5712.0,612,34272.0,37,41,26,1456.0
2026-08-18,34,JB,299134102,A/S,67.0,,0,0.0,75,5008.9,50,3339.3,18,1192.6,14,954.1,57,3819.0,178,11926.0,44,2948.0,9,26,11,217,14539.0,75,5025.0,439,29413.0,36,40,18,1206.0
2026-08-18,34,AE-PE(IONIQ),206178787,D,160.0,140.0,0,0.0,653,104428.8,435,69619.2,155,24864.0,124,19891.2,79,12640.0,1554,248640.0,389,62240.0,76,228,95,1897,303520.0,104,16640.0,3840,614400.0,276,304,-14,-2240.0
2026-08-18,34,VQ,299877634,A/S,51.0,,0,0.0,65,3298.7,43,2199.1,15,785.4,12,628.3,53,2703.0,154,7854.0,38,1938.0,8,23,9,188,9588.0,70,3570.0,380,19380.0,19,21,-26,-1326.0
2026-08-18,34,PAINT,202118846,원재료,,58.0,1812,115968.0,0,0.0,0,0.0,0,0.0,0,0.0,0,0.0,0,0.0,0,0.0,0,0,0,0,0.0,0,0.0,1812,115968.0,0,0,23,1472.0
2026-08-18,34,CV,299850694,A/S,245.0,,0,0.0,240,58858.8,160,39239.2,57,14014.0,46,11211.2,167,40915.0,572,140140.0,143,35035.0,28,84,35,698,171010.0,221,54145.0,1413,346185.0,88,97,28,6860.0
2026-08-18,34,SP2(SORENTO),299431454,A/S,10.0,,0,0.0,16,159.6,11,106.4,4,38.0,3,30.4,13,130.0,38,380.0,10,100.0,2,6,2,47,470.0,17,170.0,95,950.0,4,4,0,0.0
2026-08-18,34,AD-100,299242405,A/S,192.0,,0,0.0,710,136362.2,473,90908.2,169,32467.2,135,25973.8,523,100416.0,1691,324672.0,423,81216.0,83,248,103,2064,396288.0,693,133056.0,4178,802176.0,231,254,215,41280.0
2026-08-18,34,HG(GRANDUER),206203966,A/S,54.0,143.0,0,0.0,372,20094.5,248,13396.3,89,4784.4,71,3827.5,277,14958.0,886,47844.0,222,11988.0,43,130,54,1082,58428.0,367,19818.0,2190,118260.0,134,147,308,16632.0
2026-08-18,34,OS(KONA),299922361,A/S,37.0,,0,0.0,102,3791.8,68,2527.8,24,902.8,20,722.2,86,3182.0,244,9028.0,61,2257.0,12,36,15,298,11026.0,114,4218.0,603,22311.0,39,43,-10,-370.0
2026-08-18,34,EG,299449220,A/S,,137.0,0,0.0,24,1505.3,16,1003.5,6,358.4,4,286.7,17,1088.0,56,3584.0,14,896.0,3,8,3,68,4352.0,23,1472.0,138,8832.0,10,11,11,704.0
2026-08-18,34,TQ(STAREX),299760102,E,52.0,50.0,0,0.0,328,17078.9,219,11385.9,78,4066.4,63,3253.1,39,2028.0,782,40664.0,195,10140.0,38,114,48,954,49608.0,51,2652.0,1931,100412.0,140,154,91,4732.0
2026-08-18,34,AE-PE(IONIQ),299753321,A/S,63.0,,0,0.0,251,15796.6,167,10531.1,60,3761.1,48,3008.9,184,11592.0,597,37611.0,149,9387.0,29,87,36,728,45864.0,244,15372.0,1474,92862.0,112,123,35,2205.0
2026-08-18,34,SM,202459446,A/S,38.0,143.0,0,0.0,66,2505.7,44,1670.5,16,596.6,13,477.3,49,1862.0,157,5966.0,39,1482.0,8,23,10,192,7296.0,65,2470.0,388,14744.0,25,28,40,1520.0
2026-08-18,34,DN8(SONATA),299164642,E,394.0,350.0,0,0.0,2364,931321.4,1576,620881.0,563,221743.2,450,177394.6,248,97712.0,5628,2217432.0,1407,554358.0,275,824,344,6870,2706780.0,328,129232.0,13905,5478570.0,542,596,-46,-18124.0
2026-08-18,34,JB,299563866,A/S,66.0,263.0,0,0.0,285,18794.2,190,12529.4,68,4474.8,54,3579.8,259,17094.0,678,44748.0,169,11154.0,33,99,41,827,54582.0,343,22638.0,1674,110484.0,113,124,-125,-8250.0
2026-08-18,34,GN7(GRANDUER),299737098,A/S,39.0,158.0,0,0.0,33,1294.0,22,862.7,8,308.1,6,246.5,29,1131.0,79,3081.0,20,780.0,4,12,5,96,3744.0,38,1482.0,195,7605.0,13,14,0,0.0
2026-08-18,34,OS(KONA),299705491,E,56.0,58.0,0,0.0,103,5762.4,69,3841.6,24,1372.0,20,1097.6,12,672.0,245,13720.0,61,3416.0,12,36,15,299,16744.0,17,952.0,605,33880.0,33,36,10,560.0
2026-08-18,34,TQ(STAREX),299393148,A/S,47.0,,0,0.0,139,6553.7,93,4369.1,33,1560.4,27,1248.3,110,5170.0,332,15604.0,83,3901.0,16,49,20,406,19082.0,146,6862.0,821,38587.0,53,58,-3,-141.0
2026-08-18,34,TM,299308230,A/S,34.0,,0,0.0,75,2541.8,50,1694.6,18,605.2,14,484.2,58,1972.0,178,6052.0,45,1530.0,9,26,11,217,7378.0,77,2618.0,440,14960.0,22,24,70,2380.0
2026-08-18,34,PAINT,299886821,원재료,,,7432,475648.0,0,0.0,0,0.0,0,0.0,0,0.0,0,0.0,0,0.0,0,0.0,0,0,0,0,0.0,0,0.0,7432,475648.0,0,0,677,43328.0
2026-08-18,34,MX5(SANTAFE),299409170,A/S,289.0,,0,0.0,1153,333188.1,769,222125.4,274,79330.5,220,63464.4,766,221374.0,2745,793305.0,686,198254.0,134,402,168,3350,968150.0,1016,293624.0,6781,1959709.0,454,499,1298,375122.0
2026-08-18,34,JB,299680203,A/S,37.0,124.0,0,0.0,52,1942.5,35,1295.0,12,462.5,10,370.0,41,1517.0,125,4625.0,31,1147.0,6,18,8,153,5661.0,54,1998.0,309,11433.0,11,12,1,37.0
2026-08-18,34,RG3(K9),299592360,A/S,42.0,114.0,0,0.0,21,864.4,14,576.2,5,205.8,4,164.6,17,714.0,49,2058.0,12,504.0,2,7,3,60,2520.0,22,924.0,121,5082.0,5,6,3,126.0
2026-08-18,34,YP(CARNIVAL),299345864,D,96.0,136.0,0,0.0,2182,209502.7,1455,139668.5,520,49881.6,416,39905.3,270,25920.0,5196,498816.0,1299,124704.0,254,761,317,6342,608832.0,358,34368.0,12837,1232352.0,540,594,929,89184.0
2026-08-18,34,CV,206489403,C,47.0,,0,0.0,73,3434.8,49,2289.8,17,817.8,14,654.2,9,423.0,174,8178.0,43,2021.0,8,25,11,212,9964.0,12,564.0,429,20163.0,21,23,52,2444.0
2026-08-18,34,CV,299663647,A/S,82.0,262.0,0,0.0,273,22386.0,182,14924.0,65,5330.0,52,4264.0,190,15580.0,650,53300.0,162,13284.0,32,95,40,793,65026.0,252,20664.0,1605,131610.0,72,79,166,13612.0
2026-08-18,34,SP2(SORENTO),299581079,B,174.0,239.0,0,0.0,312,54371.5,208,36247.7,74,12945.6,60,10356.5,34,5916.0,744,129456.0,186,32364.0,36,109,45,908,157992.0,45,7830.0,1838,319812.0,32,35,59,10266.0
2026-08-18,34,RG3(K9),299360732,A/S,126.0,475.0,0,0.0,469,59058.7,312,39372.5,112,14061.6,89,11249.3,333,41958.0,1116,140616.0,279,35154.0,54,163,68,1362,171612.0,442,55692.0,2757,347382.0,112,123,245,30870.0
2026-08-18,34,AE(IONIQ),202100341,A/S,102.0,402.0,0,0.0,127,12980.5,85,8653.7,30,3090.6,24,2472.5,99,10098.0,303,30906.0,76,7752.0,15,44,18,370,37740.0,131,13362.0,749,76398.0,64,70,-69,-7038.0
2026-08-18,34,JX1,299737663,A/S,100.0,423.0,0,0.0,52,5208.0,35,3472.0,12,1240.0,10,992.0,45,4500.0,124,12400.0,31,3100.0,6,18,8,152,15200.0,60,6000.0,307,30700.0,16,18,-49,-4900.0
2026-08-18,34,NX4-PE(TUCSON),CA3998589D,A/S,84.0,358.0,0,0.0,543,45581.8,362,30387.8,129,10852.8,103,8682.2,385,32340.0,1292,108528.0,323,27132.0,63,189,79,1578,132552.0,510,42840.0,3193,268212.0,183,201,577,48468.0
2026-08-18,34,SM,299705858,A/S,60.0,198.0,0,0.0,166,9979.2,111,6652.8,40,2376.0,32,1900.8,124,7440.0,396,23760.0,99,5940.0,19,58,24,484,29040.0,164,9840.0,979,58740.0,56,62,108,6480.0
2026-08-18,34,HG(GRANDUER),299459843,E,42.0,,0,0.0,454,19068.8,303,12712.6,108,4540.2,86,3632.2,51,2142.0,1081,45402.0,270,11340.0,53,158,66,1320,55440.0,67,2814.0,2671,112182.0,114,125,-165,-6930.0
2026-08-18,34,TQ(STAREX),299456350,A/S,25.0,,0,0.0,39,976.5,26,651.0,9,232.5,7,186.0,27,675.0,93,2325.0,23,575.0,5,14,6,114,2850.0,36,900.0,230,5750.0,8,9,18,450.0
2026-08-18,34,HG(GRANDUER),299980395,A/S,29.0,108.0,0,0.0,79,2277.7,52,1518.4,19,542.3,15,433.8,59,1711.0,187,5423.0,47,1363.0,9,27,11,228,6612.0,77,2233.0,462,13398.0,16,18,-2,-58.0
2026-08-18,34,SG2,206316160,A/S,104.0,409.0,0,0.0,240,24941.3,160,16627.5,57,5938.4,46,4750.7,174,18096.0,571,59384.0,143,14872.0,28,84,35,697,72488.0,231,24024.0,1411,146744.0,95,105,-12,-1248.0
2026-08-18,34,NX4-PE(TUCSON),206460168,,43.0,149.0,0,0.0,462,19884.1,308,13256.0,110,4734.3,88,3787.4,360,15480.0,1101,47343.0,275,11825.0,54,161,67,1344,57792.0,477,20511.0,2720,116960.0,112,123,109,4687.0
2026-08-18,34,GN7(GRANDUER),299136124,A/S,18.0,74.0,0,0.0,220,3953.9,146,2635.9,52,941.4,42,753.1,170,3060.0,523,9414.0,131,2358.0,26,77,32,638,11484.0,225,4050.0,1292,23256.0,63,69,133,2394.0
2026-08-18,34,YP(CARNIVAL),299245085,A/S,33.0,92.0,0,0.0,109,3589.7,73,2393.2,26,854.7,21,683.8,81,2673.0,259,8547.0,65,2145.0,13,38,16,316,10428.0,107,3531.0,640,21120.0,45,50,-5,-165.0
2026-08-18,34,MX5(SANTAFE),299451996,E,50.0,,0,0.0,160,8001.0,107,5334.0,38,1905.0,30,1524.0,17,850.0,381,19050.0,95,4750.0,19,56,23,465,23250.0,22,1100.0,941,47050.0,63,69,47,2350.0
2026-08-18,34,PAINT,206847874,원재료,91.0,119.0,21334,1941394.0,0,0.0,0,0.0,0,0.0,0,0.0,0,0.0,0,0.0,0,0.0,0,0,0,0,0.0,0,0.0,21334,1941394.0,0,0,1410,128310.0
2026-08-18,34,RG3(K9),206498250,C,,154.0,0,0.0,421,26960.6,281,17973.8,100,6419.2,80,5135.4,47,3008.0,1003,64192.0,251,16064.0,49,147,61,1225,78400.0,63,4032.0,2479,158656.0,92,101,-33,-2112.0
2026-08-18,34,MX5(SANTAFE),202541398,A/S,51.0,197.0,0,0.0,122,6211.8,81,4141.2,29,1479.0,23,1183.2,95,4845.0,290,14790.0,73,3723.0,14,42,18,354,18054.0,127,6477.0,717,36567.0,37,41,10,510.0
2026-08-18,34,CN7(AVANTE),299378159,A/S,163.0,,0,0.0,226,36899.9,151,24600.0,54,8785.7,43,7028.6,180,29340.0,539,87857.0,135,22005.0,26,79,33,658,107254.0,238,38794.0,1332,217116.0,0,37,20,3260.0
2026-08-18,34,"SX2(KONA,HMC)",299156576,A/S,46.0,161.0,0,0.0,30,1391.0,20,927.4,7,331.2,6,265.0,25,1150.0,72,3312.0,18,828.0,4,11,4,88,4048.0,33,1518.0,178,8188.0,9,10,14,644.0
2026-08-18,34,RG3(K9),202452167,A/S,19.0,,0,0.0,64,1220.9,43,814.0,15,290.7,12,232.6,55,1045.0,153,2907.0,38,722.0,7,22,9,187,3553.0,72,1368.0,378,7182.0,14,15,-15,-285.0
2026-08-18,34,HG(GRANDUER),299990251,A/S,114.0,471.0,0,0.0,127,14459.8,85,9639.8,30,3442.8,24,2754.2,105,11970.0,302,34428.0,75,8550.0,15,44,18,369,42066.0,138,15732.0,746,85044.0,0,53,20,2280.0
2026-08-18,34,NX4-PE(TUCSON),299371151,A/S,34.0,118.0,0,0.0,112,3812.8,75,2541.8,27,907.8,21,726.2,85,2890.0,267,9078.0,67,2278.0,13,39,16,326,11084.0,113,3842.0,660,22440.0,39,43,40,1360.0
2026-08-18,34,JB,299893530,A/S,30.0,92.0,0,0.0,93,2784.6,62,1856.4,22,663.0,18,530.4,68,2040.0,221,6630.0,55,1650.0,11,32,13,269,8070.0,90,2700.0,545,16350.0,23,25,25,750.0
2026-08-18,34,PAINT,206265997,원재료,192.0,193.0,8364,1605888.0,0,0.0,0,0.0,0,0.0,0,0.0,0,0.0,0,0.0,0,0.0,0,0,0,0,0.0,0,0.0,8364,1605888.0,0,0,399,76608.0
2026-08-18,34,CV,299989552,C,33.0,,0,0.0,351,11587.0,234,7724.6,84,2758.8,67,2207.0,43,1419.0,836,27588.0,209,6897.0,41,122,51,1020,33660.0,57,1881.0,2065,68145.0,111,122,2,66.0
2026-08-18,34,VQ,299534663,A/S,11.0,46.0,0,0.0,10,106.3,6,70.8,2,25.3,2,20.2,8,88.0,23,253.0,6,66.0,1,3,1,28,308.0,11,121.0,57,627.0,3,3,-1,-11.0
2026-08-18,34,CV,299620155,A/S,43.0,212.0,0,0.0,65,2799.3,43,1866.2,16,666.5,12,533.2,49,2107.0,155,6665.0,39,1677.0,8,23,10,190,8170.0,65,2795.0,384,16512.0,0,22,39,1677.0
2026-08-18,34,TM,914W69380,A/S,36.0,111.0,0,0.0,60,2177.3,40,1451.5,14,518.4,12,414.7,49,1764.0,144,5184.0,36,1296.0,7,21,9,176,6336.0,64,2304.0,356,12816.0,19,21,-19,-684.0
2026-08-18,34,JF(K5),299712156,A/S,85.0,366.0,0,0.0,424,36021.3,283,24014.2,101,8576.5,81,6861.2,318,27030.0,1009,85765.0,252,21420.0,49,148,62,1232,104720.0,423,35955.0,2493,211905.0,133,146,151,12835.0
2026-08-18,34,AD-100,299687617,A/S,73.0,271.0,0,0.0,157,11466.8,105,7644.6,37,2730.2,30,2184.2,124,9052.0,374,27302.0,93,6789.0,18,55,23,456,33288.0,165,12045.0,923,67379.0,37,41,71,5183.0
2026-08-18,34,QL(TUCSON),299767842,A/S,70.0,,0,0.0,73,5086.2,48,3390.8,17,1211.0,14,968.8,52,3640.0,173,12110.0,43,3010.0,8,25,11,212,14840.0,69,4830.0,428,29960.0,22,24,43,3010.0
2026-08-18,34,SP2(SORENTO),299315101,C,38.0,52.0,0,0.0,121,4596.5,81,3064.3,29,1094.4,23,875.5,14,532.0,288,10944.0,72,2736.0,14,42,18,352,13376.0,18,684.0,712,27056.0,46,51,44,1672.0
2026-08-18,34,AD-100,299179564,A/S,168.0,550.0,0,0.0,1362,228826.1,908,152550.7,324,54482.4,259,43585.9,1024,172032.0,3243,544824.0,811,136248.0,158,475,198,3958,664944.0,1358,228144.0,8012,1346016.0,385,424,509,85512.0
2026-08-18,34,TM,299306305,A/S,47.0,211.0,0,0.0,190,8922.5,127,5948.3,45,2124.4,36,1699.5,140,6580.0,452,21244.0,113,5311.0,22,66,28,552,25944.0,186,8742.0,1117,52499.0,65,72,18,846.0
2026-08-18,34,EG,299425934,A/S,,169.0,0,0.0,92,5886.7,61,3924.5,22,1401.6,18,1121.3,72,4608.0,219,14016.0,55,3520.0,11,32,13,267,17088.0,96,6144.0,541,34624.0,34,37,-20,-1280.0
2026-08-18,34,LX2(PALISADE),299721871,A/S,121.0,507.0,0,0.0,101,12196.8,67,8131.2,24,2904.0,19,2323.2,74,8954.0,240,29040.0,60,7260.0,12,35,15,293,35453.0,99,11979.0,593,71753.0,35,38,7,847.0
2026-08-18,34,AE-PE(IONIQ),299714743,C,47.0,,0,0.0,92,4303.3,61,2868.9,22,1024.6,17,819.7,11,517.0,218,10246.0,55,2585.0,11,32,13,266,12502.0,15,705.0,539,25333.0,29,32,6,282.0
2026-08-18,34,DH(G80),299307292,A/S,20.0,85.0,0,0.0,6,117.6,4,78.4,1,28.0,1,22.4,5,100.0,14,280.0,3,60.0,1,2,1,17,340.0,6,120.0,34,680.0,2,2,-3,-60.0
2026-08-18,34,ON(TELLURIDE),299574001,A/S,67.0,258.0,0,0.0,259,17334.2,172,11556.2,62,4127.2,49,3301.8,207,13869.0,616,41272.0,154,10318.0,30,90,38,752,50384.0,275,18425.0,1522,101974.0,82,90,45,3015.0
2026-08-18,34,M-300,299305592,A/S,169.0,520.0,0,0.0,234,39606.8,156,26404.6,56,9430.2,45,7544.2,169,28561.0,558,94302.0,139,23491.0,27,82,34,681,115089.0,224,37856.0,1378,232882.0,115,127,-23,-3887.0
2026-08-18,34,OS(KONA),299428012,A,24.0,33.0,0,0.0,407,9757.4,271,6505.0,97,2323.2,77,1858.6,52,1248.0,968,23232.0,242,5808.0,47,142,59,1181,28344.0,69,1656.0,2391,57384.0,124,136,8,192.0
2026-08-18,34,TM,299641128,A/S,14.0,,0,0.0,7,100.0,5,66.6,2,23.8,1,19.0,6,84.0,17,238.0,4,56.0,1,3,1,21,294.0,7,98.0,42,588.0,2,2,5,70.0
2026-08-18,34,DN8(SONATA),299740559,A/S,30.0,,0,0.0,48,1436.4,32,957.6,11,342.0,9,273.6,39,1170.0,114,3420.0,28,840.0,6,17,7,139,4170.0,52,1560.0,281,8430.0,16,18,4,120.0
2026-08-18,34,HG(GRANDUER),299163215,A/S,197.0,744.0,0,0.0,428,84312.1,285,56208.0,102,20074.3,82,16059.4,321,63237.0,1019,200743.0,255,50235.0,50,149,62,1243,244871.0,426,83922.0,2517,495849.0,144,158,-274,-53978.0
2026-08-18,34,DH(G80),299414447,C,200.0,,0,0.0,1184,236712.0,789,157808.0,282,56360.0,225,45088.0,136,27200.0,2818,563600.0,704,140800.0,138,413,172,3439,687800.0,180,36000.0,6961,1392200.0,503,553,-391,-78200.0
2026-08-18,34,M-300,299938652,E,26.0,31.0,0,0.0,28,731.6,19,487.8,7,174.2,5,139.4,3,78.0,67,1742.0,17,442.0,3,10,4,81,2106.0,4,104.0,165,4290.0,9,10,12,312.0
2026-08-18,34,SG2,206117420,A/S,16.0,,0,0.0,64,1021.4,43,681.0,15,243.2,12,194.6,44,704.0,152,2432.0,38,608.0,7,22,9,186,2976.0,59,944.0,376,6016.0,26,29,52,832.0
2026-08-18,34,PAINT,299945006,원재료,56.0,,4525,253400.0,0,0.0,0,0.0,0,0.0,0,0.0,0,0.0,0,0.0,0,0.0,0,0,0,0,0.0,0,0.0,4525,253400.0,0,0,-333,-18648.0
2026-08-18,34,"SX2(KONA,HMC)",299678059,A/S,57.0,212.0,0,0.0,449,25567.9,299,17045.3,107,6087.6,85,4870.1,339,19323.0,1068,60876.0,267,15219.0,52,156,65,1303,74271.0,450,25650.0,2638,150366.0,54,59,-37,-2109.0
2026-08-18,34,JF(K5),299850724,A/S,65.0,240.0,0,0.0,1,81.9,1,54.6,0,19.5,0,15.6,1,65.0,3,195.0,1,65.0,0,0,0,3,195.0,1,65.0,7,455.0,0,0,0,0.0
2026-08-18,34,YP(CARNIVAL),299487207,A/S,26.0,,0,0.0,72,1878.2,48,1252.2,17,447.2,14,357.8,54,1404.0,172,4472.0,43,1118.0,8,25,10,210,5460.0,72,1872.0,425,11050.0,22,24,13,338.0
2026-08-18,34,PAINT,299813189,원재료,116.0,142.0,15824,1835584.0,0,0.0,0,0.0,0,0.0,0,0.0,0,0.0,0,0.0,0,0.0,0,0,0,0,0.0,0,0.0,15824,1835584.0,0,0,502,58232.0
2026-08-18,34,VQ,299307103,A/S,33.0,83.0,0,0.0,10,346.5,7,231.0,2,82.5,2,66.0,8,264.0,25,825.0,6,198.0,1,4,2,30,990.0,10,330.0,61,2013.0,4,4,-2,-66.0
2026-08-18,34,LX2(PALISADE),206135194,A/S,93.0,,0,0.0,83,7733.9,55,5155.9,20,1841.4,16,1473.1,63,5859.0,198,18414.0,49,4557.0,10,29,12,241,22413.0,83,7719.0,488,45384.0,28,31,31,2883.0
2026-08-18,34,MX5(SANTAFE),299150781,A/S,,123.0,0,0.0,310,19837.4,207,13225.0,74,4723.2,59,3778.6,268,17152.0,738,47232.0,184,11776.0,36,108,45,901,57664.0,355,22720.0,1823,116672.0,120,132,-195,-12480.0
2026-08-18,34,DN8(SONATA),299935113,E,23.0,29.0,0,0.0,135,3110.5,90,2073.7,32,740.6,26,592.5,17,391.0,322,7406.0,80,1840.0,16,47,20,393,9039.0,23,529.0,795,18285.0,56,62,-57,-1311.0
2026-08-18,34,AD-100,299256125,A/S,63.0,250.0,0,0.0,79,4974.5,53,3316.3,19,1184.4,15,947.5,66,4158.0,188,11844.0,47,2961.0,9,27,11,229,14427.0,88,5544.0,464,29232.0,36,40,13,819.0
2026-08-18,34,TQ(STAREX),202871055,A,45.0,66.0,0,0.0,50,2230.2,33,1486.8,12,531.0,9,424.8,6,270.0,118,5310.0,29,1305.0,6,17,7,144,6480.0,8,360.0,291,13095.0,21,23,-4,-180.0
2026-08-18,34,PAINT,299882719,원재료,98.0,113.0,902,88396.0,0,0.0,0,0.0,0,0.0,0,0.0,0,0.0,0,0.0,0,0.0,0,0,0,0,0.0,0,0.0,902,88396.0,0,0,4,392.0
2026-08-18,34,QL(TUCSON),299460955,A/S,62.0,,0,0.0,87,5364.2,58,3576.2,21,1277.2,16,1021.8,74,4588.0,206,12772.0,51,3162.0,10,30,13,251,15562.0,98,6076.0,508,31496.0,27,30,8,496.0
2026-08-18,34,PAINT,299816162,원재료,69.0,,3516,242604.0,0,0.0,0,0.0,0,0.0,0,0.0,0,0.0,0,0.0,0,0.0,0,0,0,0,0.0,0,0.0,3516,242604.0,0,0,246,16974.0
2026-08-18,34,DN8(SONATA),299198398,A/S,18.0,70.0,0,0.0,47,854.3,32,569.5,11,203.4,9,162.7,37,666.0,113,2034.0,28,504.0,5,16,7,137,2466.0,49,882.0,278,5004.0,13,14,43,774.0
2026-08-18,34,JB,347W62850,E,93.0,106.0,0,0.0,445,41364.5,297,27576.4,106,9848.7,85,7879.0,51,4743.0,1059,98487.0,265,24645.0,52,155,65,1293,120249.0,67,6231.0,2617,243381.0,125,138,-121,-11253.0
2026-08-18,34,AE(IONIQ),299280281,A/S,25.0,83.0,0,0.0,102,2562.0,68,1708.0,24,610.0,20,488.0,89,2225.0,244,6100.0,61,1525.0,12,36,15,298,7450.0,118,2950.0,603,15075.0,23,25,-5,-125.0
2026-08-18,34,PAINT,101323870,원재료,31.0,37.0,3549,110019.0,0,0.0,0,0.0,0,0.0,0,0.0,0,0.0,0,0.0,0,0.0,0,0,0,0,0.0,0,0.0,3549,110019.0,0,0,46,1426.0
2026-08-18,34,CV,299462413,A/S,23.0,74.0,0,0.0,75,1719.5,50,1146.3,18,409.4,14,327.5,51,1173.0,178,4094.0,44,1012.0,9,26,11,217,4991.0,67,1541.0,439,10097.0,27,30,65,1495.0
2026-08-18,34,ON(TELLURIDE),202735303,D,171.0,,0,0.0,2529,432500.0,1686,288333.4,602,102976.2,482,82381.0,314,53694.0,6022,1029762.0,1505,257355.0,294,882,368,7350,1256850.0,416,71136.0,14877,2543967.0,688,757,140,23940.0
2026-08-18,34,JX1,299847773,E,52.0,60.0,0,0.0,930,48375.6,620,32250.4,222,11518.0,177,9214.4,114,5928.0,2215,115180.0,554,28808.0,108,324,135,2703,140556.0,151,7852.0,5472,284544.0,361,397,-610,-31720.0
2026-08-18,34,SG2,299576168,E,89.0,99.0,0,0.0,591,52556.3,394,35037.5,141,12513.4,112,10010.7,69,6141.0,1406,125134.0,351,31239.0,69,206,86,1716,152724.0,91,8099.0,3473,309097.0,205,226,-181,-16109.0
2026-08-18,34,DN8(SONATA),299273834,A/S,94.0,281.0,0,0.0,128,12041.4,85,8027.6,30,2867.0,24,2293.6,95,8930.0,305,28670.0,76,7144.0,15,45,19,372,34968.0,126,11844.0,753,70782.0,50,55,-12,-1128.0
2026-08-18,34,GN7(GRANDUER),299475323,E,68.0,,0,0.0,118,7996.8,78,5331.2,28,1904.0,22,1523.2,15,1020.0,280,19040.0,70,4760.0,14,41,17,342,23256.0,20,1360.0,692,47056.0,40,44,-77,-5236.0
2026-08-18,34,SM,201143192,A/S,34.0,127.0,0,0.0,28,956.8,19,637.8,7,227.8,5,182.2,21,714.0,67,2278.0,17,578.0,3,10,4,82,2788.0,28,952.0,166,5644.0,9,10,10,340.0
2026-08-18,34,MX5(SANTAFE),299239357,A/S,25.0,80.0,0,0.0,160,4000.5,107,2667.0,38,952.5,30,762.0,116,2900.0,381,9525.0,95,2375.0,19,56,23,465,11625.0,153,3825.0,941,23525.0,55,61,64,1600.0
2026-08-18,34,M-300,299152867,A/S,62.0,211.0,0,0.0,189,11718.0,126,7812.0,45,2790.0,36,2232.0,135,8370.0,450,27900.0,113,7006.0,22,66,27,549,34038.0,179,11098.0,1112,68944.0,68,75,51,3162.0
2026-08-18,34,QL(TUCSON),CA1169538C,A/S,52.0,188.0,0,0.0,34,1769.0,23,1179.4,8,421.2,6,337.0,25,1300.0,81,4212.0,20,1040.0,4,12,5,99,5148.0,33,1716.0,200,10400.0,14,15,16,832.0
2026-08-18,34,MX5(SANTAFE),299997719,C,21.0,24.0,0,0.0,21,449.8,14,299.9,5,107.1,4,85.7,3,63.0,51,1071.0,13,273.0,2,7,3,62,1302.0,3,63.0,126,2646.0,7,8,0,0.0
2026-08-18,34,CV,299307655,E,111.0,,0,0.0,189,20932.4,126,13954.9,45,4983.9,36,3987.1,22,2442.0,449,49839.0,112,12432.0,22,66,27,548,60828.0,30,3330.0,1109,123099.0,62,68,103,11433.0
2026-08-18,34,JF(K5),299652917,A/S,41.0,182.0,0,0.0,126,5148.8,84,3432.5,30,1225.9,24,980.7,104,4264.0,299,12259.0,75,3075.0,15,44,18,365,14965.0,137,5617.0,739,30299.0,0,52,-84,-3444.0
2026-08-18,34,SP2(SORENTO),299970660,A/S,97.0,289.0,0,0.0,406,39354.8,270,26236.6,97,9370.2,77,7496.2,298,28906.0,966,93702.0,242,23474.0,47,141,59,1179,114363.0,395,38315.0,2387,231539.0,136,150,-38,-3686.0
2026-08-18,34,HG(GRANDUER),206170712,A/S,117.0,389.0,0,0.0,399,46683.0,266,31122.0,95,11115.0,76,8892.0,297,34749.0,950,111150.0,238,27846.0,46,139,58,1160,135720.0,394,46098.0,2348,274716.0,162,178,132,15444.0
2026-08-18,34,AE(IONIQ),299290335,A/S,,200.0,0,0.0,69,4408.3,46,2938.9,16,1049.6,13,839.7,57,3648.0,164,10496.0,41,2624.0,8,24,10,200,12800.0,76,4864.0,405,25920.0,22,24,-20,-1280.0
2026-08-18,34,ON(TELLURIDE),CA6020787A,A/S,72.0,309.0,0,0.0,245,17660.2,164,11773.4,58,4204.8,47,3363.8,178,12816.0,584,42048.0,146,10512.0,28,85,36,712,51264.0,236,16992.0,1442,103824.0,117,129,106,7632.0
2026-08-18,34,TM,299477546,C,46.0,34.0,0,0.0,235,10819.2,157,7212.8,56,2576.0,45,2060.8,28,1288.0,560,25760.0,140,6440.0,27,82,34,683,31418.0,37,1702.0,1383,63618.0,78,86,-92,-4232.0
2026-08-18,34,TQ(STAREX),CA3270904D,A/S,45.0,166.0,0,0.0,126,5688.9,84,3792.6,30,1354.5,24,1083.6,105,4725.0,301,13545.0,75,3375.0,15,44,18,368,16560.0,139,6255.0,744,33480.0,59,65,68,3060.0
2026-08-18,34,CV,CA3680346C,A/S,67.0,240.0,0,0.0,181,12128.3,121,8085.6,43,2887.7,34,2310.2,142,9514.0,431,28877.0,108,7236.0,21,63,26,526,35242.0,188,12596.0,1065,71355.0,36,40,-109,-7303.0
2026-08-18,34,SP2(SORENTO),217W74934,A/S,68.0,293.0,0,0.0,162,10995.6,108,7330.4,38,2618.0,31,2094.4,125,8500.0,385,26180.0,96,6528.0,19,56,23,469,31892.0,166,11288.0,950,64600.0,57,63,38,2584.0
2026-08-18,34,SM,206100064,A/S,39.0,,0,0.0,94,3685.5,63,2457.0,22,877.5,18,702.0,72,2808.0,225,8775.0,56,2184.0,11,33,14,275,10725.0,96,3744.0,556,21684.0,43,47,23,897.0
2026-08-18,34,SM,206172487,A/S,,,0,0.0,187,11988.5,125,7992.3,45,2854.4,36,2283.5,146,9344.0,446,28544.0,112,7168.0,22,65,27,545,34880.0,194,12416.0,1103,70592.0,41,45,51,3264.0
2026-08-18,34,AD-100,299208796,A/S,27.0,92.0,0,0.0,50,1349.5,33,899.6,12,321.3,10,257.0,38,1026.0,119,3213.0,30,810.0,6,17,7,145,3915.0,50,1350.0,294,7938.0,17,19,3,81.0
2026-08-18,34,CN7(AVANTE),896W68875,A/S,,187.0,0,0.0,385,24649.0,257,16432.6,92,5868.8,73,4695.0,296,18944.0,917,58688.0,229,14656.0,45,134,56,1119,71616.0,393,25152.0,2265,144960.0,123,135,-23,-1472.0
2026-08-18,34,MX5(SANTAFE),857W26716,A/S,88.0,,0,0.0,8,702.2,5,468.2,2,167.2,2,133.8,6,528.0,19,1672.0,5,440.0,1,3,1,24,2112.0,8,704.0,48,4224.0,4,4,1,88.0
2026-08-18,34,QL(TUCSON),771W37211,A/S,61.0,,0,0.0,119,7250.5,79,4833.6,28,1726.3,23,1381.0,93,5673.0,283,17263.0,71,4331.0,14,41,17,345,21045.0,123,7503.0,699,42639.0,35,38,7,427.0
2026-08-18,34,RG3(K9),299705629,A/S,134.0,,0,0.0,238,31910.8,159,21273.8,57,7597.8,45,6078.2,198,26532.0,567,75978.0,142,19028.0,28,83,35,692,92728.0,263,35242.0,1401,187734.0,78,86,4,536.0
2026-08-18,34,JX1,299390226,A/S,305.0,1148.0,0,0.0,2213,674958.9,1475,449972.6,527,160704.5,422,128563.6,1797,548085.0,5269,1607045.0,1317,401685.0,257,772,322,6431,1961455.0,2382,726510.0,13017,3970185.0,1014,1115,-518,-157990.0
2026-08-18,34,NX4-PE(TUCSON),CA8917591C,C,25.0,,0,0.0,124,3097.5,83,2065.0,30,737.5,24,590.0,14,350.0,295,7375.0,74,1850.0,14,43,18,360,9000.0,19,475.0,729,18225.0,59,65,18,450.0
2026-08-18,34,RG3(K9),202216151,A/S,,278.0,0,0.0,117,7499.5,78,4999.7,28,1785.6,22,1428.5,97,6208.0,279,17856.0,70,4480.0,14,41,17,340,21760.0,129,8256.0,689,44096.0,47,52,-48,-3072.0
2026-08-18,34,DN8(SONATA),299501712,B,37.0,,0,0.0,37,1352.0,24,901.3,9,321.9,7,257.5,4,148.0,87,3219.0,22,814.0,4,13,5,107,3959.0,6,222.0,216,7992.0,13,14,-12,-444.0
2026-08-18,34,CK(STINGER),299566255,A/S,42.0,116.0,0,0.0,61,2557.8,41,1705.2,14,609.0,12,487.2,51,2142.0,145,6090.0,36,1512.0,7,21,9,177,7434.0,69,2898.0,358,15036.0,17,19,-28,-1176.0
2026-08-18,34,VQ,299657540,A/S,45.0,136.0,0,0.0,206,9279.9,137,6186.6,49,2209.5,39,1767.6,141,6345.0,491,22095.0,123,5535.0,24,72,30,600,27000.0,187,8415.0,1214,54630.0,46,51,-38,-1710.0
2026-08-18,34,SM,299574828,A/S,,193.0,0,0.0,115,7365.1,77,4910.1,27,1753.6,22,1402.9,87,5568.0,274,17536.0,69,4416.0,13,40,17,334,21376.0,116,7424.0,677,43328.0,40,44,-4,-256.0
2026-08-18,34,TQ(STAREX),299283740,A/S,66.0,,0,0.0,268,17657.6,178,11771.8,64,4204.2,51,3363.4,196,12936.0,637,42042.0,159,10494.0,31,93,39,778,51348.0,260,17160.0,1574,103884.0,121,133,129,8514.0
2026-08-18,34,AE(IONIQ),299477103,A/S,,,0,0.0,67,4300.8,45,2867.2,16,1024.0,13,819.2,51,3264.0,160,10240.0,40,2560.0,8,23,10,195,12480.0,68,4352.0,395,25280.0,24,26,33,2112.0
2026-08-18,34,RESIN,299751437,원재료,59.0,74.0,3211,189449.0,0,0.0,0,0.0,0,0.0,0,0.0,0,0.0,0,0.0,0,0.0,0,0,0,0,0.0,0,0.0,3211,189449.0,0,0,105,6195.0
2026-08-18,34,ON(TELLURIDE),299430533,D,45.0,50.0,0,0.0,235,10565.1,157,7043.4,56,2515.5,45,2012.4,27,1215.0,559,25155.0,140,6300.0,27,82,34,682,30690.0,35,1575.0,1381,62145.0,107,118,74,3330.0
2026-08-18,34,DH(G80),299173010,D,45.0,63.0,0,0.0,410,18427.5,273,12285.0,98,4387.5,78,3510.0,45,2025.0,975,43875.0,244,10980.0,48,143,60,1190,53550.0,60,2700.0,2409,108405.0,108,119,129,5805.0
2026-08-18,34,TM,378W36074,A/S,29.0,,0,0.0,74,2143.7,49,1429.1,18,510.4,14,408.3,50,1450.0,176,5104.0,44,1276.0,9,26,11,215,6235.0,67,1943.0,435,12615.0,31,34,28,812.0
2026-08-18,34,VQ,299806723,A,72.0,94.0,0,0.0,954,68675.0,636,45783.4,227,16351.2,182,13081.0,112,8064.0,2271,163512.0,568,40896.0,111,333,139,2772,199584.0,148,10656.0,5611,403992.0,298,328,-153,-11016.0
2026-08-18,34,SM,299599242,A/S,28.0,103.0,0,0.0,0,11.8,0,7.8,0,2.8,0,2.2,0,0.0,1,28.0,0,0.0,0,0,0,1,28.0,0,0.0,2,56.0,0,0,0,0.0
2026-08-18,34,CV,299828050,A/S,18.0,,0,0.0,7,128.5,5,85.7,2,30.6,1,24.5,6,108.0,17,306.0,4,72.0,1,3,1,21,378.0,8,144.0,42,756.0,3,3,0,0.0
2026-08-18,34,M-300,299332284,A/S,29.0,111.0,0,0.0,50,1461.6,34,974.4,12,348.0,10,278.4,46,1334.0,120,3480.0,30,870.0,6,18,7,146,4234.0,61,1769.0,296,8584.0,11,12,-22,-638.0
2026-08-18,34,JF(K5),299778672,A/S,34.0,,0,0.0,24,828.2,16,552.2,6,197.2,5,157.8,18,612.0,58,1972.0,15,510.0,3,9,4,71,2414.0,25,850.0,144,4896.0,9,10,16,544.0
2026-08-18,34,HG(GRANDUER),206573544,A/S,124.0,330.0,0,0.0,804,99681.1,536,66454.1,191,23733.6,153,18986.9,607,75268.0,1914,237336.0,478,59272.0,93,280,117,2336,289664.0,804,99696.0,4728,586272.0,268,295,211,26164.0
2026-08-18,34,TM,299616447,A/S,69.0,,0,0.0,527,36340.9,351,24227.3,125,8652.6,100,6922.1,428,29532.0,1254,86526.0,313,21597.0,61,184,77,1531,105639.0,567,39123.0,3098,213762.0,167,184,-33,-2277.0
2026-08-18,34,QL(TUCSON),299854972,A/S,272.0,,0,0.0,706,192037.4,471,128025.0,168,45723.2,134,36578.6,462,125664.0,1681,457232.0,420,114240.0,82,246,103,2052,558144.0,613,166736.0,4153,1129616.0,268,295,359,97648.0
2026-08-18,34,TQ(STAREX),206492312,A/S,149.0,530.0,0,0.0,351,52254.3,234,34836.2,84,12441.5,67,9953.2,281,41869.0,835,124415.0,209,31141.0,41,122,51,1019,151831.0,372,55428.0,2063,307387.0,116,128,63,9387.0
2026-08-18,34,CV,299648329,A/S,19.0,69.0,0,0.0,97,1843.4,65,1228.9,23,438.9,18,351.1,86,1634.0,231,4389.0,58,1102.0,11,34,14,282,5358.0,114,2166.0,571,10849.0,38,42,33,627.0
2026-08-18,34,CK(STINGER),201841396,A/S,24.0,,0,0.0,94,2268.0,63,1512.0,22,540.0,18,432.0,72,1728.0,225,5400.0,56,1344.0,11,33,14,275,6600.0,96,2304.0,556,13344.0,28,31,-15,-360.0
2026-08-18,34,ON(TELLURIDE),299416589,A/S,78.0,,0,0.0,176,13759.2,118,9172.8,42,3276.0,34,2620.8,135,10530.0,420,32760.0,105,8190.0,21,62,26,513,40014.0,178,13884.0,1038,80964.0,62,68,10,780.0
2026-08-18,34,RG3(K9),446W57835,A/S,157.0,,0,0.0,323,50641.9,215,33761.3,77,12057.6,61,9646.1,241,37837.0,768,120576.0,192,30144.0,37,112,47,937,147109.0,319,50083.0,1897,297829.0,102,112,-20,-3140.0
2026-08-18,34,VQ,299588799,E,59.0,63.0,0,0.0,122,7211.0,81,4807.3,29,1716.9,23,1373.5,14,826.0,291,17169.0,73,4307.0,14,43,18,355,20945.0,19,1121.0,719,42421.0,44,48,17,1003.0
2026-08-18,34,SG2,299250273,A/S,,400.0,0,0.0,52,3306.2,34,2204.2,12,787.2,10,629.8,39,2496.0,123,7872.0,31,1984.0,6,18,8,150,9600.0,52,3328.0,304,19456.0,20,22,-15,-960.0
2026-08-18,34,M-300,206762289,A/S,120.0,474.0,0,0.0,160,19252.8,107,12835.2,38,4584.0,31,3667.2,111,13320.0,382,45840.0,96,11520.0,19,56,23,466,55920.0,147,17640.0,944,113280.0,61,67,-12,-1440.0
2026-08-18,34,EG,299580821,A/S,94.0,361.0,0,0.0,358,33676.4,239,22451.0,85,8018.2,68,6414.6,297,27918.0,853,80182.0,213,20022.0,42,125,52,1041,97854.0,394,37036.0,2107,198058.0,102,112,136,12784.0
2026-08-18,34,AE(IONIQ),201267277,A/S,93.0,355.0,0,0.0,179,16678.6,120,11119.1,43,3971.1,34,3176.9,132,12276.0,427,39711.0,107,9951.0,21,63,26,522,48546.0,175,16275.0,1056,98208.0,69,76,65,6045.0
2026-08-18,34,TM,206921979,A/S,54.0,215.0,0,0.0,51,2744.3,34,1829.5,12,653.4,10,522.7,39,2106.0,121,6534.0,30,1620.0,6,18,7,147,7938.0,52,2808.0,298,16092.0,12,13,-10,-540.0
2026-08-18,34,NX4-PE(TUCSON),299364994,A/S,65.0,,0,0.0,229,14905.8,153,9937.2,55,3549.0,44,2839.2,189,12285.0,546,35490.0,136,8840.0,27,80,33,666,43290.0,251,16315.0,1348,87620.0,81,89,-15,-975.0
2026-08-18,34,AE(IONIQ),CA8160945E,A/S,51.0,191.0,0,0.0,69,3534.3,46,2356.2,16,841.5,13,673.2,60,3060.0,165,8415.0,41,2091.0,8,24,10,202,10302.0,80,4080.0,408,20808.0,19,21,-34,-1734.0
2026-08-18,34,EG,299168707,C,175.0,,0,0.0,2394,418950.0,1596,279300.0,570,99750.0,456,79800.0,269,47075.0,5700,997500.0,1425,249375.0,278,835,348,6957,1217475.0,357,62475.0,14082,2464350.0,667,734,-1760,-308000.0
2026-08-18,34,SM,299106816,A/S,215.0,577.0,0,0.0,824,177168.6,549,118112.4,196,42183.0,157,33746.4,643,138245.0,1962,421830.0,491,105565.0,96,287,120,2395,514925.0,853,183395.0,4848,1042320.0,301,331,-224,-48160.0
2026-08-18,34,NX4-PE(TUCSON),206962614,A/S,93.0,,0,0.0,41,3788.8,27,2525.9,10,902.1,8,721.7,30,2790.0,97,9021.0,24,2232.0,5,14,6,118,10974.0,39,3627.0,239,22227.0,11,12,2,186.0
2026-08-18,34,M-300,299178718,A/S,197.0,611.0,0,0.0,395,77858.3,263,51905.6,94,18537.7,75,14830.2,332,65404.0,941,185377.0,235,46295.0,46,138,57,1148,226156.0,440,86680.0,2324,457828.0,158,174,-49,-9653.0
2026-08-18,34,CK(STINGER),299864385,A/S,51.0,145.0,0,0.0,337,17178.8,225,11452.6,80,4090.2,64,3272.2,295,15045.0,802,40902.0,200,10200.0,39,117,49,979,49929.0,391,19941.0,1981,101031.0,116,128,-137,-6987.0
2026-08-18,34,CV,CA7317387A,A/S,89.0,222.0,0,0.0,436,38763.1,290,25842.0,104,9229.3,83,7383.4,334,29726.0,1037,92293.0,259,23051.0,51,152,63,1266,112674.0,443,39427.0,2562,228018.0,115,127,319,28391.0
2026-08-18,34,JF(K5),299974077,A/S,,678.0,0,0.0,92,5913.6,62,3942.4,22,1408.0,18,1126.4,76,4864.0,220,14080.0,55,3520.0,11,32,13,268,17152.0,102,6528.0,543,34752.0,26,29,3,192.0
2026-08-18,34,HG(GRANDUER),206653682,A/S,,,0,0.0,526,33680.6,351,22453.8,125,8019.2,100,6415.4,408,26112.0,1253,80192.0,313,20032.0,61,184,76,1530,97920.0,541,34624.0,3096,198144.0,212,233,32,2048.0
2026-08-18,34,QL(TUCSON),299243206,E,33.0,,0,0.0,318,10505.9,212,7003.9,76,2501.4,61,2001.1,35,1155.0,758,25014.0,189,6237.0,37,111,46,925,30525.0,47,1551.0,1872,61776.0,108,119,255,8415.0
2026-08-18,34,NX4-PE(TUCSON),206569121,A/S,37.0,135.0,0,0.0,96,3543.1,64,2362.1,23,843.6,18,674.9,81,2997.0,228,8436.0,57,2109.0,11,33,14,278,10286.0,108,3996.0,563,20831.0,38,42,2,74.0
2026-08-18,34,CK(STINGER),299314095,A/S,49.0,,0,0.0,97,4733.4,64,3155.6,23,1127.0,18,901.6,79,3871.0,230,11270.0,58,2842.0,11,34,14,281,13769.0,105,5145.0,569,27881.0,39,43,-20,-980.0
2026-08-18,34,CN7(AVANTE),202972310,A,109.0,76.0,0,0.0,627,68303.8,418,45535.8,149,16262.8,119,13010.2,70,7630.0,1492,162628.0,373,40657.0,73,219,91,1822,198598.0,93,10137.0,3687,401883.0,219,241,212,23108.0
2026-08-18,34,AD-100,299306420,A/S,23.0,92.0,0,0.0,16,376.7,11,251.2,4,89.7,3,71.8,14,322.0,39,897.0,10,230.0,2,6,2,47,1081.0,19,437.0,96,2208.0,6,7,-5,-115.0
2026-08-18,34,NX4-PE(TUCSON),201377210,A/S,72.0,,0,0.0,78,5624.6,52,3749.8,19,1339.2,15,1071.4,62,4464.0,186,13392.0,47,3384.0,9,27,11,228,16416.0,82,5904.0,461,33192.0,25,28,43,3096.0
2026-08-18,34,LX2(PALISADE),299199109,B,,8.0,0,0.0,344,22041.6,230,14694.4,82,5248.0,66,4198.4,41,2624.0,820,52480.0,205,13120.0,40,120,50,1001,64064.0,54,3456.0,2026,129664.0,130,143,63,4032.0
2026-08-18,34,M-300,299678138,A/S,94.0,,0,0.0,511,48007.7,340,32005.1,122,11430.4,97,9144.3,418,39292.0,1216,114304.0,304,28576.0,59,178,74,1484,139496.0,554,52076.0,3004,282376.0,209,230,-52,-4888.0
2026-08-18,34,EG,299263046,A/S,32.0,99.0,0,0.0,113,3601.9,75,2401.3,27,857.6,21,686.1,89,2848.0,268,8576.0,67,2144.0,13,39,16,327,10464.0,117,3744.0,662,21184.0,46,51,42,1344.0
2026-08-18,34,OS(KONA),299124152,A/S,,,0,0.0,75,4811.5,50,3207.7,18,1145.6,14,916.5,58,3712.0,179,11456.0,45,2880.0,9,26,11,219,14016.0,77,4928.0,443,28352.0,26,29,-4,-256.0
2026-08-18,34,OS(KONA),206415288,A/S,58.0,,0,0.0,27,1559.0,18,1039.4,6,371.2,5,297.0,22,1276.0,64,3712.0,16,928.0,3,9,4,78,4524.0,29,1682.0,158,9164.0,8,9,2,116.0
2026-08-18,34,VQ,299374528,A/S,82.0,344.0,0,0.0,160,13087.2,106,8724.8,38,3116.0,30,2492.8,127,10414.0,380,31160.0,95,7790.0,19,56,23,464,38048.0,169,13858.0,939,76998.0,37,41,-12,-984.0
2026-08-18,34,DN8(SONATA),299766566,A/S,71.0,,0,0.0,399,28299.2,266,18866.1,95,6737.9,76,5390.3,335,23785.0,949,67379.0,237,16827.0,46,139,58,1158,82218.0,444,31524.0,2344,166424.0,141,155,89,6319.0
2026-08-18,34,CV,299871730,A/S,114.0,433.0,0,0.0,89,10150.6,59,6767.0,21,2416.8,17,1933.4,70,7980.0,212,24168.0,53,6042.0,10,31,13,259,29526.0,93,10602.0,524,59736.0,30,33,-17,-1938.0
2026-08-18,34,RG3(K9),299358113,A/S,8.0,,0,0.0,3,26.9,2,17.9,1,6.4,1,5.1,3,24.0,8,64.0,2,16.0,0,1,0,10,80.0,4,32.0,20,160.0,1,1,0,0.0
2026-08-18,34,DH(G80),206533951,A/S,73.0,,0,0.0,430,31365.2,286,20910.1,102,7467.9,82,5974.3,343,25039.0,1023,74679.0,256,18688.0,50,150,62,1249,91177.0,455,33215.0,2528,184544.0,0,134,-140,-10220.0
2026-08-18,34,JB,299482507,A/S,87.0,,0,0.0,300,26126.1,200,17417.4,72,6220.5,57,4976.4,233,20271.0,715,62205.0,179,15573.0,35,105,44,872,75864.0,309,26883.0,1766,153642.0,126,139,68,5916.0
2026-08-18,34,CK(STINGER),202895493,A/S,61.0,,0,0.0,37,2254.6,25,1503.0,9,536.8,7,429.4,32,1952.0,88,5368.0,22,1342.0,4,13,5,108,6588.0,42,2562.0,218,13298.0,15,16,-17,-1037.0
2026-08-18,34,JB,201683901,C,31.0,,0,0.0,900,27888.8,600,18592.6,214,6640.2,171,5312.2,108,3348.0,2142,66402.0,535,16585.0,105,314,131,2614,81034.0,143,4433.0,5291,164021.0,283,311,324,10044.0
2026-08-18,34,ON(TELLURIDE),299510196,A/S,31.0,,0,0.0,67,2083.2,45,1388.8,16,496.0,13,396.8,55,1705.0,160,4960.0,40,1240.0,8,23,10,195,6045.0,73,2263.0,395,12245.0,31,34,32,992.0
2026-08-18,34,CN7(AVANTE),299124006,A/S,219.0,572.0,0,0.0,1375,301050.5,916,200700.4,327,71678.7,262,57343.0,1032,226008.0,3273,716787.0,818,179142.0,160,479,200,3995,874905.0,1368,299592.0,8086,1770834.0,520,572,-349,-76431.0
2026-08-18,34,CK(STINGER),299245735,A/S,37.0,,0,0.0,183,6759.9,122,4506.6,44,1609.5,35,1287.6,139,5143.0,435,16095.0,109,4033.0,21,64,27,531,19647.0,183,6771.0,1075,39775.0,57,63,126,4662.0
2026-08-18,34,LX2(PALISADE),299436818,B,94.0,97.0,0,0.0,25,2329.3,17,1552.9,6,554.6,5,443.7,3,282.0,59,5546.0,15,1410.0,3,9,4,72,6768.0,4,376.0,146,13724.0,7,8,7,658.0
2026-08-18,34,VQ,299973777,A/S,48.0,146.0,0,0.0,199,9555.8,133,6370.6,47,2275.2,38,1820.2,140,6720.0,474,22752.0,118,5664.0,23,69,29,578,27744.0,186,8928.0,1170,56160.0,84,92,-8,-384.0
2026-08-18,34,SP2(SORENTO),201945424,A/S,73.0,,0,0.0,13,981.1,9,654.1,3,233.6,3,186.9,10,730.0,32,2336.0,8,584.0,2,5,2,40,2920.0,13,949.0,80,5840.0,4,4,-1,-73.0
2026-08-18,34,AE(IONIQ),299662658,,46.0,169.0,0,0.0,22,1004.6,15,669.8,5,239.2,4,191.4,17,782.0,52,2392.0,13,598.0,3,8,3,63,2898.0,22,1012.0,128,5888.0,8,9,7,322.0
2026-08-18,34,RG3(K9),299901631,A/S,,145.0,0,0.0,250,15993.6,167,10662.4,60,3808.0,48,3046.4,200,12800.0,595,38080.0,149,9536.0,29,87,36,726,46464.0,265,16960.0,1470,94080.0,81,89,-67,-4288.0
2026-08-18,34,NX4-PE(TUCSON),299886870,A/S,104.0,361.0,0,0.0,224,23281.4,149,15521.0,53,5543.2,43,4434.6,164,17056.0,533,55432.0,133,13832.0,26,78,32,650,67600.0,218,22672.0,1316,136864.0,77,85,-16,-1664.0
2026-08-18,34,EG,299495020,A/S,103.0,358.0,0,0.0,154,15833.2,102,10555.4,37,3769.8,29,3015.8,119,12257.0,366,37698.0,92,9476.0,18,54,22,447,46041.0,157,16171.0,905,93215.0,52,57,6,618.0
2026-08-18,34,JF(K5),206345482,A,79.0,90.0,0,0.0,169,13371.5,113,8914.4,40,3183.7,32,2547.0,22,1738.0,403,31837.0,101,7979.0,20,59,25,492,38868.0,29,2291.0,996,78684.0,56,62,-62,-4898.0
2026-08-18,34,EG,299229741,A/S,51.0,196.0,0,0.0,121,6190.4,81,4126.9,29,1473.9,23,1179.1,105,5355.0,289,14739.0,72,3672.0,14,42,18,353,18003.0,138,7038.0,714,36414.0,33,36,-15,-765.0
2026-08-18,34,SM,299915804,E,62.0,,0,0.0,505,31300.1,337,20866.7,120,7452.4,96,5961.9,60,3720.0,1202,74524.0,300,18600.0,59,176,73,1467,90954.0,80,4960.0,2969,184078.0,180,198,170,10540.0
2026-08-18,34,TM,299207285,A/S,30.0,127.0,0,0.0,18,529.2,12,352.8,4,126.0,3,100.8,14,420.0,42,1260.0,10,300.0,2,6,3,51,1530.0,19,570.0,103,3090.0,5,6,0,0.0
2026-08-18,34,DN8(SONATA),299807962,C,25.0,26.0,0,0.0,911,22774.5,607,15183.0,217,5422.5,174,4338.0,113,2825.0,2169,54225.0,542,13550.0,106,318,132,2648,66200.0,149,3725.0,5359,133975.0,343,377,-72,-1800.0
2026-08-18,34,GN7(GRANDUER),CA7529617D,A/S,19.0,65.0,0,0.0,6,119.7,4,79.8,2,28.5,1,22.8,5,95.0,15,285.0,4,76.0,1,2,1,19,361.0,7,133.0,38,722.0,2,2,4,76.0
2026-08-18,34,"SX2(KONA,HMC)",206257198,A/S,57.0,144.0,0,0.0,124,7086.2,83,4724.2,30,1687.2,24,1349.8,113,6441.0,296,16872.0,74,4218.0,14,43,18,362,20634.0,150,8550.0,732,41724.0,51,56,-57,-3249.0
2026-08-18,34,LX2(PALISADE),206580581,E,97.0,67.0,0,0.0,214,20777.4,143,13851.6,51,4947.0,41,3957.6,24,2328.0,510,49470.0,127,12319.0,25,75,31,622,60334.0,31,3007.0,1259,122123.0,87,96,-73,-7081.0
2026-08-18,34,CK(STINGER),299723345,A/S,200.0,701.0,0,0.0,397,79380.0,265,52920.0,94,18900.0,76,15120.0,263,52600.0,945,189000.0,236,47200.0,46,138,58,1154,230800.0,348,69600.0,2335,467000.0,118,130,2,400.0
2026-08-18,34,OS(KONA),299308515,A/S,50.0,,0,0.0,34,1701.0,23,1134.0,8,405.0,6,324.0,28,1400.0,81,4050.0,20,1000.0,4,12,5,99,4950.0,37,1850.0,200,10000.0,14,15,-15,-750.0
2026-08-18,34,JX1,299833883,A,77.0,,0,0.0,937,72150.5,625,48100.4,223,17178.7,178,13743.0,113,8701.0,2231,171787.0,558,42966.0,109,327,136,2723,209671.0,149,11473.0,5512,424424.0,225,248,-360,-27720.0
2026-08-18,34,ON(TELLURIDE),206263080,A/S,44.0,190.0,0,0.0,116,5082.0,77,3388.0,28,1210.0,22,968.0,89,3916.0,275,12100.0,69,3036.0,13,40,17,336,14784.0,118,5192.0,680,29920.0,28,31,61,2684.0
2026-08-18,34,NX4-PE(TUCSON),299746570,C,91.0,,0,0.0,952,86606.5,634,57737.7,227,20620.6,181,16496.5,111,10101.0,2266,206206.0,567,51597.0,111,332,138,2766,251706.0,147,13377.0,5599,509509.0,269,296,-424,-38584.0
2026-08-18,34,DH(G80),206363776,A/S,147.0,,0,0.0,111,16299.4,74,10866.2,26,3880.8,21,3104.6,92,13524.0,264,38808.0,66,9702.0,13,39,16,323,47481.0,122,17934.0,653,95991.0,40,44,-39,-5733.0
2026-08-18,34,QL(TUCSON),299632648,A/S,84.0,310.0,0,0.0,250,21026.9,167,14017.9,60,5006.4,48,4005.1,210,17640.0,596,50064.0,149,12516.0,29,87,36,728,61152.0,278,23352.0,1473,123732.0,64,70,-10,-840.0
2026-08-18,34,PAINT,299730166,원재료,59.0,,5393,318187.0,0,0.0,0,0.0,0,0.0,0,0.0,0,0.0,0,0.0,0,0.0,0,0,0,0,0.0,0,0.0,5393,318187.0,0,0,49,2891.0
2026-08-18,34,RG3(K9),299235740,A/S,55.0,233.0,0,0.0,15,831.6,10,554.4,4,198.0,3,158.4,13,715.0,36,1980.0,9,495.0,2,5,2,44,2420.0,17,935.0,89,4895.0,6,7,-2,-110.0
2026-08-18,34,MX5(SANTAFE),299640883,E,48.0,,0,0.0,268,12862.1,179,8574.7,64,3062.4,51,2449.9,32,1536.0,638,30624.0,160,7680.0,31,93,39,779,37392.0,42,2016.0,1577,75696.0,97,107,-12,-576.0
2026-08-18,34,EG,925W39638,A/S,,,0,0.0,42,2688.0,28,1792.0,10,640.0,8,512.0,31,1984.0,100,6400.0,25,1600.0,5,15,6,122,7808.0,41,2624.0,247,15808.0,19,21,21,1344.0
2026-08-18,34,JX1,299192514,A/S,152.0,378.0,0,0.0,142,21577.9,95,14385.3,34,5137.6,27,4110.1,107,16264.0,338,51376.0,85,12920.0,17,50,21,413,62776.0,142,21584.0,836,127072.0,54,59,-38,-5776.0
2026-08-18,34,CK(STINGER),202283004,A/S,71.0,290.0,0,0.0,774,54928.4,516,36619.0,184,13078.2,147,10462.6,599,42529.0,1842,130782.0,461,32731.0,90,270,112,2248,159608.0,795,56445.0,4551,323121.0,210,231,134,9514.0
2026-08-18,34,GN7(GRANDUER),299201775,A/S,70.0,,0,0.0,100,7026.6,67,4684.4,24,1673.0,19,1338.4,82,5740.0,239,16730.0,60,4200.0,12,35,15,292,20440.0,109,7630.0,591,41370.0,34,37,-79,-5530.0
2026-08-18,34,QL(TUCSON),206237038,A/S,,,0,0.0,15,940.8,10,627.2,4,224.0,3,179.2,10,640.0,35,2240.0,9,576.0,2,5,2,42,2688.0,14,896.0,86,5504.0,5,6,3,192.0
2026-08-18,34,PAINT,299598169,,75.0,,9229,692175.0,0,0.0,0,0.0,0,0.0,0,0.0,0,0.0,0,0.0,0,0.0,0,0,0,0,0.0,0,0.0,9229,692175.0,0,0,-471,-35325.0
2026-08-18,34,GN7(GRANDUER),299188587,A/S,70.0,221.0,0,0.0,88,6144.6,59,4096.4,21,1463.0,17,1170.4,67,4690.0,209,14630.0,52,3640.0,10,31,13,255,17850.0,89,6230.0,516,36120.0,25,28,12,840.0
2026-08-18,34,YP(CARNIVAL),299595706,A/S,35.0,114.0,0,0.0,47,1661.1,32,1107.4,11,395.5,9,316.4,43,1505.0,113,3955.0,28,980.0,6,17,7,138,4830.0,58,2030.0,279,9765.0,16,18,-32,-1120.0
2026-08-18,34,QL(TUCSON),299699216,A/S,54.0,238.0,0,0.0,36,1927.8,24,1285.2,8,459.0,7,367.2,30,1620.0,85,4590.0,21,1134.0,4,12,5,104,5616.0,40,2160.0,210,11340.0,13,14,-10,-540.0
2026-08-18,34,QL(TUCSON),299638132,A/S,93.0,,0,0.0,158,14686.6,105,9791.0,38,3496.8,30,2797.4,117,10881.0,376,34968.0,94,8742.0,18,55,23,459,42687.0,155,14415.0,929,86397.0,77,85,24,2232.0
2026-08-18,34,CN7(AVANTE),206286080,A/S,31.0,127.0,0,0.0,110,3398.2,73,2265.5,26,809.1,21,647.3,84,2604.0,261,8091.0,65,2015.0,13,38,16,319,9889.0,112,3472.0,645,19995.0,37,41,20,620.0
2026-08-18,34,AE(IONIQ),206938285,A/S,78.0,,0,0.0,24,1867.3,16,1244.9,6,444.6,5,355.7,20,1560.0,57,4446.0,14,1092.0,3,8,3,69,5382.0,27,2106.0,140,10920.0,8,9,-11,-858.0
2026-08-18,34,ON(TELLURIDE),201658442,A/S,36.0,120.0,0,0.0,63,2268.0,42,1512.0,15,540.0,12,432.0,43,1548.0,150,5400.0,38,1368.0,7,22,9,183,6588.0,57,2052.0,371,13356.0,16,18,13,468.0
2026-08-18,34,JB,299619175,A/S,72.0,298.0,0,0.0,167,12035.5,111,8023.7,40,2865.6,32,2292.5,131,9432.0,398,28656.0,99,7128.0,19,58,24,485,34920.0,174,12528.0,982,70704.0,55,61,-103,-7416.0
2026-08-18,34,RESIN,299453049,원재료,107.0,,5844,625308.0,0,0.0,0,0.0,0,0.0,0,0.0,0,0.0,0,0.0,0,0.0,0,0,0,0,0.0,0,0.0,5844,625308.0,0,0,-93,-9951.0
2026-08-18,34,VQ,299320073,C,42.0,42.0,0,0.0,228,9596.2,152,6397.4,54,2284.8,44,1827.8,28,1176.0,544,22848.0,136,5712.0,27,80,33,664,27888.0,37,1554.0,1344,56448.0,87,96,39,1638.0
2026-08-18,34,AD-100,201546372,A,170.0,216.0,0,0.0,1782,302878.8,1188,201919.2,424,72114.0,339,57691.2,200,34000.0,4242,721140.0,1060,180200.0,207,621,259,5178,880260.0,265,45050.0,10480,1781600.0,421,463,-27,-4590.0
2026-08-18,34,CK(STINGER),201484467,A/S,179.0,614.0,0,0.0,40,7217.3,27,4811.5,10,1718.4,8,1374.7,32,5728.0,96,17184.0,24,4296.0,5,14,6,117,20943.0,42,7518.0,237,42423.0,16,18,0,0.0
2026-08-18,34,SG2,299208732,A/S,49.0,167.0,0,0.0,111,5453.7,74,3635.8,26,1298.5,21,1038.8,81,3969.0,265,12985.0,66,3234.0,13,39,16,323,15827.0,108,5292.0,654,32046.0,45,50,14,686.0
2026-08-18,34,M-300,299375993,A/S,73.0,276.0,0,0.0,407,29709.5,271,19806.4,97,7073.7,78,5659.0,325,23725.0,969,70737.0,242,17666.0,47,142,59,1182,86286.0,430,31390.0,2393,174689.0,91,100,72,5256.0
2026-08-18,34,SP2(SORENTO),299852826,A/S,88.0,260.0,0,0.0,275,24171.8,183,16114.6,65,5755.2,52,4604.2,215,18920.0,654,57552.0,164,14432.0,32,96,40,799,70312.0,285,25080.0,1617,142296.0,96,106,12,1056.0
2026-08-18,34,QL(TUCSON),CA3010715A,D,50.0,,0,0.0,497,24843.0,331,16562.0,118,5915.0,95,4732.0,55,2750.0,1183,59150.0,296,14800.0,58,173,72,1443,72150.0,74,3700.0,2922,146100.0,233,256,105,5250.0
2026-08-18,34,TM,299498179,A/S,51.0,,0,0.0,8,385.6,5,257.0,2,91.8,1,73.4,6,306.0,18,918.0,5,255.0,1,3,1,22,1122.0,8,408.0,45,2295.0,3,3,-4,-204.0
2026-08-18,34,DH(G80),206388302,D,107.0,121.0,0,0.0,1428,152751.1,952,101834.0,340,36369.3,272,29095.4,159,17013.0,3399,363693.0,850,90950.0,166,498,207,4148,443836.0,211,22577.0,8397,898479.0,471,518,-47,-5029.0
2026-08-18,34,TQ(STAREX),299205557,D,70.0,,0,0.0,1111,77763.0,741,51842.0,264,18515.0,212,14812.0,133,9310.0,2645,185150.0,661,46270.0,129,387,161,3229,226030.0,177,12390.0,6535,457450.0,488,537,-254,-17780.0
2026-08-18,34,MX5(SANTAFE),299656365,A/S,96.0,426.0,0,0.0,383,36812.2,256,24541.4,91,8764.8,73,7011.8,312,29952.0,913,87648.0,228,21888.0,45,134,56,1114,106944.0,414,39744.0,2255,216480.0,135,148,122,11712.0
2026-08-18,34,OS(KONA),299167240,D,100.0,120.0,0,0.0,400,40026.0,267,26684.0,95,9530.0,76,7624.0,49,4900.0,953,95300.0,238,23800.0,47,140,58,1163,116300.0,64,6400.0,2354,235400.0,120,132,-36,-3600.0
2026-08-18,34,AE(IONIQ),299611594,A,29.0,26.0,0,0.0,103,2984.1,69,1989.4,24,710.5,20,568.4,13,377.0,245,7105.0,61,1769.0,12,36,15,299,8671.0,18,522.0,605,17545.0,39,43,0,0.0
2026-08-18,34,EG,299263859,A/S,330.0,,0,0.0,12,3880.8,8,2587.2,3,924.0,2,739.2,8,2640.0,28,9240.0,7,2310.0,1,4,2,34,11220.0,11,3630.0,69,22770.0,4,4,6,1980.0
2026-08-18,34,GN7(GRANDUER),299656413,E,123.0,,0,0.0,1056,129924.9,704,86616.6,252,30934.5,201,24747.6,125,15375.0,2515,309345.0,629,77367.0,123,368,154,3070,377610.0,166,20418.0,6214,764322.0,383,421,157,19311.0
2026-08-18,34,JB,299935947,A/S,99.0,,0,0.0,460,45530.1,307,30353.4,110,10840.5,88,8672.4,358,35442.0,1095,108405.0,274,27126.0,53,160,67,1336,132264.0,475,47025.0,2705,267795.0,135,148,-105,-10395.0
2026-08-18,34,EG,299260839,A/S,220.0,,0,0.0,346,76137.6,231,50758.4,82,18128.0,66,14502.4,268,58960.0,824,181280.0,206,45320.0,40,121,50,1005,221100.0,355,78100.0,2035,447700.0,112,123,86,18920.0
2026-08-18,34,RG3(K9),299478128,A/S,85.0,262.0,0,0.0,71,6033.3,47,4022.2,17,1436.5,14,1149.2,55,4675.0,169,14365.0,42,3570.0,8,25,10,206,17510.0,72,6120.0,417,35445.0,26,29,-15,-1275.0
2026-08-18,34,CV,206549666,A/S,35.0,,0,0.0,21,720.3,14,480.2,5,171.5,4,137.2,16,560.0,49,1715.0,12,420.0,2,7,3,59,2065.0,21,735.0,120,4200.0,9,10,-4,-140.0
2026-08-18,34,EG,299441586,C,205.0,,0,0.0,527,108055.5,351,72037.0,126,25727.5,100,20582.0,63,12915.0,1255,257275.0,314,64370.0,61,184,77,1532,314060.0,83,17015.0,3101,635705.0,191,210,-180,-36900.0
2026-08-18,34,"SX2(KONA,HMC)",202846730,E,203.0,188.0,0,0.0,2643,536626.4,1762,357751.0,629,127768.2,504,102214.6,308,62524.0,6294,1277682.0,1574,319522.0,307,922,384,7683,1559649.0,408,82824.0,15551,3156853.0,1012,1113,-935,-189805.0
2026-08-18,34,RESIN,299577902,원재료,73.0,,10834,790882.0,0,0.0,0,0.0,0,0.0,0,0.0,0,0.0,0,0.0,0,0.0,0,0,0,0,0.0,0,0.0,10834,790882.0,0,0,175,12775.0
2026-08-18,34,AE(IONIQ),299611153,D,78.0,,0,0.0,196,15298.9,131,10199.3,47,3642.6,37,2914.1,24,1872.0,467,36426.0,117,9126.0,23,68,28,570,44460.0,32,2496.0,1154,90012.0,75,82,-8,-624.0
2026-08-18,34,DH(G80),299179075,A/S,68.0,,0,0.0,139,9453.4,93,6302.2,33,2250.8,26,1800.6,104,7072.0,331,22508.0,83,5644.0,16,48,20,404,27472.0,138,9384.0,818,55624.0,51,56,35,2380.0
2026-08-18,34,JB,CA4874952D,A/S,62.0,,0,0.0,282,17472.8,188,11648.6,67,4160.2,54,3328.2,195,12090.0,671,41602.0,168,10416.0,33,98,41,819,50778.0,259,16058.0,1658,102796.0,100,110,298,18476.0
2026-08-18,34,YP(CARNIVAL),206484372,A/S,30.0,103.0,0,0.0,72,2167.2,48,1444.8,17,516.0,14,412.8,61,1830.0,172,5160.0,43,1290.0,8,25,10,210,6300.0,81,2430.0,425,12750.0,27,30,-47,-1410.0
2026-08-18,34,SM,206428752,A,39.0,,0,0.0,54,2096.6,36,1397.8,13,499.2,10,399.4,6,234.0,128,4992.0,32,1248.0,6,19,8,157,6123.0,9,351.0,317,12363.0,18,20,9,351.0
2026-08-18,34,AKZO,299342906,,222.0,251.0,20218,4488396.0,0,0.0,0,0.0,0,0.0,0,0.0,0,0.0,0,0.0,0,0.0,0,0,0,0,0.0,0,0.0,20218,4488396.0,0,0,1961,435342.0
2026-08-18,34,VQ,299254885,D,43.0,,0,0.0,1695,72890.2,1130,48593.4,404,17354.8,323,13883.8,238,10234.0,4036,173548.0,1009,43387.0,197,591,246,4926,211818.0,316,13588.0,9971,428753.0,685,754,-939,-40377.0
2026-08-18,34,RESIN,299211103,원재료,64.0,80.0,2023,129472.0,0,0.0,0,0.0,0,0.0,0,0.0,0,0.0,0,0.0,0,0.0,0,0,0,0,0.0,0,0.0,2023,129472.0,0,0,-202,-12928.0
2026-08-18,34,MX5(SANTAFE),299550048,A/S,41.0,169.0,0,0.0,88,3616.2,59,2410.8,21,861.0,17,688.8,71,2911.0,210,8610.0,53,2173.0,10,31,13,257,10537.0,95,3895.0,520,21320.0,28,31,-54,-2214.0
2026-08-18,34,VQ,299888705,A/S,,,0,0.0,198,12660.5,132,8440.3,47,3014.4,38,2411.5,154,9856.0,471,30144.0,118,7552.0,23,69,29,574,36736.0,205,13120.0,1163,74432.0,70,77,-90,-5760.0
2026-08-18,34,AE(IONIQ),299520483,A/S,45.0,,0,0.0,130,5859.0,87,3906.0,31,1395.0,25,1116.0,104,4680.0,310,13950.0,77,3465.0,15,45,19,378,17010.0,137,6165.0,765,34425.0,43,47,-57,-2565.0
2026-08-18,34,CK(STINGER),299205665,A,21.0,,0,0.0,76,1587.6,50,1058.4,18,378.0,14,302.4,10,210.0,180,3780.0,45,945.0,9,26,11,220,4620.0,14,294.0,445,9345.0,31,34,-78,-1638.0
2026-08-18,34,PAINT,299590969,원재료,48.0,,1240,59520.0,0,0.0,0,0.0,0,0.0,0,0.0,0,0.0,0,0.0,0,0.0,0,0,0,0,0.0,0,0.0,1240,59520.0,0,0,-65,-3120.0
2026-08-18,34,DN8(SONATA),299905538,A/S,185.0,598.0,0,0.0,972,179797.8,648,119865.2,231,42809.0,185,34247.2,748,138380.0,2314,428090.0,579,107115.0,113,339,141,2825,522625.0,992,183520.0,5718,1057830.0,246,271,-219,-40515.0
2026-08-18,34,OS(KONA),299248107,A/S,56.0,,0,0.0,59,3316.3,39,2210.9,14,789.6,11,631.7,49,2744.0,141,7896.0,35,1960.0,7,21,9,172,9632.0,64,3584.0,348,19488.0,23,25,0,0.0
2026-08-18,34,CV,299578366,A/S,149.0,,0,0.0,275,40989.9,183,27326.6,66,9759.5,52,7807.6,225,33525.0,655,97595.0,164,24436.0,32,96,40,799,119051.0,298,44402.0,1618,241082.0,89,98,56,8344.0
2026-08-18,34,SP2(SORENTO),299975671,D,145.0,,0,0.0,1417,205415.7,944,136943.8,337,48908.5,270,39126.8,172,24940.0,3373,489085.0,843,122235.0,165,494,206,4117,596965.0,229,33205.0,8333,1208285.0,444,488,-984,-142680.0
2026-08-18,34,CV,202219234,D,34.0,35.0,0,0.0,522,17735.8,348,11823.8,124,4222.8,99,3378.2,65,2210.0,1242,42228.0,310,10540.0,61,182,76,1516,51544.0,86,2924.0,3068,104312.0,170,187,-196,-6664.0
2026-08-18,34,QL(TUCSON),299853444,E,120.0,130.0,0,0.0,433,51962.4,289,34641.6,103,12372.0,82,9897.6,51,6120.0,1031,123720.0,258,30960.0,50,151,63,1258,150960.0,67,8040.0,2547,305640.0,154,169,-70,-8400.0
2026-08-18,34,SP2(SORENTO),299926920,A/S,39.0,182.0,0,0.0,194,7551.2,129,5034.1,46,1797.9,37,1438.3,143,5577.0,461,17979.0,115,4485.0,23,68,28,563,21957.0,189,7371.0,1139,44421.0,72,79,56,2184.0
2026-08-18,34,SG2,206971170,E,53.0,71.0,0,0.0,434,23016.8,290,15344.6,103,5480.2,83,4384.2,51,2703.0,1034,54802.0,258,13674.0,50,151,63,1262,66886.0,68,3604.0,2554,135362.0,144,158,-250,-13250.0
2026-08-18,34,VQ,299723558,A/S,29.0,,0,0.0,27,791.7,18,527.8,6,188.5,5,150.8,22,638.0,65,1885.0,16,464.0,3,10,4,80,2320.0,29,841.0,161,4669.0,9,10,-1,-29.0
2026-08-18,34,YP(CARNIVAL),201746972,A/S,134.0,473.0,0,0.0,1049,140531.2,699,93687.4,250,33459.8,200,26767.8,787,105458.0,2497,334598.0,624,83616.0,122,366,152,3048,408432.0,1043,139762.0,6169,826646.0,416,458,354,47436.0
2026-08-18,34,PAINT,201445809,원재료,76.0,83.0,7239,550164.0,0,0.0,0,0.0,0,0.0,0,0.0,0,0.0,0,0.0,0,0.0,0,0,0,0,0.0,0,0.0,7239,550164.0,0,0,-152,-11552.0
2026-08-18,34,QL(TUCSON),299796223,A/S,,209.0,0,0.0,131,8386.6,87,5591.0,31,1996.8,25,1597.4,111,7104.0,312,19968.0,78,4992.0,15,46,19,381,24384.0,147,9408.0,771,49344.0,47,52,0,0.0
2026-08-18,34,ON(TELLURIDE),299628905,,246.0,992.0,0,0.0,661,162522.4,440,108348.2,157,38695.8,126,30956.6,485,119310.0,1573,386958.0,393,96678.0,77,230,96,1920,472320.0,643,158178.0,3886,955956.0,290,319,230,56580.0
2026-08-18,34,DN8(SONATA),299645122,A/S,119.0,,0,0.0,253,30137.9,169,20092.0,60,7175.7,48,5740.6,177,21063.0,603,71757.0,151,17969.0,29,88,37,736,87584.0,235,27965.0,1490,177310.0,90,99,39,4641.0
2026-08-18,34,"SX2(KONA,HMC)",299550067,A/S,51.0,144.0,0,0.0,105,5376.4,70,3584.3,25,1280.1,20,1024.1,80,4080.0,251,12801.0,63,3213.0,12,37,15,306,15606.0,107,5457.0,620,31620.0,38,42,7,357.0
2026-08-18,34,AD-100,299513546,A/S,58.0,,0,0.0,27,1583.4,18,1055.6,6,377.0,5,301.6,22,1276.0,65,3770.0,16,928.0,3,9,4,150,8705.8,29,1682.0,231,13403.8,3,10,-1,-58.0
2026-08-18,34,AD-100,299217468,A/S,71.0,,0,0.0,226,16073.0,151,10715.3,54,3826.9,43,3061.5,178,12638.0,539,38269.0,135,9585.0,26,79,33,658,46718.0,236,16756.0,1332,94572.0,82,90,33,2343.0
2026-08-18,34,SP2(SORENTO),299204484,A/S,31.0,,0,0.0,68,2096.2,45,1397.5,16,499.1,13,399.3,57,1767.0,161,4991.0,40,1240.0,8,24,10,197,6107.0,75,2325.0,398,12338.0,25,28,2,62.0
2026-08-18,34,PAINT,299113153,원재료,72.0,87.0,11814,850608.0,0,0.0,0,0.0,0,0.0,0,0.0,0,0.0,0,0.0,0,0.0,0,0,0,0,0.0,0,0.0,11814,850608.0,0,0,62,4464.0
2026-08-18,34,HG(GRANDUER),807W74515,D,,,0,0.0,116,7445.8,78,4963.8,28,1772.8,22,1418.2,13,832.0,277,17728.0,69,4416.0,14,41,17,338,21632.0,17,1088.0,684,43776.0,39,43,54,3456.0
2026-08-18,34,VQ,299221007,A/S,164.0,,0,0.0,453,74252.6,302,49501.8,108,17679.2,86,14143.4,315,51660.0,1078,176792.0,269,44116.0,53,158,66,1316,215824.0,417,68388.0,2663,436732.0,192,211,149,24436.0
2026-08-18,34,DN8(SONATA),299536870,A/S,158.0,474.0,0,0.0,433,68483.5,289,45655.7,103,16305.6,83,13044.5,320,50560.0,1032,163056.0,258,40764.0,50,151,63,1260,199080.0,424,66992.0,2550,402900.0,112,123,89,14062.0
2026-08-18,34,LX2(PALISADE),299249990,C,,,0,0.0,301,19246.1,200,12830.7,72,4582.4,57,3665.9,36,2304.0,716,45824.0,179,11456.0,35,105,44,874,55936.0,47,3008.0,1769,113216.0,60,66,92,5888.0
2026-08-18,34,GN7(GRANDUER),299301428,A/S,24.0,,0,0.0,2,40.3,1,26.9,0,9.6,0,7.7,2,48.0,4,96.0,1,24.0,0,1,0,5,120.0,2,48.0,10,240.0,0,0,-2,-48.0
2026-08-18,34,M-300,299257027,A/S,139.0,529.0,0,0.0,147,20491.4,98,13660.9,35,4878.9,28,3903.1,112,15568.0,351,48789.0,88,12232.0,17,51,21,428,59492.0,148,20572.0,867,120513.0,55,61,-8,-1112.0
2026-08-18,34,YP(CARNIVAL),299985196,A/S,33.0,130.0,0,0.0,21,693.0,14,462.0,5,165.0,4,132.0,16,528.0,50,1650.0,12,396.0,2,7,3,61,2013.0,21,693.0,123,4059.0,4,4,16,528.0
2026-08-18,34,AD-100,299854861,A/S,68.0,246.0,0,0.0,130,8853.6,87,5902.4,31,2108.0,25,1686.4,90,6120.0,310,21080.0,78,5304.0,15,45,19,379,25772.0,119,8092.0,767,52156.0,47,52,93,6324.0
2026-08-18,34,ON(TELLURIDE),299971518,A/S,,,0,0.0,115,7365.1,77,4910.1,27,1753.6,22,1402.9,84,5376.0,274,17536.0,68,4352.0,13,40,17,334,21376.0,112,7168.0,676,43264.0,38,42,-20,-1280.0
2026-08-18,34,OS(KONA),299773941,A/S,,259.0,0,0.0,18,1182.7,12,788.5,4,281.6,4,225.3,13,832.0,44,2816.0,11,704.0,2,6,3,53,3392.0,17,1088.0,108,6912.0,8,9,-8,-512.0
2026-08-18,34,SP2(SORENTO),299767750,A/S,146.0,648.0,0,0.0,241,35136.4,160,23424.2,57,8365.8,46,6692.6,174,25404.0,573,83658.0,143,20878.0,28,84,35,699,102054.0,230,33580.0,1415,206590.0,102,112,44,6424.0
2026-08-18,34,CK(STINGER),299106891,A/S,117.0,467.0,0,0.0,38,4422.6,25,2948.4,9,1053.0,7,842.4,28,3276.0,90,10530.0,23,2691.0,4,13,6,110,12870.0,37,4329.0,223,26091.0,0,21,-2,-234.0
2026-08-18,34,M-300,201168853,D,42.0,56.0,0,0.0,546,22914.4,364,15276.2,130,5455.8,104,4364.6,66,2772.0,1299,54558.0,325,13650.0,63,190,79,1585,66570.0,87,3654.0,3209,134778.0,149,164,-198,-8316.0
2026-08-18,34,PAINT,206320339,원재료,25.0,,243,6075.0,0,0.0,0,0.0,0,0.0,0,0.0,0,0.0,0,0.0,0,0.0,0,0,0,0,0.0,0,0.0,243,6075.0,0,0,1,25.0
2026-08-18,34,JF(K5),299337466,E,265.0,351.0,0,0.0,5348,1417294.2,3566,944862.8,1273,337451.0,1019,269960.8,571,151315.0,12734,3374510.0,3183,843495.0,622,1865,777,15542,4118630.0,756,200340.0,31459,8336635.0,1698,1868,1536,407040.0
2026-08-18,34,CN7(AVANTE),299103733,A/S,,,0,0.0,160,10268.2,107,6845.4,38,2444.8,31,1955.8,124,7936.0,382,24448.0,95,6080.0,19,56,23,466,29824.0,164,10496.0,943,60352.0,61,67,-10,-640.0
2026-08-18,34,RG3(K9),299200438,A/S,16.0,46.0,0,0.0,63,1008.0,42,672.0,15,240.0,12,192.0,51,816.0,150,2400.0,37,592.0,7,22,9,183,2928.0,68,1088.0,370,5920.0,22,24,-17,-272.0
2026-08-18,34,DN8(SONATA),299689304,A/S,383.0,1620.0,0,0.0,559,214265.5,373,142843.7,133,51015.6,107,40812.5,445,170435.0,1332,510156.0,333,127539.0,65,195,81,1626,622758.0,591,226353.0,3291,1260453.0,176,194,119,45577.0
2026-08-18,34,SG2,299714791,E,128.0,153.0,0,0.0,532,68060.2,354,45373.4,127,16204.8,101,12963.8,58,7424.0,1266,162048.0,317,40576.0,62,186,77,1546,197888.0,77,9856.0,3129,400512.0,199,219,270,34560.0
2026-08-18,34,CK(STINGER),299867519,A,426.0,,0,0.0,2598,1106620.2,1732,737746.8,618,263481.0,495,210784.8,278,118428.0,6185,2634810.0,1546,658596.0,302,906,377,7549,3215874.0,369,157194.0,15280,6509280.0,1009,1110,-524,-223224.0
2026-08-18,34,CK(STINGER),299387372,A/S,22.0,94.0,0,0.0,5,110.9,3,73.9,1,26.4,1,21.1,4,88.0,12,264.0,3,66.0,1,2,1,14,308.0,5,110.0,29,638.0,2,2,3,66.0
2026-08-18,34,CK(STINGER),299659987,A/S,23.0,87.0,0,0.0,84,1932.0,56,1288.0,20,460.0,16,368.0,70,1610.0,200,4600.0,50,1150.0,10,29,12,244,5612.0,92,2116.0,494,11362.0,23,25,47,1081.0
2026-08-18,34,MX5(SANTAFE),299432366,E,138.0,138.0,0,0.0,815,112442.4,543,74961.6,194,26772.0,155,21417.6,83,11454.0,1940,267720.0,485,66930.0,95,284,118,2368,326784.0,110,15180.0,4793,661434.0,295,324,239,32982.0
2026-08-18,34,RESIN,206269208,원재료,35.0,,2239,78365.0,0,0.0,0,0.0,0,0.0,0,0.0,0,0.0,0,0.0,0,0.0,0,0,0,0,0.0,0,0.0,2239,78365.0,0,0,118,4130.0
2026-08-18,34,"SX2(KONA,HMC)",288W43807,A/S,107.0,380.0,0,0.0,155,16537.9,103,11025.3,37,3937.6,29,3150.1,116,12412.0,368,39376.0,92,9844.0,18,54,22,449,48043.0,154,16478.0,909,97263.0,62,68,52,5564.0
2026-08-18,34,TM,206925978,A/S,59.0,250.0,0,0.0,40,2354.1,27,1569.4,10,560.5,8,448.4,31,1829.0,95,5605.0,24,1416.0,5,14,6,218,12891.5,41,2419.0,337,19912.5,6,18,15,885.0
2026-08-18,34,LX2(PALISADE),299413658,A/S,79.0,274.0,0,0.0,365,28800.2,243,19200.2,87,6857.2,69,5485.8,268,21172.0,868,68572.0,217,17143.0,42,127,53,1059,83661.0,355,28045.0,2144,169376.0,123,135,216,17064.0
2026-08-18,34,PAINT,963W95918,원재료,24.0,28.0,1422,34128.0,0,0.0,0,0.0,0,0.0,0,0.0,0,0.0,0,0.0,0,0.0,0,0,0,0,0.0,0,0.0,1422,34128.0,0,0,-157,-3768.0
2026-08-18,34,RESIN,299126494,원재료,95.0,,3063,290985.0,0,0.0,0,0.0,0,0.0,0,0.0,0,0.0,0,0.0,0,0.0,0,0,0,0,0.0,0,0.0,3063,290985.0,0,0,-62,-5890.0
2026-08-18,34,CN7(AVANTE),299724799,E,99.0,,0,0.0,24,2370.1,16,1580.0,6,564.3,5,451.4,3,297.0,57,5643.0,14,1386.0,3,8,3,69,6831.0,4,396.0,140,13860.0,6,7,-8,-792.0
2026-08-18,34,DH(G80),137W82862,A/S,50.0,129.0,0,0.0,153,7665.0,102,5110.0,36,1825.0,29,1460.0,129,6450.0,365,18250.0,91,4550.0,18,54,22,446,22300.0,171,8550.0,902,45100.0,48,53,-119,-5950.0
2026-08-18,34,SG2,299384231,A/S,69.0,,0,0.0,196,13504.7,130,9003.1,47,3215.4,37,2572.3,152,10488.0,466,32154.0,116,8004.0,23,68,28,568,39192.0,201,13869.0,1150,79350.0,45,50,49,3381.0
2026-08-18,34,VQ,299985440,A/S,161.0,,0,0.0,446,71744.8,297,47829.9,106,17082.1,85,13665.7,354,56994.0,1061,170821.0,265,42665.0,52,155,65,1295,208495.0,470,75670.0,2621,421981.0,157,173,-175,-28175.0
2026-08-18,34,YP(CARNIVAL),299358066,A/S,56.0,138.0,0,0.0,291,16299.4,194,10866.2,69,3880.8,55,3104.6,242,13552.0,693,38808.0,173,9688.0,34,102,42,846,47376.0,321,17976.0,1712,95872.0,107,118,-15,-840.0
2026-08-18,34,JX1,299148469,A/S,52.0,199.0,0,0.0,103,5350.8,69,3567.2,24,1274.0,20,1019.2,86,4472.0,245,12740.0,61,3172.0,12,36,15,299,15548.0,114,5928.0,605,31460.0,31,34,-53,-2756.0
2026-08-18,34,DH(G80),299940747,A/S,9.0,,0,0.0,3,26.5,2,17.6,1,6.3,1,5.0,3,27.0,7,63.0,2,18.0,0,1,0,8,72.0,4,36.0,17,153.0,1,1,1,9.0
2026-08-18,34,EG,447W20693,A/S,63.0,,0,0.0,181,11377.8,120,7585.2,43,2709.0,34,2167.2,157,9891.0,430,27090.0,107,6741.0,21,63,26,998,62842.5,207,13041.0,1535,96673.5,16,52,-63,-3969.0
2026-08-18,34,DN8(SONATA),201919320,A/S,63.0,297.0,0,0.0,12,740.9,8,493.9,3,176.4,2,141.1,9,567.0,28,1764.0,7,441.0,1,4,2,34,2142.0,12,756.0,69,4347.0,4,4,7,441.0
2026-08-18,34,VQ,299229341,B,69.0,69.0,0,0.0,581,40108.3,388,26738.9,138,9549.6,111,7639.7,68,4692.0,1384,95496.0,346,23874.0,68,203,84,1689,116541.0,90,6210.0,3419,235911.0,239,263,-416,-28704.0
2026-08-18,34,QL(TUCSON),299202309,E,159.0,169.0,0,0.0,646,102774.4,431,68516.3,154,24470.1,123,19576.1,61,9699.0,1539,244701.0,385,61215.0,75,225,94,1879,298761.0,81,12879.0,3803,604677.0,190,209,3,477.0
2026-08-18,34,TM,299428014,D,39.0,45.0,0,0.0,129,5012.3,86,3341.5,31,1193.4,24,954.7,15,585.0,306,11934.0,77,3003.0,15,45,19,374,14586.0,20,780.0,757,29523.0,39,43,21,819.0
2026-08-18,34,EG,299932942,A/S,15.0,,0,0.0,22,333.9,15,222.6,5,79.5,4,63.6,17,255.0,53,795.0,13,195.0,3,8,3,65,975.0,22,330.0,131,1965.0,11,12,7,105.0
2026-08-18,34,TM,299288184,A/S,108.0,391.0,0,0.0,119,12882.2,80,8588.2,28,3067.2,23,2453.8,99,10692.0,284,30672.0,71,7668.0,14,42,17,346,37368.0,132,14256.0,701,75708.0,33,36,-7,-756.0
2026-08-18,34,PAINT,206711373,원재료,42.0,54.0,2774,116508.0,0,0.0,0,0.0,0,0.0,0,0.0,0,0.0,0,0.0,0,0.0,0,0,0,0,0.0,0,0.0,2774,116508.0,0,0,-6,-252.0
2026-08-18,34,QL(TUCSON),299966438,,25.0,96.0,0,0.0,66,1659.0,44,1106.0,16,395.0,13,316.0,62,1550.0,158,3950.0,39,975.0,8,23,10,192,4800.0,83,2075.0,389,9725.0,19,21,-65,-1625.0
2026-08-18,34,RESIN,206259948,원재료,92.0,107.0,8676,798192.0,0,0.0,0,0.0,0,0.0,0,0.0,0,0.0,0,0.0,0,0.0,0,0,0,0,0.0,0,0.0,8676,798192.0,0,0,-1059,-97428.0
2026-08-18,34,JX1,299240407,E,140.0,154.0,0,0.0,2416,338276.4,1611,225517.6,575,80542.0,460,64433.6,298,41720.0,5753,805420.0,1438,201320.0,281,843,351,7023,983220.0,395,55300.0,14214,1989960.0,719,791,-1291,-180740.0
2026-08-18,34,EG,206280405,A/S,137.0,372.0,0,0.0,140,19160.8,93,12773.9,33,4562.1,27,3649.7,93,12741.0,333,45621.0,83,11371.0,16,49,20,406,55622.0,123,16851.0,822,112614.0,54,59,35,4795.0
2026-08-18,34,AE-PE(IONIQ),299247108,E,61.0,73.0,0,0.0,233,14219.1,155,9479.4,56,3385.5,44,2708.4,28,1708.0,555,33855.0,139,8479.0,27,81,34,677,41297.0,37,2257.0,1371,83631.0,93,102,3,183.0
2026-08-18,34,SM,299274785,A/S,83.0,,0,0.0,91,7564.6,61,5043.1,22,1801.1,17,1440.9,67,5561.0,217,18011.0,54,4482.0,11,32,13,265,21995.0,89,7387.0,536,44488.0,33,36,-30,-2490.0
2026-08-18,34,JB,299496009,A/S,33.0,,0,0.0,5,166.3,3,110.9,1,39.6,1,31.7,5,165.0,12,396.0,3,99.0,1,2,1,15,495.0,6,198.0,30,990.0,1,1,-2,-66.0
2026-08-18,34,NX4-PE(TUCSON),CA5483385B,A/S,54.0,145.0,0,0.0,165,8913.2,110,5942.2,39,2122.2,31,1697.8,135,7290.0,393,21222.0,98,5292.0,19,58,24,480,25920.0,178,9612.0,971,52434.0,74,81,-20,-1080.0
2026-08-18,34,CN7(AVANTE),299815727,A/S,38.0,134.0,0,0.0,200,7597.0,133,5064.6,48,1808.8,38,1447.0,158,6004.0,476,18088.0,119,4522.0,23,70,29,581,22078.0,210,7980.0,1176,44688.0,83,91,79,3002.0
2026-08-18,34,ON(TELLURIDE),206709786,A/S,50.0,198.0,0,0.0,139,6951.0,93,4634.0,33,1655.0,26,1324.0,106,5300.0,331,16550.0,83,4150.0,16,48,20,404,20200.0,141,7050.0,818,40900.0,40,44,47,2350.0
2026-08-18,34,AE(IONIQ),299784034,A/S,31.0,115.0,0,0.0,27,833.3,18,555.5,6,198.4,5,158.7,22,682.0,64,1984.0,16,496.0,3,9,4,79,2449.0,29,899.0,159,4929.0,12,13,1,31.0
2026-08-18,34,AE-PE(IONIQ),299100514,A/S,73.0,250.0,0,0.0,136,9964.5,91,6643.0,32,2372.5,26,1898.0,115,8395.0,325,23725.0,81,5913.0,16,48,20,397,28981.0,152,11096.0,803,58619.0,43,47,-18,-1314.0
2026-08-18,34,CV,206668654,C,29.0,34.0,0,0.0,16,462.8,11,308.6,4,110.2,3,88.2,2,58.0,38,1102.0,10,290.0,2,6,2,46,1334.0,2,58.0,94,2726.0,5,6,3,87.0
2026-08-18,34,YP(CARNIVAL),661868798,A/S,162.0,,0,0.0,1273,206161.2,848,137440.8,303,49086.0,242,39268.8,1011,163782.0,3030,490860.0,758,122796.0,148,444,185,3699,599238.0,1341,217242.0,7487,1212894.0,409,450,-98,-15876.0
2026-08-18,34,NX4-PE(TUCSON),197W11498,C,60.0,61.0,0,0.0,284,17060.4,190,11373.6,68,4062.0,54,3249.6,33,1980.0,677,40620.0,169,10140.0,33,99,41,827,49620.0,43,2580.0,1673,100380.0,116,128,84,5040.0
2026-08-18,34,PAINT,299689714,원재료,63.0,,781,49203.0,0,0.0,0,0.0,0,0.0,0,0.0,0,0.0,0,0.0,0,0.0,0,0,0,0,0.0,0,0.0,781,49203.0,0,0,-44,-2772.0
2026-08-18,34,"SX2(KONA,HMC)",299937312,D,119.0,,0,0.0,354,42183.1,236,28122.1,84,10043.6,68,8034.9,37,4403.0,844,100436.0,211,25109.0,41,124,52,1031,122689.0,49,5831.0,2086,248234.0,127,140,32,3808.0
2026-08-18,34,CV,206230977,A/S,25.0,106.0,0,0.0,22,546.0,15,364.0,5,130.0,4,104.0,17,425.0,52,1300.0,13,325.0,3,8,3,63,1575.0,23,575.0,128,3200.0,9,10,-8,-200.0
2026-08-18,34,TQ(STAREX),206111358,A/S,210.0,715.0,0,0.0,1184,248635.8,789,165757.2,282,59199.0,226,47359.2,903,189630.0,2819,591990.0,705,148050.0,138,413,172,3441,722610.0,1197,251370.0,6965,1462650.0,396,436,-63,-13230.0
2026-08-18,34,TM,299103313,A/S,69.0,271.0,0,0.0,272,18750.1,181,12500.0,65,4464.3,52,3571.4,204,14076.0,647,44643.0,162,11178.0,32,95,39,789,54441.0,271,18699.0,1598,110262.0,71,78,-90,-6210.0
2026-08-18,34,EG,206982934,A/S,43.0,152.0,0,0.0,509,21888.7,339,14592.5,121,5211.6,97,4169.3,419,18017.0,1212,52116.0,303,13029.0,59,177,74,1479,63597.0,555,23865.0,2994,128742.0,134,147,275,11825.0
2026-08-18,34,VQ,299882203,A/S,54.0,175.0,0,0.0,493,26626.3,329,17750.9,117,6339.6,94,5071.7,387,20898.0,1174,63396.0,294,15876.0,57,172,72,1433,77382.0,514,27756.0,2901,156654.0,155,170,5,270.0
2026-08-18,34,DH(G80),299653598,B,217.0,202.0,0,0.0,3006,652380.1,2004,434920.1,716,155328.6,573,124262.9,326,70742.0,7158,1553286.0,1790,388430.0,349,1048,437,8737,1895929.0,432,93744.0,17685,3837645.0,0,1032,458,99386.0
2026-08-18,34,PAINT,299323851,원재료,13.0,,1060,13780.0,0,0.0,0,0.0,0,0.0,0,0.0,0,0.0,0,0.0,0,0.0,0,0,0,0,0.0,0,0.0,1060,13780.0,0,0,134,1742.0
2026-08-18,34,JB,299571775,C,208.0,249.0,0,0.0,425,88495.7,284,58997.1,101,21070.4,81,16856.3,46,9568.0,1013,210704.0,253,52624.0,49,148,62,1236,257088.0,61,12688.0,2502,520416.0,157,173,-361,-75088.0
2026-08-18,34,JB,206763460,A/S,102.0,353.0,0,0.0,306,31230.4,204,20820.2,73,7435.8,58,5948.6,237,24174.0,729,74358.0,182,18564.0,36,107,44,890,90780.0,314,32028.0,1801,183702.0,106,117,117,11934.0
2026-08-18,34,DN8(SONATA),299193013,A/S,44.0,198.0,0,0.0,17,757.7,11,505.1,4,180.4,3,144.3,12,528.0,41,1804.0,10,440.0,2,6,2,50,2200.0,16,704.0,101,4444.0,6,7,4,176.0
2026-08-18,34,JB,299203720,A/S,41.0,,0,0.0,75,3082.4,50,2054.9,18,733.9,14,587.1,58,2378.0,179,7339.0,45,1845.0,9,26,11,218,8938.0,76,3116.0,442,18122.0,25,28,59,2419.0
2026-08-18,34,OS(KONA),206313611,A/S,67.0,260.0,0,0.0,276,18516.1,184,12344.1,66,4408.6,53,3526.9,229,15343.0,658,44086.0,165,11055.0,32,96,40,803,53801.0,303,20301.0,1626,108942.0,0,82,80,5360.0
2026-08-18,34,DN8(SONATA),299470701,E,67.0,,0,0.0,479,32107.7,319,21405.2,114,7644.7,91,6115.8,58,3886.0,1141,76447.0,285,19095.0,56,167,70,1393,93331.0,77,5159.0,2819,188873.0,136,150,-1,-67.0
2026-08-18,34,MX5(SANTAFE),299677573,A/S,123.0,588.0,0,0.0,45,5527.6,30,3685.1,11,1316.1,9,1052.9,32,3936.0,107,13161.0,27,3321.0,5,16,6,130,15990.0,43,5289.0,264,32472.0,18,20,-15,-1845.0
2026-08-18,34,MX5(SANTAFE),299921883,A/S,68.0,278.0,0,0.0,17,1142.4,11,761.6,4,272.0,3,217.6,13,884.0,40,2720.0,10,680.0,2,6,2,48,3264.0,18,1224.0,98,6664.0,6,7,-8,-544.0
2026-08-18,34,VQ,299523212,A/S,85.0,365.0,0,0.0,23,1963.5,15,1309.0,6,467.5,4,374.0,17,1445.0,55,4675.0,14,1190.0,3,8,3,67,5695.0,23,1955.0,136,11560.0,8,9,2,170.0
2026-08-18,34,CN7(AVANTE),299904080,E,90.0,,0,0.0,1127,101417.4,751,67611.6,268,24147.0,215,19317.6,146,13140.0,2683,241470.0,671,60390.0,131,393,164,3274,294660.0,194,17460.0,6628,596520.0,363,399,-869,-78210.0
2026-08-18,34,PAINT,299132130,원재료,104.0,117.0,14979,1557816.0,0,0.0,0,0.0,0,0.0,0,0.0,0,0.0,0,0.0,0,0.0,0,0,0,0,0.0,0,0.0,14979,1557816.0,0,0,110,11440.0
2026-08-18,34,GN7(GRANDUER),299461846,C,,24.0,0,0.0,494,31610.9,329,21073.9,118,7526.4,94,6021.1,66,4224.0,1176,75264.0,294,18816.0,57,172,72,1435,91840.0,87,5568.0,2905,185920.0,154,169,-173,-11072.0
2026-08-18,34,TQ(STAREX),299703083,A/S,63.0,265.0,0,0.0,29,1852.2,20,1234.8,7,441.0,6,352.8,21,1323.0,70,4410.0,17,1071.0,3,10,4,85,5355.0,28,1764.0,172,10836.0,12,13,-4,-252.0
2026-08-18,34,DH(G80),299711084,A/S,46.0,,0,0.0,9,425.0,6,283.4,2,101.2,2,81.0,7,322.0,22,1012.0,6,276.0,1,3,1,27,1242.0,9,414.0,55,2530.0,3,3,1,46.0
2026-08-18,34,PAINT,299868777,원재료,112.0,,9049,1013488.0,0,0.0,0,0.0,0,0.0,0,0.0,0,0.0,0,0.0,0,0.0,0,0,0,0,0.0,0,0.0,9049,1013488.0,0,0,-560,-62720.0
2026-08-18,34,DH(G80),201150752,A/S,49.0,221.0,0,0.0,144,7058.9,96,4706.0,34,1680.7,27,1344.6,123,6027.0,343,16807.0,86,4214.0,17,50,21,418,20482.0,163,7987.0,847,41503.0,61,67,-12,-588.0
2026-08-18,34,LX2(PALISADE),206161314,A/S,43.0,208.0,0,0.0,72,3106.3,48,2070.9,17,739.6,14,591.7,61,2623.0,172,7396.0,43,1849.0,8,25,10,210,9030.0,81,3483.0,425,18275.0,27,30,-24,-1032.0
2026-08-18,34,MX5(SANTAFE),202241888,A/S,181.0,,0,0.0,597,108024.4,398,72016.3,142,25720.1,114,20576.1,437,79097.0,1421,257201.0,355,64255.0,69,208,87,1735,314035.0,579,104799.0,3511,635491.0,215,237,76,13756.0
2026-08-18,34,CV,299913430,D,39.0,,0,0.0,475,18525.8,317,12350.5,113,4410.9,90,3528.7,59,2301.0,1131,44109.0,283,11037.0,55,166,69,1381,53859.0,78,3042.0,2795,109005.0,227,250,-280,-10920.0
2026-08-18,34,ON(TELLURIDE),299467073,A/S,253.0,739.0,0,0.0,1352,341944.7,901,227963.1,322,81415.4,257,65132.3,1050,265650.0,3218,814154.0,805,203665.0,157,471,196,3928,993784.0,1392,352176.0,7951,2011603.0,521,573,-803,-203159.0
2026-08-18,34,VQ,101592440,A/S,41.0,137.0,0,0.0,151,6199.2,101,4132.8,36,1476.0,29,1180.8,123,5043.0,360,14760.0,90,3690.0,18,53,22,439,17999.0,163,6683.0,889,36449.0,58,64,-59,-2419.0
2026-08-18,34,CN7(AVANTE),299354072,A/S,66.0,226.0,0,0.0,260,17131.0,173,11420.6,62,4078.8,49,3263.0,219,14454.0,618,40788.0,154,10164.0,30,90,38,754,49764.0,291,19206.0,1526,100716.0,70,77,-48,-3168.0
2026-08-18,34,SG2,299170252,A/S,59.0,204.0,0,0.0,36,2106.3,24,1404.2,8,501.5,7,401.2,26,1534.0,85,5015.0,21,1239.0,4,12,5,103,6077.0,35,2065.0,209,12331.0,11,12,17,1003.0
2026-08-18,34,TQ(STAREX),299631231,A/S,137.0,482.0,0,0.0,423,58000.3,282,38666.9,101,13809.6,81,11047.7,322,44114.0,1008,138096.0,252,34524.0,49,148,62,1230,168510.0,427,58499.0,2490,341130.0,143,157,-2,-274.0
2026-08-18,34,DH(G80),206517498,C,72.0,,0,0.0,618,44483.0,412,29655.4,147,10591.2,118,8473.0,73,5256.0,1471,105912.0,368,26496.0,72,216,90,1796,129312.0,97,6984.0,3635,261720.0,261,287,53,3816.0
2026-08-18,34,JX1,299874698,B,62.0,77.0,0,0.0,295,18306.1,197,12204.1,70,4358.6,56,3486.9,36,2232.0,703,43586.0,176,10912.0,34,103,43,858,53196.0,47,2914.0,1737,107694.0,105,116,-15,-930.0
2026-08-18,34,JF(K5),CA6602060B,A/S,26.0,99.0,0,0.0,29,742.6,19,495.0,7,176.8,5,141.4,23,598.0,68,1768.0,17,442.0,3,10,4,83,2158.0,30,780.0,168,4368.0,9,10,2,52.0
2026-08-18,34,LX2(PALISADE),299841136,A,24.0,24.0,0,0.0,725,17398.1,483,11598.7,173,4142.4,138,3313.9,97,2328.0,1726,41424.0,432,10368.0,84,253,105,2107,50568.0,128,3072.0,4265,102360.0,278,306,-407,-9768.0
2026-08-18,34,PAINT,299280726,원재료,97.0,,3799,368503.0,0,0.0,0,0.0,0,0.0,0,0.0,0,0.0,0,0.0,0,0.0,0,0,0,0,0.0,0,0.0,3799,368503.0,0,0,1,97.0
2026-08-18,34,OS(KONA),299107851,D,21.0,,0,0.0,172,3607.4,115,2404.9,41,858.9,33,687.1,21,441.0,409,8589.0,102,2142.0,20,60,25,499,10479.0,28,588.0,1010,21210.0,55,61,-67,-1407.0
2026-08-18,34,"SX2(KONA,HMC)",CA8528918E,A/S,32.0,95.0,0,0.0,61,1948.8,41,1299.2,14,464.0,12,371.2,45,1440.0,145,4640.0,36,1152.0,7,21,9,177,5664.0,60,1920.0,358,11456.0,16,18,2,64.0
2026-08-18,34,CN7(AVANTE),299963654,A/S,69.0,277.0,0,0.0,106,7331.9,71,4888.0,25,1745.7,20,1396.6,85,5865.0,253,17457.0,63,4347.0,12,37,15,308,21252.0,112,7728.0,624,43056.0,39,43,9,621.0
2026-08-18,34,PAINT,299593654,원재료,34.0,46.0,6815,231710.0,0,0.0,0,0.0,0,0.0,0,0.0,0,0.0,0,0.0,0,0.0,0,0,0,0,0.0,0,0.0,6815,231710.0,0,0,250,8500.0
2026-08-18,34,TQ(STAREX),299770445,E,98.0,,0,0.0,2288,224239.7,1525,149493.1,545,53390.4,436,42712.3,285,27930.0,5448,533904.0,1362,133476.0,266,798,332,12635,1238230.0,377,36946.0,19445,1905610.0,310,976,-921,-90258.0
2026-08-18,34,CK(STINGER),299869328,A/S,32.0,146.0,0,0.0,35,1115.5,23,743.7,8,265.6,7,212.5,29,928.0,83,2656.0,21,672.0,4,12,5,101,3232.0,39,1248.0,205,6560.0,13,14,-24,-768.0
2026-08-18,34,DH(G80),299764623,A/S,151.0,607.0,0,0.0,98,14840.3,66,9893.5,23,3533.4,19,2826.7,73,11023.0,234,35334.0,58,8758.0,11,34,14,285,43035.0,97,14647.0,577,87127.0,30,33,8,1208.0
2026-08-18,34,CK(STINGER),299599277,A/S,24.0,,0,0.0,32,776.2,22,517.4,8,184.8,6,147.8,26,624.0,77,1848.0,19,456.0,4,11,5,93,2232.0,34,816.0,189,4536.0,11,12,-1,-24.0
2026-08-18,34,ON(TELLURIDE),299115352,A/S,220.0,,0,0.0,95,20882.4,63,13921.6,23,4972.0,18,3977.6,69,15180.0,226,49720.0,57,12540.0,11,33,14,276,60720.0,91,20020.0,559,122980.0,36,40,-2,-440.0
2026-08-18,34,HG(GRANDUER),CA5553820C,C,71.0,,0,0.0,760,53974.2,507,35982.8,181,12851.0,145,10280.8,89,6319.0,1810,128510.0,453,32163.0,88,265,110,2209,156839.0,117,8307.0,4472,317512.0,246,271,-244,-17324.0
2026-08-18,34,CV,202829861,E,22.0,,0,0.0,97,2125.2,64,1416.8,23,506.0,18,404.8,12,264.0,230,5060.0,57,1254.0,11,34,14,280,6160.0,16,352.0,567,12474.0,26,29,-2,-44.0
2026-08-18,34,SG2,299195374,A/S,36.0,146.0,0,0.0,51,1844.6,34,1229.8,12,439.2,10,351.4,39,1404.0,122,4392.0,31,1116.0,6,18,7,149,5364.0,51,1836.0,302,10872.0,15,16,-5,-180.0
2026-08-18,34,M-300,299590854,A/S,69.0,333.0,0,0.0,636,43875.7,424,29250.5,151,10446.6,121,8357.3,486,33534.0,1514,104466.0,379,26151.0,74,222,92,1848,127512.0,645,44505.0,3741,258129.0,184,202,-117,-8073.0
2026-08-18,34,SG2,299906312,C,,35.0,0,0.0,797,51018.2,531,34012.2,190,12147.2,152,9717.8,88,5632.0,1898,121472.0,475,30400.0,93,278,116,2317,148288.0,116,7424.0,4690,300160.0,333,366,-309,-19776.0
2026-08-18,34,CN7(AVANTE),299408373,A/S,160.0,,0,0.0,114,18211.2,76,12140.8,27,4336.0,22,3468.8,82,13120.0,271,43360.0,68,10880.0,13,40,17,331,52960.0,109,17440.0,670,107200.0,40,44,48,7680.0
2026-08-18,34,QL(TUCSON),299314951,A,9.0,11.0,0,0.0,52,468.7,35,312.5,12,111.6,10,89.3,7,63.0,124,1116.0,31,279.0,6,18,8,152,1368.0,9,81.0,307,2763.0,16,18,-17,-153.0
2026-08-18,34,AE-PE(IONIQ),299570922,A/S,247.0,,0,0.0,1690,417553.5,1127,278369.0,402,99417.5,322,79534.0,1389,343083.0,4025,994175.0,1006,248482.0,197,590,246,4913,1213511.0,1841,454727.0,9944,2456168.0,705,776,-292,-72124.0
2026-08-18,34,SM,201490719,A/S,45.0,,0,0.0,263,11850.3,176,7900.2,63,2821.5,50,2257.2,190,8550.0,627,28215.0,157,7065.0,31,92,38,766,34470.0,251,11295.0,1550,69750.0,121,133,135,6075.0
2026-08-18,34,VQ,206863848,A/S,141.0,345.0,0,0.0,357,50396.2,238,33597.5,85,11999.1,68,9599.3,277,39057.0,851,119991.0,213,30033.0,42,125,52,1039,146499.0,367,51747.0,2103,296523.0,99,109,-135,-19035.0
2026-08-18,34,VQ,299809915,E,128.0,152.0,0,0.0,1436,183859.2,958,122572.8,342,43776.0,274,35020.8,172,22016.0,3420,437760.0,855,109440.0,167,501,209,4174,534272.0,227,29056.0,8449,1081472.0,567,624,148,18944.0
2026-08-18,34,JX1,299752523,A/S,105.0,,0,0.0,405,42556.5,270,28371.0,96,10132.5,77,8106.0,315,33075.0,965,101325.0,241,25305.0,47,141,59,1178,123690.0,417,43785.0,2384,250320.0,108,119,-74,-7770.0
2026-08-18,34,JB,299141207,D,196.0,264.0,0,0.0,2120,415469.0,1413,276979.4,505,98921.2,404,79137.0,241,47236.0,5047,989212.0,1262,247352.0,246,739,308,6160,1207360.0,319,62524.0,12469,2443924.0,940,1034,-15,-2940.0
2026-08-18,34,SM,299224939,A/S,157.0,,0,0.0,233,36596.7,155,24397.8,56,8713.5,44,6970.8,167,26219.0,555,87135.0,139,21823.0,27,81,34,677,106289.0,222,34854.0,1371,215247.0,79,87,54,8478.0
2026-08-18,34,DN8(SONATA),202852939,A,73.0,67.0,0,0.0,1233,89987.1,822,59991.4,294,21425.5,235,17140.4,132,9636.0,2935,214255.0,734,53582.0,143,430,179,3582,261486.0,175,12775.0,7251,529323.0,343,377,-2,-146.0
2026-08-18,34,PAINT,299460377,원재료,52.0,,2620,136240.0,0,0.0,0,0.0,0,0.0,0,0.0,0,0.0,0,0.0,0,0.0,0,0,0,0,0.0,0,0.0,2620,136240.0,0,0,342,17784.0
2026-08-18,34,M-300,299941427,A/S,20.0,83.0,0,0.0,171,3427.2,114,2284.8,41,816.0,33,652.8,134,2680.0,408,8160.0,102,2040.0,20,60,25,499,9980.0,178,3560.0,1009,20180.0,41,45,152,3040.0
2026-08-18,34,ON(TELLURIDE),299183690,D,29.0,,0,0.0,98,2837.9,65,1892.0,23,675.7,19,540.6,12,348.0,233,6757.0,58,1682.0,11,34,14,284,8236.0,16,464.0,575,16675.0,43,47,37,1073.0
2026-08-18,34,OS(KONA),299597446,A/S,56.0,182.0,0,0.0,102,5715.4,68,3810.2,24,1360.8,19,1088.6,84,4704.0,243,13608.0,61,3416.0,12,36,15,297,16632.0,112,6272.0,601,33656.0,24,26,-33,-1848.0
2026-08-18,34,RESIN,299612728,원재료,52.0,,4914,255528.0,0,0.0,0,0.0,0,0.0,0,0.0,0,0.0,0,0.0,0,0.0,0,0,0,0,0.0,0,0.0,4914,255528.0,0,0,-725,-37700.0
2026-08-18,34,AE-PE(IONIQ),299311344,A/S,43.0,,0,0.0,122,5255.5,81,3503.6,29,1251.3,23,1001.0,96,4128.0,291,12513.0,73,3139.0,14,43,18,355,15265.0,127,5461.0,719,30917.0,43,47,-5,-215.0
2026-08-18,34,GN7(GRANDUER),206893737,A/S,76.0,,0,0.0,24,1787.5,16,1191.7,6,425.6,4,340.5,17,1292.0,56,4256.0,14,1064.0,3,8,3,68,5168.0,23,1748.0,138,10488.0,7,8,-2,-152.0
2026-08-18,34,QL(TUCSON),CA8745561D,A/S,57.0,,0,0.0,27,1532.2,18,1021.4,6,364.8,5,291.8,21,1197.0,64,3648.0,16,912.0,3,9,4,78,4446.0,27,1539.0,158,9006.0,14,15,12,684.0
2026-08-18,34,SG2,206709924,E,29.0,36.0,0,0.0,546,15821.8,364,10547.9,130,3767.1,104,3013.7,69,2001.0,1299,37671.0,325,9425.0,63,190,79,1585,45965.0,91,2639.0,3209,93061.0,232,255,-101,-2929.0
2026-08-18,34,RESIN,299779377,원재료,,91.0,6773,433472.0,0,0.0,0,0.0,0,0.0,0,0.0,0,0.0,0,0.0,0,0.0,0,0,0,0,0.0,0,0.0,6773,433472.0,0,0,239,15296.0
2026-08-18,34,DH(G80),202539133,A/S,141.0,,0,0.0,138,19424.2,92,12949.4,33,4624.8,26,3699.8,114,16074.0,328,46248.0,82,11562.0,16,48,20,400,56400.0,150,21150.0,810,114210.0,47,52,-54,-7614.0
2026-08-18,34,SM,299738687,A/S,246.0,,0,0.0,1479,363789.7,986,242526.5,352,86616.6,282,69293.3,1071,263466.0,3521,866166.0,880,216480.0,172,516,215,4297,1057062.0,1420,349320.0,8698,2139708.0,466,513,405,99630.0
2026-08-18,34,TM,299634743,A/S,174.0,580.0,0,0.0,114,19804.7,76,13203.1,27,4715.4,22,3772.3,77,13398.0,271,47154.0,68,11832.0,13,40,17,331,57594.0,103,17922.0,670,116580.0,42,46,33,5742.0
2026-08-18,34,TQ(STAREX),299717988,A/S,228.0,,0,0.0,431,98249.8,287,65499.8,103,23392.8,82,18714.2,350,79800.0,1026,233928.0,256,58368.0,50,150,63,1252,285456.0,464,105792.0,2534,577752.0,117,129,-335,-76380.0
2026-08-18,34,AE-PE(IONIQ),206859211,E,69.0,64.0,0,0.0,260,17909.6,173,11939.8,62,4264.2,49,3411.4,32,2208.0,618,42642.0,154,10626.0,30,90,38,754,52026.0,42,2898.0,1526,105294.0,91,100,-23,-1587.0
2026-08-18,34,AD-100,299498967,A/S,157.0,,0,0.0,882,138408.1,588,92272.0,210,32954.3,168,26363.4,614,96398.0,2099,329543.0,525,82425.0,102,307,128,2562,402234.0,814,127798.0,5186,814202.0,370,407,405,63585.0
2026-08-18,34,PAINT,206869420,원재료,53.0,,3254,172462.0,0,0.0,0,0.0,0,0.0,0,0.0,0,0.0,0,0.0,0,0.0,0,0,0,0,0.0,0,0.0,3254,172462.0,0,0,-145,-7685.0
2026-08-18,34,TQ(STAREX),299524898,A/S,41.0,146.0,0,0.0,97,3960.6,64,2640.4,23,943.0,18,754.4,82,3362.0,230,9430.0,57,2337.0,11,34,14,280,11480.0,109,4469.0,567,23247.0,36,40,4,164.0
2026-08-18,34,RG3(K9),299270138,A/S,189.0,774.0,0,0.0,377,71203.9,251,47469.2,90,16953.3,72,13562.6,302,57078.0,897,169533.0,224,42336.0,44,131,55,1095,206955.0,400,75600.0,2216,418824.0,127,140,-213,-40257.0
2026-08-18,34,QL(TUCSON),894W25007,B,93.0,139.0,0,0.0,4800,446377.7,3200,297585.1,1143,106280.4,914,85024.3,639,59427.0,11428,1062804.0,2857,265701.0,558,1674,697,13949,1297257.0,847,78771.0,28234,2625762.0,1940,2134,-2409,-224037.0
2026-08-18,34,AE-PE(IONIQ),CA2336002B,A/S,59.0,206.0,0,0.0,302,17792.0,201,11861.4,72,4236.2,57,3389.0,231,13629.0,718,42362.0,179,10561.0,35,105,44,876,51684.0,307,18113.0,1773,104607.0,104,114,-33,-1947.0
2026-08-18,34,AD-100,206702324,A/S,119.0,398.0,0,0.0,532,63324.7,355,42216.4,127,15077.3,101,12061.8,382,45458.0,1267,150773.0,317,37723.0,62,186,77,1547,184093.0,507,60333.0,3131,372589.0,195,215,243,28917.0
2026-08-18,34,EG,299219456,A/S,38.0,,0,0.0,176,6671.3,117,4447.5,42,1588.4,33,1270.7,139,5282.0,418,15884.0,104,3952.0,20,61,26,510,19380.0,184,6992.0,1032,39216.0,62,68,-6,-228.0
2026-08-18,34,TQ(STAREX),299365162,E,109.0,,0,0.0,74,8103.1,50,5402.0,18,1929.3,14,1543.4,9,981.0,177,19293.0,44,4796.0,9,26,11,216,23544.0,12,1308.0,437,47633.0,24,26,-35,-3815.0
2026-08-18,34,GN7(GRANDUER),299850164,E,53.0,,0,0.0,145,7702.0,97,5134.6,35,1833.8,28,1467.0,15,795.0,346,18338.0,87,4611.0,17,51,21,422,22366.0,20,1060.0,855,45315.0,48,53,67,3551.0
2026-08-18,34,EG,299720983,A/S,78.0,,0,0.0,375,29221.9,250,19481.3,89,6957.6,71,5566.1,281,21918.0,892,69576.0,223,17394.0,44,131,54,1088,84864.0,372,29016.0,2203,171834.0,97,107,58,4524.0
2026-08-18,34,CN7(AVANTE),299104122,A/S,123.0,414.0,0,0.0,405,49800.2,270,33200.2,96,11857.2,77,9485.8,265,32595.0,964,118572.0,241,29643.0,47,141,59,1177,144771.0,351,43173.0,2382,292986.0,140,154,119,14637.0
2026-08-18,34,YP(CARNIVAL),206699524,A/S,56.0,188.0,0,0.0,107,5974.1,71,3982.7,25,1422.4,20,1137.9,87,4872.0,254,14224.0,64,3584.0,12,37,16,310,17360.0,116,6496.0,628,35168.0,36,40,-30,-1680.0
2026-08-18,34,JB,867W71310,D,102.0,,0,0.0,275,28060.2,183,18706.8,66,6681.0,52,5344.8,33,3366.0,655,66810.0,164,16728.0,32,96,40,799,81498.0,44,4488.0,1618,165036.0,94,103,75,7650.0
2026-08-18,34,CN7(AVANTE),206542127,A/S,133.0,482.0,0,0.0,952,126634.6,635,84423.1,227,30151.1,181,24120.9,674,89642.0,2267,301511.0,567,75411.0,111,332,138,2767,368011.0,893,118769.0,5601,744933.0,322,354,413,54929.0
2026-08-18,34,GN7(GRANDUER),299164139,A/S,51.0,135.0,0,0.0,62,3148.7,41,2099.2,15,749.7,12,599.8,50,2550.0,147,7497.0,37,1887.0,7,21,9,179,9129.0,66,3366.0,363,18513.0,21,23,12,612.0
2026-08-18,34,AE-PE(IONIQ),299387128,A/S,41.0,184.0,0,0.0,28,1136.5,18,757.7,7,270.6,5,216.5,23,943.0,66,2706.0,16,656.0,3,10,4,80,3280.0,31,1271.0,162,6642.0,13,14,-3,-123.0
2026-08-18,34,HG(GRANDUER),206147685,A/S,103.0,449.0,0,0.0,5,475.9,3,317.2,1,113.3,1,90.6,4,412.0,11,1133.0,3,309.0,1,2,1,13,1339.0,5,515.0,27,2781.0,2,2,0,0.0
2026-08-18,34,CN7(AVANTE),CA7688703B,A/S,15.0,47.0,0,0.0,44,655.2,29,436.8,10,156.0,8,124.8,39,585.0,104,1560.0,26,390.0,5,15,6,127,1905.0,51,765.0,257,3855.0,16,18,-19,-285.0
2026-08-18,34,OS(KONA),206196931,D,53.0,67.0,0,0.0,231,12220.7,154,8147.2,55,2909.7,44,2327.8,31,1643.0,549,29097.0,137,7261.0,27,80,34,670,35510.0,41,2173.0,1356,71868.0,44,48,-312,-16536.0
2026-08-18,34,JF(K5),299390959,A/S,151.0,673.0,0,0.0,117,17630.8,78,11753.8,28,4197.8,22,3358.2,100,15100.0,278,41978.0,69,10419.0,14,41,17,644,97259.1,132,19932.0,991,149656.1,7,23,-21,-3171.0
2026-08-18,34,TQ(STAREX),206936164,,52.0,58.0,0,0.0,187,9740.6,125,6493.8,45,2319.2,36,1855.4,21,1092.0,446,23192.0,111,5772.0,22,65,27,544,28288.0,28,1456.0,1101,57252.0,60,66,-18,-936.0
2026-08-18,34,OS(KONA),299157795,A/S,22.0,,0,0.0,45,988.7,30,659.1,11,235.4,9,188.3,33,726.0,107,2354.0,27,594.0,5,16,7,131,2882.0,44,968.0,265,5830.0,20,22,20,440.0
2026-08-18,34,TQ(STAREX),299973994,C,123.0,,0,0.0,2870,353044.4,1914,235363.0,683,84058.2,547,67246.6,342,42066.0,6834,840582.0,1708,210084.0,334,1001,417,8341,1025943.0,454,55842.0,16883,2076609.0,1302,1432,-106,-13038.0
2026-08-18,34,AD-100,206168219,A/S,41.0,188.0,0,0.0,81,3306.2,54,2204.2,19,787.2,15,629.8,62,2542.0,192,7872.0,48,1968.0,9,28,12,445,18228.6,82,3362.0,685,28068.6,12,38,-6,-246.0
2026-08-18,34,NX4-PE(TUCSON),206904752,A/S,131.0,,0,0.0,540,70700.7,360,47133.8,128,16833.5,103,13466.8,399,52269.0,1285,168335.0,321,42051.0,63,188,78,1568,205408.0,529,69299.0,3174,415794.0,183,201,19,2489.0
2026-08-18,34,PAINT,299353928,원재료,31.0,23.0,3130,97030.0,0,0.0,0,0.0,0,0.0,0,0.0,0,0.0,0,0.0,0,0.0,0,0,0,0,0.0,0,0.0,3130,97030.0,0,0,-34,-1054.0
2026-08-18,34,LX2(PALISADE),299567816,A/S,34.0,153.0,0,0.0,98,3341.5,66,2227.7,23,795.6,19,636.5,73,2482.0,234,7956.0,59,2006.0,11,34,14,286,9724.0,97,3298.0,579,19686.0,31,34,-10,-340.0
2026-08-18,34,OS(KONA),979W85376,A/S,,156.0,0,0.0,60,3870.7,40,2580.5,14,921.6,12,737.3,46,2944.0,144,9216.0,36,2304.0,7,21,9,176,11264.0,61,3904.0,356,22784.0,16,18,-14,-896.0
2026-08-18,34,TQ(STAREX),299997791,A/S,20.0,77.0,0,0.0,82,1646.4,55,1097.6,20,392.0,16,313.6,71,1420.0,196,3920.0,49,980.0,10,29,12,240,4800.0,94,1880.0,485,9700.0,21,23,-11,-220.0
2026-08-18,34,OS(KONA),CA2415865C,C,75.0,,0,0.0,1390,104265.0,927,69510.0,331,24825.0,265,19860.0,172,12900.0,3310,248250.0,827,62025.0,162,485,202,4040,303000.0,228,17100.0,8177,613275.0,528,581,-203,-15225.0
2026-08-18,34,EG,299515892,A/S,68.0,273.0,0,0.0,74,4998.0,49,3332.0,18,1190.0,14,952.0,63,4284.0,175,11900.0,44,2992.0,9,26,11,214,14552.0,84,5712.0,433,29444.0,30,33,-34,-2312.0
2026-08-18,34,OS(KONA),299698600,A/S,160.0,,0,0.0,643,102816.0,428,68544.0,153,24480.0,122,19584.0,475,76000.0,1530,244800.0,383,61280.0,75,224,93,1868,298880.0,629,100640.0,3781,604960.0,231,254,102,16320.0
2026-08-18,34,SP2(SORENTO),299821872,D,287.0,,0,0.0,522,149951.8,348,99967.8,124,35702.8,100,28562.2,63,18081.0,1244,357028.0,311,89257.0,61,182,76,1518,435666.0,83,23821.0,3073,881951.0,162,178,-18,-5166.0
2026-08-18,34,OS(KONA),299925450,A/S,33.0,108.0,0,0.0,64,2120.6,43,1413.7,15,504.9,12,403.9,49,1617.0,153,5049.0,38,1254.0,7,22,9,187,6171.0,65,2145.0,378,12474.0,23,25,34,1122.0
2026-08-18,34,QL(TUCSON),299324691,D,25.0,,0,0.0,269,6720.0,179,4480.0,64,1600.0,51,1280.0,33,825.0,640,16000.0,160,4000.0,31,94,39,781,19525.0,44,1100.0,1581,39525.0,93,102,-30,-750.0
2026-08-18,34,TM,299300465,A/S,573.0,1776.0,0,0.0,1273,729440.5,849,486293.6,303,173676.3,242,138941.0,882,505386.0,3031,1736763.0,758,434334.0,148,444,185,3700,2120100.0,1169,669837.0,7489,4291197.0,523,575,138,79074.0
2026-08-18,34,OS(KONA),299394414,,,345.0,0,0.0,200,12768.0,133,8512.0,48,3040.0,38,2432.0,162,10368.0,475,30400.0,119,7616.0,23,69,29,579,37056.0,214,13696.0,1173,75072.0,57,63,9,576.0
2026-08-18,34,RG3(K9),299444409,A/S,66.0,,0,0.0,81,5350.0,54,3566.6,19,1273.8,15,1019.0,76,5016.0,193,12738.0,48,3168.0,9,28,12,235,15510.0,100,6600.0,476,31416.0,25,28,-35,-2310.0
2026-08-18,34,VQ,299299558,D,120.0,119.0,0,0.0,2813,337528.8,1875,225019.2,670,80364.0,536,64291.2,312,37440.0,6697,803640.0,1674,200880.0,327,981,409,8174,980880.0,413,49560.0,16545,1985400.0,984,1082,-850,-102000.0
2026-08-18,34,OS(KONA),206971922,A/S,108.0,,0,0.0,136,14651.3,90,9767.5,32,3488.4,26,2790.7,105,11340.0,323,34884.0,81,8748.0,16,47,20,395,42660.0,139,15012.0,799,86292.0,43,47,-69,-7452.0
2026-08-18,34,SG2,206554592,,41.0,,0,0.0,316,12949.4,211,8633.0,75,3083.2,60,2466.6,37,1517.0,752,30832.0,188,7708.0,37,110,46,917,37597.0,49,2009.0,1857,76137.0,93,102,-23,-943.0
2026-08-18,34,MX5(SANTAFE),299713796,A/S,144.0,542.0,0,0.0,363,52254.7,242,34836.5,86,12441.6,69,9953.3,264,38016.0,864,124416.0,216,31104.0,42,127,53,1055,151920.0,350,50400.0,2135,307440.0,124,136,151,21744.0
2026-08-18,34,TQ(STAREX),CA6652839C,C,359.0,481.0,0,0.0,3940,1414316.4,2626,942877.6,938,336742.0,750,269393.6,475,170525.0,9380,3367420.0,2345,841855.0,458,1374,572,11449,4110191.0,629,225811.0,23174,8319466.0,641,705,-1330,-477470.0
2026-08-18,34,SG2,299376321,A/S,57.0,201.0,0,0.0,164,9360.5,109,6240.4,39,2228.7,31,1783.0,122,6954.0,391,22287.0,98,5586.0,19,57,24,477,27189.0,161,9177.0,966,55062.0,49,54,-7,-399.0
2026-08-18,34,RG3(K9),299206113,A/S,113.0,391.0,0,0.0,42,4698.5,28,3132.4,10,1118.7,8,895.0,36,4068.0,99,11187.0,25,2825.0,5,15,6,121,13673.0,48,5424.0,245,27685.0,11,12,-28,-3164.0
2026-08-18,34,SP2(SORENTO),299910484,A/S,348.0,1157.0,0,0.0,323,112397.0,215,74931.4,77,26761.2,62,21409.0,242,84216.0,769,267612.0,192,66816.0,38,113,47,939,326772.0,321,111708.0,1900,661200.0,92,101,208,72384.0
2026-08-18,34,DH(G80),206433631,,46.0,163.0,0,0.0,8,386.4,6,257.6,2,92.0,2,73.6,7,322.0,20,920.0,5,230.0,1,3,1,25,1150.0,9,414.0,50,2300.0,4,4,0,0.0
2026-08-18,34,DN8(SONATA),299312935,A/S,66.0,147.0,0,0.0,208,13749.1,139,9166.1,50,3273.6,40,2618.9,145,9570.0,496,32736.0,124,8184.0,24,73,30,606,39996.0,192,12672.0,1226,80916.0,72,79,-37,-2442.0
2026-08-18,34,SM,202464906,,181.0,,0,0.0,432,78148.6,288,52099.0,103,18606.8,82,14885.4,335,60635.0,1028,186068.0,257,46517.0,50,151,63,1255,227155.0,444,80364.0,2540,459740.0,151,166,131,23711.0
2026-08-18,34,AE-PE(IONIQ),206804563,A/S,21.0,,0,0.0,76,1587.6,50,1058.4,18,378.0,14,302.4,64,1344.0,180,3780.0,45,945.0,9,26,11,219,4599.0,84,1764.0,444,9324.0,30,33,17,357.0
2026-08-18,34,NX4-PE(TUCSON),299340329,A/S,71.0,287.0,0,0.0,50,3518.8,33,2345.8,12,837.8,9,670.2,35,2485.0,118,8378.0,30,2130.0,6,17,7,145,10295.0,46,3266.0,293,20803.0,12,13,-11,-781.0
2026-08-18,34,RG3(K9),299787467,A/S,40.0,153.0,0,0.0,119,4771.2,80,3180.8,28,1136.0,23,908.8,97,3880.0,284,11360.0,71,2840.0,14,42,17,346,13840.0,129,5160.0,701,28040.0,35,38,17,680.0
2026-08-18,34,TM,299296089,A/S,43.0,148.0,0,0.0,106,4569.2,71,3046.1,25,1087.9,20,870.3,85,3655.0,253,10879.0,63,2709.0,12,37,15,309,13287.0,113,4859.0,625,26875.0,22,24,-11,-473.0
2026-08-18,34,SG2,206699026,A/S,37.0,162.0,0,0.0,144,5330.2,96,3553.5,34,1269.1,27,1015.3,108,3996.0,343,12691.0,86,3182.0,17,50,21,418,15466.0,143,5291.0,847,31339.0,51,56,12,444.0
2026-08-18,34,YP(CARNIVAL),206246166,A/S,48.0,188.0,0,0.0,112,5382.7,75,3588.5,27,1281.6,21,1025.3,78,3744.0,267,12816.0,67,3216.0,13,39,16,327,15696.0,104,4992.0,661,31728.0,49,54,18,864.0
2026-08-18,34,OS(KONA),299814316,A/S,30.0,,0,0.0,88,2633.4,59,1755.6,21,627.0,17,501.6,62,1860.0,209,6270.0,52,1560.0,10,31,13,255,7650.0,82,2460.0,516,15480.0,29,32,14,420.0
2026-08-18,34,ON(TELLURIDE),299203992,A/S,,,0,0.0,154,9838.1,102,6558.7,37,2342.4,29,1873.9,108,6912.0,366,23424.0,92,5888.0,18,54,22,447,28608.0,144,9216.0,905,57920.0,46,51,23,1472.0
2026-08-18,34,"SX2(KONA,HMC)",299880096,A/S,75.0,232.0,0,0.0,73,5481.0,49,3654.0,17,1305.0,14,1044.0,53,3975.0,174,13050.0,43,3225.0,8,25,11,212,15900.0,70,5250.0,429,32175.0,28,31,12,900.0
2026-08-18,34,SP2(SORENTO),299338924,A/S,52.0,184.0,0,0.0,81,4193.3,54,2795.5,19,998.4,15,798.7,64,3328.0,192,9984.0,48,2496.0,9,28,12,234,12168.0,85,4420.0,474,24648.0,21,23,-8,-416.0
2026-08-18,34,JF(K5),625W88480,A/S,114.0,,0,0.0,109,12400.9,73,8267.3,26,2952.6,21,2362.1,76,8664.0,259,29526.0,65,7410.0,13,38,16,316,36024.0,101,11514.0,640,72960.0,39,43,-15,-1710.0
2026-08-18,34,"SX2(KONA,HMC)",206754877,A/S,92.0,,0,0.0,128,11785.2,85,7856.8,30,2806.0,24,2244.8,96,8832.0,305,28060.0,76,6992.0,15,45,19,373,34316.0,127,11684.0,754,69368.0,43,47,25,2300.0
2026-08-18,34,MX5(SANTAFE),299766750,A/S,49.0,,0,0.0,56,2737.1,37,1824.8,13,651.7,11,521.4,40,1960.0,133,6517.0,33,1617.0,6,19,8,162,7938.0,54,2646.0,328,16072.0,23,25,-8,-392.0
2026-08-18,34,SG2,299981206,A/S,21.0,65.0,0,0.0,66,1375.9,44,917.3,16,327.6,12,262.1,53,1113.0,156,3276.0,39,819.0,8,23,10,190,3990.0,71,1491.0,385,8085.0,19,21,17,357.0
2026-08-18,34,SM,299274767,A/S,114.0,448.0,0,0.0,8,909.7,5,606.5,2,216.6,2,173.3,6,684.0,19,2166.0,5,570.0,1,3,1,23,2622.0,8,912.0,47,5358.0,2,2,3,342.0
2026-08-18,34,JB,299840513,A/S,14.0,41.0,0,0.0,18,258.7,12,172.5,4,61.6,4,49.3,15,210.0,44,616.0,11,154.0,2,6,3,53,742.0,19,266.0,108,1512.0,7,8,1,14.0
2026-08-18,34,NX4-PE(TUCSON),299521229,A/S,94.0,411.0,0,0.0,68,6356.3,45,4237.5,16,1513.4,13,1210.7,58,5452.0,161,15134.0,40,3760.0,8,24,10,196,18424.0,76,7144.0,397,37318.0,21,23,-30,-2820.0
2026-08-18,34,QL(TUCSON),299259470,A/S,44.0,161.0,0,0.0,147,6486.5,98,4324.3,35,1544.4,28,1235.5,124,5456.0,351,15444.0,88,3872.0,17,51,21,428,18832.0,164,7216.0,867,38148.0,53,58,35,1540.0
2026-08-18,34,GN7(GRANDUER),206801899,A/S,31.0,105.0,0,0.0,45,1380.1,30,920.1,11,328.6,8,262.9,38,1178.0,106,3286.0,26,806.0,5,15,6,129,3999.0,50,1550.0,261,8091.0,17,19,-14,-434.0
2026-08-18,34,AE(IONIQ),299638243,A/S,42.0,132.0,0,0.0,193,8096.8,129,5397.8,46,1927.8,37,1542.2,152,6384.0,459,19278.0,115,4830.0,22,67,28,560,23520.0,202,8484.0,1134,47628.0,60,66,120,5040.0
2026-08-18,34,SM,201687755,A/S,,,0,0.0,42,2714.9,28,1809.9,10,646.4,8,517.1,35,2240.0,101,6464.0,25,1600.0,5,15,6,123,7872.0,46,2944.0,249,15936.0,17,19,-15,-960.0
2026-08-18,34,AE-PE(IONIQ),299864609,A,,,0,0.0,1612,103138.6,1074,68759.0,384,24556.8,307,19645.4,189,12096.0,3837,245568.0,959,61376.0,187,562,234,4684,299776.0,251,16064.0,9480,606720.0,540,594,-326,-20864.0
2026-08-18,34,VQ,206331104,A/S,39.0,131.0,0,0.0,190,7420.1,127,4946.8,45,1766.7,36,1413.4,151,5889.0,453,17667.0,113,4407.0,22,66,28,553,21567.0,201,7839.0,1119,43641.0,55,61,140,5460.0
2026-08-18,34,SG2,299492179,E,39.0,39.0,0,0.0,586,22866.5,391,15244.3,140,5444.4,112,4355.5,66,2574.0,1396,54444.0,349,13611.0,68,204,85,1704,66456.0,87,3393.0,3449,134511.0,180,198,166,6474.0
2026-08-18,34,MX5(SANTAFE),299694457,E,29.0,,0,0.0,335,9719.6,223,6479.8,80,2314.2,64,1851.4,39,1131.0,798,23142.0,199,5771.0,39,117,49,974,28246.0,51,1479.0,1971,57159.0,84,92,172,4988.0
2026-08-18,34,SM,299496974,A/S,78.0,408.0,0,0.0,161,12547.1,107,8364.7,38,2987.4,31,2389.9,117,9126.0,383,29874.0,96,7488.0,19,56,23,468,36504.0,154,12012.0,947,73866.0,49,54,99,7722.0
2026-08-18,34,SP2(SORENTO),299566341,A/S,103.0,346.0,0,0.0,603,62078.1,402,41385.4,144,14780.5,115,11824.4,453,46659.0,1435,147805.0,359,36977.0,70,210,88,1752,180456.0,601,61903.0,3546,365238.0,171,188,-53,-5459.0
2026-08-18,34,RESIN,206621542,원재료,105.0,124.0,6807,714735.0,0,0.0,0,0.0,0,0.0,0,0.0,0,0.0,0,0.0,0,0.0,0,0,0,0,0.0,0,0.0,6807,714735.0,0,0,-405,-42525.0
2026-08-18,34,TQ(STAREX),299635986,C,33.0,27.0,0,0.0,885,29203.0,590,19468.7,211,6953.1,169,5562.5,109,3597.0,2107,69531.0,527,17391.0,103,309,129,2571,84843.0,144,4752.0,5205,171765.0,213,234,-110,-3630.0
2026-08-18,34,CK(STINGER),206985874,D,113.0,131.0,0,0.0,611,69054.3,407,46036.2,146,16441.5,116,13153.2,71,8023.0,1455,164415.0,364,41132.0,71,213,89,1776,200688.0,94,10622.0,3595,406235.0,232,255,20,2260.0
2026-08-18,34,GN7(GRANDUER),299449385,A/S,,206.0,0,0.0,254,16262.4,169,10841.6,60,3872.0,48,3097.6,201,12864.0,605,38720.0,151,9664.0,30,89,37,739,47296.0,266,17024.0,1495,95680.0,81,89,123,7872.0
2026-08-18,34,AE-PE(IONIQ),299797846,A/S,116.0,470.0,0,0.0,534,61923.1,356,41282.1,127,14743.6,102,11794.9,454,52664.0,1271,147436.0,318,36888.0,62,186,78,1552,180032.0,601,69716.0,3141,364356.0,214,235,-70,-8120.0
2026-08-18,34,HG(GRANDUER),206696264,A/S,29.0,,0,0.0,59,1717.4,39,1144.9,14,408.9,11,327.1,50,1450.0,141,4089.0,35,1015.0,7,21,9,172,4988.0,66,1914.0,348,10092.0,17,19,-22,-638.0
2026-08-18,34,SG2,299339080,A/S,224.0,959.0,0,0.0,393,87964.8,262,58643.2,94,20944.0,75,16755.2,303,67872.0,935,209440.0,234,52416.0,46,137,57,1142,255808.0,402,90048.0,2311,517664.0,140,154,-33,-7392.0
2026-08-18,34,SG2,299737417,C,11.0,12.0,0,0.0,41,452.8,27,301.8,10,107.8,8,86.2,5,55.0,98,1078.0,24,264.0,5,14,6,120,1320.0,7,77.0,242,2662.0,0,11,-27,-297.0
2026-08-18,34,AD-100,299803951,A/S,42.0,,0,0.0,89,3722.0,59,2481.4,21,886.2,17,709.0,72,3024.0,211,8862.0,53,2226.0,10,31,13,257,10794.0,95,3990.0,521,21882.0,33,36,37,1554.0
2026-08-18,34,CV,206931041,A/S,55.0,,0,0.0,30,1640.1,20,1093.4,7,390.5,6,312.4,24,1320.0,71,3905.0,18,990.0,3,10,4,86,4730.0,32,1760.0,175,9625.0,9,10,4,220.0
2026-08-18,34,YP(CARNIVAL),299283957,A/S,53.0,137.0,0,0.0,269,14246.4,179,9497.6,64,3392.0,51,2713.6,208,11024.0,640,33920.0,160,8480.0,31,94,39,781,41393.0,276,14628.0,1581,83793.0,63,69,12,636.0
2026-08-18,34,CV,201120905,A/S,66.0,297.0,0,0.0,16,1081.1,11,720.7,4,257.4,3,205.9,13,858.0,39,2574.0,10,660.0,2,6,2,48,3168.0,17,1122.0,97,6402.0,6,7,2,132.0
2026-08-18,34,HG(GRANDUER),206312592,A/S,82.0,,0,0.0,184,15084.7,123,10056.5,44,3591.6,35,2873.3,134,10988.0,438,35916.0,109,8938.0,21,64,27,534,43788.0,177,14514.0,1081,88642.0,51,56,-8,-656.0
2026-08-18,34,ON(TELLURIDE),299557979,A/S,,285.0,0,0.0,71,4542.7,47,3028.5,17,1081.6,14,865.3,51,3264.0,169,10816.0,42,2688.0,8,25,10,206,13184.0,67,4288.0,417,26688.0,17,19,6,384.0
2026-08-18,34,AE(IONIQ),CA7006721A,A/S,49.0,149.0,0,0.0,99,4856.9,66,3237.9,24,1156.4,19,925.1,77,3773.0,236,11564.0,59,2891.0,12,35,14,288,14112.0,102,4998.0,583,28567.0,36,40,27,1323.0
2026-08-18,34,PAINT,206691429,원재료,45.0,,2525,113625.0,0,0.0,0,0.0,0,0.0,0,0.0,0,0.0,0,0.0,0,0.0,0,0,0,0,0.0,0,0.0,2525,113625.0,0,0,133,5985.0
2026-08-18,34,CN7(AVANTE),299474184,A/S,114.0,,0,0.0,754,85944.6,503,57296.4,180,20463.0,144,16370.4,541,61674.0,1795,204630.0,449,51186.0,88,263,110,2191,249774.0,717,81738.0,4435,505590.0,248,273,-15,-1710.0
2026-08-18,34,LX2(PALISADE),202465525,A/S,176.0,650.0,0,0.0,942,165728.6,628,110485.8,224,39459.2,179,31567.4,743,130768.0,2242,394592.0,561,98736.0,109,328,137,2737,481712.0,984,173184.0,5540,975040.0,320,352,271,47696.0
2026-08-18,34,RESIN,299765233,원재료,116.0,147.0,9361,1085876.0,0,0.0,0,0.0,0,0.0,0,0.0,0,0.0,0,0.0,0,0.0,0,0,0,0,0.0,0,0.0,9361,1085876.0,0,0,-138,-16008.0
2026-08-18,34,AE-PE(IONIQ),299484377,A/S,,337.0,0,0.0,42,2688.0,28,1792.0,10,640.0,8,512.0,34,2176.0,100,6400.0,25,1600.0,5,15,6,123,7872.0,45,2880.0,248,15872.0,19,21,-9,-576.0
2026-08-18,34,DN8(SONATA),201426119,A/S,60.0,251.0,0,0.0,34,2041.2,23,1360.8,8,486.0,6,388.8,27,1620.0,81,4860.0,20,1200.0,4,12,5,98,5880.0,36,2160.0,199,11940.0,8,9,15,900.0
2026-08-18,34,SG2,299953205,A/S,34.0,118.0,0,0.0,70,2384.8,47,1589.8,17,567.8,13,454.2,54,1836.0,167,5678.0,42,1428.0,8,24,10,204,6936.0,71,2414.0,413,14042.0,14,15,0,0.0
2026-08-18,34,PAINT,202161208,원재료,32.0,30.0,328,10496.0,0,0.0,0,0.0,0,0.0,0,0.0,0,0.0,0,0.0,0,0.0,0,0,0,0,0.0,0,0.0,328,10496.0,0,0,30,960.0
2026-08-18,34,CK(STINGER),299549715,A/S,126.0,556.0,0,0.0,62,7779.2,41,5186.2,15,1852.2,12,1481.8,49,6174.0,147,18522.0,37,4662.0,7,21,9,179,22554.0,65,8190.0,363,45738.0,19,21,0,0.0
2026-08-18,34,DH(G80),299338695,A/S,322.0,1108.0,0,0.0,1326,426952.7,884,284635.1,316,101655.4,253,81324.3,1038,334236.0,3157,1016554.0,789,254058.0,154,462,193,3853,1240666.0,1376,443072.0,7799,2511278.0,520,572,-1076,-346472.0
2026-08-18,34,CK(STINGER),299408115,A/S,,517.0,0,0.0,217,13897.0,145,9264.6,52,3308.8,41,2647.0,152,9728.0,517,33088.0,129,8256.0,25,76,32,631,40384.0,202,12928.0,1277,81728.0,73,80,105,6720.0
2026-08-18,34,NX4-PE(TUCSON),299436198,A/S,23.0,97.0,0,0.0,66,1526.3,44,1017.5,16,363.4,13,290.7,62,1426.0,158,3634.0,40,920.0,8,23,10,193,4439.0,82,1886.0,391,8993.0,22,24,-41,-943.0
2026-08-18,34,AE(IONIQ),299815005,A,48.0,,0,0.0,62,2983.7,41,1989.1,15,710.4,12,568.3,8,384.0,148,7104.0,37,1776.0,7,22,9,181,8688.0,10,480.0,366,17568.0,20,22,-63,-3024.0
2026-08-18,34,SP2(SORENTO),299655278,A,32.0,35.0,0,0.0,1230,39365.8,820,26243.8,293,9372.8,234,7498.2,167,5344.0,2929,93728.0,732,23424.0,143,429,179,3575,114400.0,222,7104.0,7236,231552.0,247,272,-332,-10624.0
2026-08-18,34,QL(TUCSON),299501845,A/S,77.0,282.0,0,0.0,494,37999.5,329,25333.0,118,9047.5,94,7238.0,365,28105.0,1175,90475.0,294,22638.0,57,172,72,1434,110418.0,484,37268.0,2903,223531.0,214,235,-56,-4312.0
2026-08-18,34,TM,299698501,A/S,213.0,,0,0.0,68,14492.5,45,9661.7,16,3450.6,13,2760.5,45,9585.0,162,34506.0,41,8733.0,8,24,10,198,42174.0,60,12780.0,401,85413.0,21,23,45,9585.0
2026-08-18,34,CN7(AVANTE),201639312,A/S,37.0,119.0,0,0.0,165,6122.8,110,4081.8,39,1457.8,32,1166.2,120,4440.0,394,14578.0,98,3626.0,19,58,24,481,17797.0,159,5883.0,973,36001.0,67,74,34,1258.0
2026-08-18,34,DN8(SONATA),299248964,A/S,130.0,499.0,0,0.0,58,7534.8,39,5023.2,14,1794.0,11,1435.2,43,5590.0,138,17940.0,34,4420.0,7,20,8,168,21840.0,57,7410.0,340,44200.0,16,18,2,260.0
2026-08-18,34,AE(IONIQ),299816219,E,58.0,,0,0.0,667,38708.0,445,25805.4,159,9216.2,127,7373.0,74,4292.0,1589,92162.0,397,23026.0,78,233,97,1939,112462.0,99,5742.0,3925,227650.0,224,246,331,19198.0
2026-08-18,34,QL(TUCSON),202568903,D,68.0,,0,0.0,1198,81481.7,799,54321.1,285,19400.4,228,15520.3,150,10200.0,2853,194004.0,713,48484.0,139,418,174,3482,236776.0,199,13532.0,7048,479264.0,311,342,-383,-26044.0
2026-08-18,34,SM,299614325,A/S,84.0,,0,0.0,95,8008.6,64,5339.0,23,1906.8,18,1525.4,79,6636.0,227,19068.0,57,4788.0,11,33,14,277,23268.0,104,8736.0,561,47124.0,19,21,-8,-672.0
2026-08-18,34,GN7(GRANDUER),201369545,A/S,14.0,56.0,0,0.0,116,1622.9,77,1081.9,28,386.4,22,309.1,96,1344.0,276,3864.0,69,966.0,13,40,17,337,4718.0,128,1792.0,682,9548.0,36,40,29,406.0
2026-08-18,34,JX1,299594780,E,47.0,61.0,0,0.0,286,13462.7,191,8975.1,68,3205.4,55,2564.3,34,1598.0,682,32054.0,170,7990.0,33,100,42,832,39104.0,44,2068.0,1684,79148.0,74,81,-55,-2585.0
2026-08-18,34,DN8(SONATA),299748021,A/S,74.0,278.0,0,0.0,93,6868.7,62,4579.1,22,1635.4,18,1308.3,75,5550.0,221,16354.0,55,4070.0,11,32,13,269,19906.0,99,7326.0,545,40330.0,33,36,4,296.0
2026-08-18,34,HG(GRANDUER),299936474,A/S,121.0,388.0,0,0.0,171,20683.7,114,13789.2,41,4924.7,33,3939.8,148,17908.0,407,49247.0,102,12342.0,20,60,25,497,60137.0,196,23716.0,1006,121726.0,42,46,-146,-17666.0
2026-08-18,34,RG3(K9),299697055,A/S,43.0,153.0,0,0.0,124,5327.7,83,3551.8,30,1268.5,24,1014.8,81,3483.0,295,12685.0,74,3182.0,14,43,18,360,15480.0,108,4644.0,729,31347.0,53,58,51,2193.0
2026-08-18,34,CV,299236266,A/S,69.0,,0,0.0,115,7911.5,76,5274.4,27,1883.7,22,1507.0,92,6348.0,273,18837.0,68,4692.0,13,40,17,333,22977.0,122,8418.0,674,46506.0,41,45,39,2691.0
2026-08-18,34,PAINT,299713500,원재료,61.0,69.0,3658,223138.0,0,0.0,0,0.0,0,0.0,0,0.0,0,0.0,0,0.0,0,0.0,0,0,0,0,0.0,0,0.0,3658,223138.0,0,0,142,8662.0
2026-08-18,34,"SX2(KONA,HMC)",299553440,A/S,23.0,,0,0.0,118,2704.8,78,1803.2,28,644.0,22,515.2,99,2277.0,280,6440.0,70,1610.0,14,41,17,342,7866.0,131,3013.0,692,15916.0,34,37,-10,-230.0
2026-08-18,34,SM,299121513,A/S,53.0,159.0,0,0.0,141,7457.1,94,4971.4,34,1775.5,27,1420.4,118,6254.0,335,17755.0,84,4452.0,16,49,20,408,21624.0,157,8321.0,827,43831.0,48,53,-45,-2385.0
2026-08-18,34,EG,202793611,D,79.0,,0,0.0,704,55642.9,470,37095.2,168,13248.3,134,10598.6,77,6083.0,1677,132483.0,419,33101.0,82,246,102,2046,161634.0,102,8058.0,4142,327218.0,236,260,122,9638.0
2026-08-18,34,HG(GRANDUER),749W40847,A/S,45.0,,0,0.0,16,718.2,11,478.8,4,171.0,3,136.8,13,585.0,38,1710.0,10,450.0,2,6,2,47,2115.0,17,765.0,95,4275.0,0,8,-8,-360.0
2026-08-18,34,OS(KONA),299799621,A/S,94.0,339.0,0,0.0,129,12159.8,86,8106.6,31,2895.2,25,2316.2,101,9494.0,308,28952.0,77,7238.0,15,45,19,375,35250.0,134,12596.0,760,71440.0,48,53,-38,-3572.0
2026-08-18,34,JB,202237522,A/S,68.0,217.0,0,0.0,105,7140.0,70,4760.0,25,1700.0,20,1360.0,84,5712.0,250,17000.0,63,4284.0,12,37,15,305,20740.0,111,7548.0,618,42024.0,31,34,23,1564.0
2026-08-18,34,AD-100,299133523,A/S,97.0,,0,0.0,77,7455.4,51,4970.3,18,1775.1,15,1420.1,62,6014.0,183,17751.0,46,4462.0,9,27,11,223,21631.0,82,7954.0,452,43844.0,20,22,13,1261.0
2026-08-18,34,CK(STINGER),299201609,A/S,236.0,,0,0.0,565,133415.5,377,88943.7,135,31765.6,108,25412.5,436,102896.0,1346,317656.0,336,79296.0,66,197,82,1643,387748.0,578,136408.0,3325,784700.0,171,188,-76,-17936.0
2026-08-18,34,QL(TUCSON),299350752,A/S,129.0,,0,0.0,471,60790.0,314,40526.6,112,14473.8,90,11579.0,352,45408.0,1122,144738.0,280,36120.0,55,164,68,1369,176601.0,466,60114.0,2771,357459.0,140,154,-47,-6063.0
2026-08-18,34,YP(CARNIVAL),202110066,A/S,30.0,90.0,0,0.0,41,1234.8,27,823.2,10,294.0,8,235.2,39,1170.0,98,2940.0,24,720.0,5,14,6,119,3570.0,52,1560.0,241,7230.0,0,10,-46,-1380.0
2026-08-18,34,RG3(K9),206159802,A/S,252.0,869.0,0,0.0,541,136427.8,361,90951.8,129,32482.8,103,25986.2,417,105084.0,1289,324828.0,322,81144.0,63,189,79,1573,396396.0,553,139356.0,3184,802368.0,166,183,-289,-72828.0
2026-08-18,34,DN8(SONATA),202790218,A/S,40.0,148.0,0,0.0,134,5359.2,89,3572.8,32,1276.0,26,1020.8,111,4440.0,319,12760.0,80,3200.0,16,47,20,390,15600.0,147,5880.0,789,31560.0,0,46,11,440.0
2026-08-18,34,CV,299545295,B,69.0,98.0,0,0.0,236,16257.8,157,10838.5,56,3870.9,45,3096.7,27,1863.0,561,38709.0,140,9660.0,27,82,34,685,47265.0,35,2415.0,1386,95634.0,80,88,34,2346.0
2026-08-18,34,QL(TUCSON),299998038,A/S,69.0,208.0,0,0.0,152,10490.8,101,6993.8,36,2497.8,29,1998.2,106,7314.0,362,24978.0,90,6210.0,18,53,22,442,30498.0,140,9660.0,894,61686.0,50,55,8,552.0
2026-08-18,34,"SX2(KONA,HMC)",202176030,D,25.0,32.0,0,0.0,125,3129.0,83,2086.0,30,745.0,24,596.0,15,375.0,298,7450.0,74,1850.0,15,44,18,364,9100.0,20,500.0,736,18400.0,33,36,33,825.0
2026-08-18,34,"SX2(KONA,HMC)",202937210,A/S,86.0,353.0,0,0.0,488,41971.4,325,27981.0,116,9993.2,93,7994.6,344,29584.0,1162,99932.0,290,24940.0,57,170,71,1418,121948.0,456,39216.0,2870,246820.0,173,190,-20,-1720.0
2026-08-18,34,MX5(SANTAFE),299342188,A/S,47.0,203.0,0,0.0,114,5349.5,76,3566.4,27,1273.7,22,1019.0,96,4512.0,271,12737.0,68,3196.0,13,40,16,330,15510.0,128,6016.0,669,31443.0,27,30,-30,-1410.0
2026-08-18,34,JX1,206579134,,38.0,57.0,0,0.0,447,16981.4,298,11321.0,106,4043.2,85,3234.6,50,1900.0,1064,40432.0,266,10108.0,52,156,65,1299,49362.0,67,2546.0,2629,99902.0,199,219,20,760.0
2026-08-18,34,YP(CARNIVAL),299783811,D,52.0,60.0,0,0.0,242,12558.0,161,8372.0,58,2990.0,46,2392.0,29,1508.0,575,29900.0,144,7488.0,28,84,35,702,36504.0,38,1976.0,1421,73892.0,87,96,7,364.0
2026-08-18,34,QL(TUCSON),299289607,E,67.0,,0,0.0,554,37116.7,369,24744.4,132,8837.3,106,7069.8,67,4489.0,1319,88373.0,330,22110.0,64,193,81,1611,107937.0,89,5963.0,3260,218420.0,165,182,-147,-9849.0
2026-08-18,34,TM,299674787,A/S,204.0,696.0,0,0.0,563,114811.2,375,76540.8,134,27336.0,107,21868.8,376,76704.0,1340,273360.0,335,68340.0,65,196,82,1635,333540.0,499,101796.0,3310,675240.0,180,198,116,23664.0
2026-08-18,34,SP2(SORENTO),202243082,,84.0,,0,0.0,868,72923.8,579,48615.8,207,17362.8,165,13890.2,705,59220.0,2067,173628.0,517,43428.0,101,303,126,2524,212016.0,935,78540.0,5108,429072.0,268,295,46,3864.0
2026-08-18,34,JF(K5),299171971,E,,453.0,0,0.0,258,16531.2,172,11020.8,62,3936.0,49,3148.8,32,2048.0,615,39360.0,154,9856.0,30,90,38,751,48064.0,43,2752.0,1520,97280.0,76,84,-122,-7808.0
2026-08-18,34,LX2(PALISADE),206217943,A/S,16.0,,0,0.0,98,1572.5,66,1048.3,23,374.4,19,299.5,84,1344.0,234,3744.0,58,928.0,11,34,14,285,4560.0,111,1776.0,577,9232.0,29,32,-26,-416.0
2026-08-18,34,GN7(GRANDUER),206779942,E,183.0,173.0,0,0.0,4173,763604.1,2782,509069.4,994,181810.5,795,145448.4,490,89670.0,9935,1818105.0,2484,454572.0,485,1455,606,12126,2219058.0,650,118950.0,24545,4491735.0,1056,1162,-3101,-567483.0
2026-08-18,34,RG3(K9),299640463,A/S,37.0,115.0,0,0.0,21,761.5,14,507.6,5,181.3,4,145.0,16,592.0,49,1813.0,12,444.0,2,7,3,60,2220.0,21,777.0,121,4477.0,6,7,-9,-333.0
2026-08-18,34,NX4-PE(TUCSON),299944463,E,52.0,62.0,0,0.0,445,23128.6,297,15419.0,106,5506.8,85,4405.4,53,2756.0,1059,55068.0,265,13780.0,52,155,65,1293,67236.0,71,3692.0,2617,136084.0,149,164,71,3692.0
2026-08-18,34,CV,299491513,A/S,40.0,,0,0.0,76,3057.6,51,2038.4,18,728.0,15,582.4,50,2000.0,182,7280.0,45,1800.0,9,27,11,222,8880.0,66,2640.0,449,17960.0,25,28,46,1840.0
2026-08-18,34,AE(IONIQ),299988787,A/S,,383.0,0,0.0,108,6908.2,72,4605.4,26,1644.8,21,1315.8,94,6016.0,257,16448.0,64,4096.0,13,38,16,314,20096.0,125,8000.0,635,40640.0,37,41,0,0.0
2026-08-18,34,VQ,206690709,A/S,53.0,,0,0.0,379,20078.5,253,13385.7,90,4780.6,72,3824.5,340,18020.0,902,47806.0,225,11925.0,44,132,55,1101,58353.0,450,23850.0,2228,118084.0,133,146,-339,-17967.0
2026-08-18,34,"SX2(KONA,HMC)",299475337,A/S,173.0,729.0,0,0.0,156,26956.9,104,17971.2,37,6418.3,30,5134.6,115,19895.0,371,64183.0,93,16089.0,18,54,23,452,78196.0,152,26296.0,916,158468.0,36,40,49,8477.0
2026-08-18,34,CK(STINGER),299935341,A/S,8.0,,0,0.0,13,104.2,9,69.4,3,24.8,2,19.8,11,88.0,31,248.0,8,64.0,2,5,2,38,304.0,15,120.0,77,616.0,6,7,0,0.0
2026-08-18,34,PAINT,CA5751480A,원재료,144.0,159.0,5271,759024.0,0,0.0,0,0.0,0,0.0,0,0.0,0,0.0,0,0.0,0,0.0,0,0,0,0,0.0,0,0.0,5271,759024.0,0,0,52,7488.0
2026-08-18,34,GN7(GRANDUER),299505221,A/S,18.0,70.0,0,0.0,42,748.4,28,499.0,10,178.2,8,142.6,35,630.0,99,1782.0,25,450.0,5,15,6,121,2178.0,46,828.0,245,4410.0,12,13,8,144.0
2026-08-18,34,AD-100,206545676,A/S,87.0,336.0,0,0.0,105,9098.5,70,6065.6,25,2166.3,20,1733.0,85,7395.0,249,21663.0,62,5394.0,12,36,15,304,26448.0,113,9831.0,615,53505.0,46,51,-69,-6003.0
2026-08-18,34,HG(GRANDUER),299454973,A,23.0,,0,0.0,134,3091.2,90,2060.8,32,736.0,26,588.8,15,345.0,320,7360.0,80,1840.0,16,47,20,391,8993.0,20,460.0,791,18193.0,41,45,42,966.0
2026-08-18,34,QL(TUCSON),CA2513307C,A/S,39.0,,0,0.0,17,655.2,11,436.8,4,156.0,3,124.8,13,507.0,40,1560.0,10,390.0,2,6,2,49,1911.0,18,702.0,99,3861.0,5,6,-4,-156.0
2026-08-18,34,GN7(GRANDUER),206888121,A/S,79.0,326.0,0,0.0,110,8660.0,73,5773.3,26,2061.9,21,1649.5,77,6083.0,261,20619.0,65,5135.0,13,38,16,319,25201.0,102,8058.0,645,50955.0,59,65,62,4898.0
2026-08-18,34,AE-PE(IONIQ),299450181,D,103.0,,0,0.0,1402,144445.1,935,96296.8,334,34391.7,267,27513.4,164,16892.0,3339,343917.0,835,86005.0,163,489,204,4076,419828.0,217,22351.0,8250,849750.0,463,509,-32,-3296.0
2026-08-18,34,AD-100,201243855,C,68.0,64.0,0,0.0,647,43982.4,431,29321.6,154,10472.0,123,8377.6,78,5304.0,1540,104720.0,385,26180.0,75,225,94,1879,127772.0,104,7072.0,3804,258672.0,202,222,-257,-17476.0
2026-08-18,34,AD-100,299946725,,164.0,684.0,0,0.0,848,139068.7,565,92712.5,202,33111.6,162,26489.3,671,110044.0,2019,331116.0,505,82820.0,99,296,123,2465,404260.0,890,145960.0,4989,818196.0,327,360,-294,-48216.0
2026-08-18,34,LX2(PALISADE),299929349,A/S,,,0,0.0,200,12821.8,134,8547.8,48,3052.8,38,2442.2,166,10624.0,477,30528.0,119,7616.0,23,70,29,583,37312.0,220,14080.0,1179,75456.0,84,92,-35,-2240.0
2026-08-18,34,AE(IONIQ),299622672,A/S,63.0,184.0,0,0.0,194,12198.1,129,8132.0,46,2904.3,37,2323.4,151,9513.0,461,29043.0,115,7245.0,22,67,28,562,35406.0,200,12600.0,1138,71694.0,75,82,-22,-1386.0
2026-08-18,34,OS(KONA),299899527,A/S,107.0,400.0,0,0.0,1531,163806.3,1021,109204.2,364,39001.5,292,31201.2,1107,118449.0,3645,390015.0,911,97477.0,178,534,222,4449,476043.0,1467,156969.0,9005,963535.0,323,355,183,19581.0
2026-08-18,34,M-300,206480664,A/S,13.0,52.0,0,0.0,21,267.5,14,178.4,5,63.7,4,51.0,16,208.0,49,637.0,12,156.0,2,7,3,60,780.0,21,273.0,121,1573.0,7,8,-6,-78.0
2026-08-18,34,MX5(SANTAFE),299331385,A/S,67.0,205.0,0,0.0,83,5571.7,55,3714.5,20,1326.6,16,1061.3,63,4221.0,198,13266.0,49,3283.0,10,29,12,242,16214.0,84,5628.0,489,32763.0,29,32,11,737.0
2026-08-18,34,AD-100,206428069,A/S,102.0,,0,0.0,92,9339.1,61,6226.1,22,2223.6,17,1778.9,70,7140.0,218,22236.0,55,5610.0,11,32,13,266,27132.0,92,9384.0,539,54978.0,22,24,43,4386.0
2026-08-18,34,MX5(SANTAFE),206986342,E,11.0,13.0,0,0.0,34,369.6,22,246.4,8,88.0,6,70.4,4,44.0,80,880.0,20,220.0,4,12,5,97,1067.0,5,55.0,197,2167.0,12,13,-13,-143.0
2026-08-18,34,NX4-PE(TUCSON),299758888,D,28.0,37.0,0,0.0,284,7961.5,190,5307.7,68,1895.6,54,1516.5,36,1008.0,677,18956.0,169,4732.0,33,99,41,827,23156.0,48,1344.0,1673,46844.0,94,103,-88,-2464.0
2026-08-18,34,TM,299383312,E,125.0,129.0,0,0.0,964,120487.5,643,80325.0,230,28687.5,184,22950.0,111,13875.0,2295,286875.0,574,71750.0,112,336,140,2801,350125.0,147,18375.0,5670,708750.0,260,286,-13,-1625.0
2026-08-18,34,TM,299226812,C,41.0,,0,0.0,26,1050.4,17,700.3,6,250.1,5,200.1,3,123.0,61,2501.0,15,615.0,3,9,4,75,3075.0,4,164.0,151,6191.0,9,10,1,41.0
2026-08-18,34,LX2(PALISADE),299926369,A/S,71.0,,0,0.0,35,2504.9,24,1669.9,8,596.4,7,477.1,29,2059.0,84,5964.0,21,1491.0,4,12,5,103,7313.0,38,2698.0,208,14768.0,8,9,3,213.0
2026-08-18,34,QL(TUCSON),299734346,D,25.0,,0,0.0,437,10920.0,291,7280.0,104,2600.0,83,2080.0,55,1375.0,1040,26000.0,260,6500.0,51,152,64,1270,31750.0,73,1825.0,2570,64250.0,149,164,-215,-5375.0
2026-08-18,34,JF(K5),299668475,A/S,154.0,,0,0.0,526,81044.0,351,54029.4,125,19296.2,100,15437.0,394,60676.0,1253,192962.0,313,48202.0,61,184,76,1530,235620.0,522,80388.0,3096,476784.0,176,194,45,6930.0
2026-08-18,34,AE-PE(IONIQ),206269388,D,36.0,,0,0.0,63,2268.0,42,1512.0,15,540.0,12,432.0,7,252.0,150,5400.0,37,1332.0,7,22,9,183,6588.0,10,360.0,370,13320.0,21,23,-25,-900.0
2026-08-18,34,"SX2(KONA,HMC)",299705051,A/S,35.0,,0,0.0,154,5394.9,103,3596.6,37,1284.5,29,1027.6,123,4305.0,367,12845.0,92,3220.0,18,54,22,448,15680.0,163,5705.0,907,31745.0,47,52,-8,-280.0
2026-08-18,34,LX2(PALISADE),206651526,A/S,28.0,,0,0.0,82,2305.0,55,1536.6,20,548.8,16,439.0,63,1764.0,196,5488.0,49,1372.0,10,29,12,239,6692.0,83,2324.0,484,13552.0,21,23,14,392.0
2026-08-18,34,AD-100,206437713,A/S,25.0,,0,0.0,47,1165.5,31,777.0,11,277.5,9,222.0,34,850.0,111,2775.0,28,700.0,5,16,7,135,3375.0,45,1125.0,274,6850.0,14,15,29,725.0
2026-08-18,34,CV,972W34435,C,50.0,,0,0.0,347,17346.0,231,11564.0,83,4130.0,66,3304.0,40,2000.0,826,41300.0,206,10300.0,40,121,50,1008,50400.0,52,2600.0,2040,102000.0,97,107,173,8650.0
2026-08-18,34,M-300,299733570,D,57.0,,0,0.0,1254,71484.8,836,47656.6,299,17020.2,239,13616.2,126,7182.0,2986,170202.0,746,42522.0,146,437,182,3644,207708.0,168,9576.0,7376,420432.0,564,620,749,42693.0
2026-08-18,34,CN7(AVANTE),299909512,A/S,125.0,,0,0.0,541,67567.5,360,45045.0,129,16087.5,103,12870.0,410,51250.0,1287,160875.0,322,40250.0,63,189,79,1571,196375.0,544,68000.0,3180,397500.0,167,184,47,5875.0
2026-08-18,34,YP(CARNIVAL),299563936,C,43.0,42.0,0,0.0,81,3503.6,54,2335.8,19,834.2,16,667.4,10,430.0,194,8342.0,48,2064.0,9,28,12,237,10191.0,14,602.0,479,20597.0,25,28,7,301.0
2026-08-18,34,CK(STINGER),299962465,A/S,118.0,467.0,0,0.0,86,10110.2,57,6740.2,20,2407.2,16,1925.8,71,8378.0,204,24072.0,51,6018.0,10,30,12,250,29500.0,94,11092.0,505,59590.0,29,32,-60,-7080.0
2026-08-18,34,PAINT,299567578,원재료,25.0,31.0,2380,59500.0,0,0.0,0,0.0,0,0.0,0,0.0,0,0.0,0,0.0,0,0.0,0,0,0,0,0.0,0,0.0,2380,59500.0,0,0,-76,-1900.0
2026-08-18,34,CN7(AVANTE),299117397,A/S,15.0,67.0,0,0.0,8,119.7,5,79.8,2,28.5,2,22.8,6,90.0,19,285.0,5,75.0,1,3,1,23,345.0,8,120.0,47,705.0,3,3,2,30.0
2026-08-18,34,MX5(SANTAFE),299656346,A,57.0,53.0,0,0.0,410,23341.5,273,15561.0,98,5557.5,78,4446.0,46,2622.0,975,55575.0,244,13908.0,48,143,60,1190,67830.0,61,3477.0,2409,137313.0,119,131,-176,-10032.0
2026-08-18,34,HG(GRANDUER),299710725,C,67.0,74.0,0,0.0,177,11846.9,118,7898.0,42,2820.7,34,2256.6,22,1474.0,421,28207.0,105,7035.0,21,62,26,514,34438.0,29,1943.0,1040,69680.0,66,73,32,2144.0
2026-08-18,34,CK(STINGER),299184808,A/S,19.0,68.0,0,0.0,35,662.3,23,441.6,8,157.7,7,126.2,26,494.0,83,1577.0,21,399.0,4,12,5,102,1938.0,34,646.0,206,3914.0,13,14,9,171.0
2026-08-18,34,"SX2(KONA,HMC)",202451168,A/S,62.0,157.0,0,0.0,38,2369.6,25,1579.8,9,564.2,7,451.4,29,1798.0,91,5642.0,23,1426.0,4,13,6,111,6882.0,39,2418.0,225,13950.0,12,13,5,310.0
2026-08-18,34,PAINT,299989669,원재료,58.0,74.0,8345,484010.0,0,0.0,0,0.0,0,0.0,0,0.0,0,0.0,0,0.0,0,0.0,0,0,0,0,0.0,0,0.0,8345,484010.0,0,0,-94,-5452.0
2026-08-18,34,AE(IONIQ),299959137,A/S,12.0,,0,0.0,25,302.4,17,201.6,6,72.0,5,57.6,22,264.0,60,720.0,15,180.0,3,9,4,74,888.0,29,348.0,149,1788.0,0,11,-6,-72.0
2026-08-18,34,NX4-PE(TUCSON),299970095,A/S,128.0,380.0,0,0.0,180,23063.0,120,15375.4,43,5491.2,34,4393.0,128,16384.0,429,54912.0,107,13696.0,21,63,26,523,66944.0,170,21760.0,1059,135552.0,51,56,57,7296.0
2026-08-18,34,JX1,206144554,A/S,76.0,,0,0.0,430,32654.2,286,21769.4,102,7774.8,82,6219.8,331,25156.0,1023,77748.0,256,19456.0,50,150,62,1249,94924.0,439,33364.0,2528,192128.0,142,156,161,12236.0
2026-08-18,34,OS(KONA),202418140,A/S,56.0,152.0,0,0.0,134,7479.4,89,4986.2,32,1780.8,25,1424.6,111,6216.0,318,17808.0,79,4424.0,16,47,19,388,21728.0,147,8232.0,785,43960.0,41,45,-23,-1288.0
2026-08-18,34,NX4-PE(TUCSON),299679658,A/S,24.0,,0,0.0,153,3669.1,102,2446.1,36,873.6,29,698.9,128,3072.0,364,8736.0,91,2184.0,18,53,22,444,10656.0,170,4080.0,899,21576.0,66,73,14,336.0
2026-08-18,34,TM,299808624,A/S,34.0,,0,0.0,17,571.2,11,380.8,4,136.0,3,108.8,14,476.0,40,1360.0,10,340.0,2,6,2,49,1666.0,18,612.0,99,3366.0,4,4,-2,-68.0
2026-08-18,34,MX5(SANTAFE),299174845,A/S,117.0,490.0,0,0.0,153,17936.1,102,11957.4,36,4270.5,29,3416.4,121,14157.0,365,42705.0,91,10647.0,18,53,22,445,52065.0,160,18720.0,901,105417.0,64,70,-28,-3276.0
2026-08-18,34,HG(GRANDUER),299782341,A/S,,73.0,0,0.0,249,15939.8,166,10626.6,59,3795.2,47,3036.2,185,11840.0,593,37952.0,148,9472.0,29,87,36,724,46336.0,246,15744.0,1465,93760.0,74,81,-63,-4032.0
2026-08-18,34,QL(TUCSON),299639159,A/S,81.0,,0,0.0,640,51812.5,426,34541.6,152,12336.3,122,9869.0,492,39852.0,1523,123363.0,381,30861.0,74,223,93,1859,150579.0,652,52812.0,3763,304803.0,194,213,164,13284.0
2026-08-18,34,SG2,299254161,E,,192.0,0,0.0,799,51152.6,533,34101.8,190,12179.2,152,9743.4,104,6656.0,1903,121792.0,476,30464.0,93,279,116,2323,148672.0,138,8832.0,4702,300928.0,220,242,-603,-38592.0
2026-08-18,34,"SX2(KONA,HMC)",202239100,A/S,36.0,91.0,0,0.0,84,3024.0,56,2016.0,20,720.0,16,576.0,72,2592.0,200,7200.0,50,1800.0,10,29,12,244,8784.0,96,3456.0,494,17784.0,32,35,30,1080.0
2026-08-18,34,SG2,299421030,A/S,16.0,57.0,0,0.0,10,161.3,7,107.5,2,38.4,2,30.7,8,128.0,24,384.0,6,96.0,1,4,2,30,480.0,11,176.0,60,960.0,4,4,6,96.0
2026-08-18,34,NX4-PE(TUCSON),299216729,A/S,30.0,,0,0.0,32,957.6,21,638.4,8,228.0,6,182.4,26,780.0,76,2280.0,19,570.0,4,11,5,92,2760.0,34,1020.0,187,5610.0,12,13,-5,-150.0
2026-08-18,34,SP2(SORENTO),848W41709,A/S,265.0,908.0,0,0.0,411,108962.7,274,72641.8,98,25943.5,78,20754.8,314,83210.0,979,259435.0,245,64925.0,48,143,60,1194,316410.0,417,110505.0,2418,640770.0,0,146,44,11660.0
2026-08-18,34,PAINT,206718933,원재료,104.0,,24009,2496936.0,0,0.0,0,0.0,0,0.0,0,0.0,0,0.0,0,0.0,0,0.0,0,0,0,0,0.0,0,0.0,24009,2496936.0,0,0,2047,212888.0
2026-08-18,34,TQ(STAREX),299291837,E,34.0,,0,0.0,464,15765.1,309,10510.1,110,3753.6,88,3002.9,52,1768.0,1104,37536.0,276,9384.0,54,162,67,1347,45798.0,69,2346.0,2727,92718.0,113,124,128,4352.0
2026-08-18,34,GN7(GRANDUER),575W40609,D,299.0,332.0,0,0.0,6057,1810989.2,4038,1207326.1,1442,431187.9,1154,344950.3,721,215579.0,14421,4311879.0,3605,1077895.0,704,2112,880,17603,5263297.0,956,285844.0,35629,10653071.0,1871,2058,-2187,-653913.0
2026-08-18,34,RG3(K9),299714710,B,171.0,,0,0.0,3200,547124.8,2133,364749.8,762,130267.8,609,104214.2,358,61218.0,7618,1302678.0,1904,325584.0,372,1116,465,9298,1589958.0,475,81225.0,18820,3218220.0,1374,1511,388,66348.0
2026-08-18,34,QL(TUCSON),299124373,E,26.0,25.0,0,0.0,95,2478.8,64,1652.6,23,590.2,18,472.2,12,312.0,227,5902.0,57,1482.0,11,33,14,277,7202.0,16,416.0,561,14586.0,36,40,-6,-156.0
2026-08-18,34,RESIN,206429139,원재료,,226.0,6995,447680.0,0,0.0,0,0.0,0,0.0,0,0.0,0,0.0,0,0.0,0,0.0,0,0,0,0,0.0,0,0.0,6995,447680.0,0,0,585,37440.0
2026-08-18,34,PAINT,299871748,원재료,293.0,,19319,5660467.0,0,0.0,0,0.0,0,0.0,0,0.0,0,0.0,0,0.0,0,0.0,0,0,0,0,0.0,0,0.0,19319,5660467.0,0,0,-1392,-407856.0
2026-08-18,34,AD-100,299496476,A/S,111.0,471.0,0,0.0,465,51608.3,310,34405.6,111,12287.7,89,9830.2,368,40848.0,1107,122877.0,277,30747.0,54,162,68,1351,149961.0,487,54057.0,2735,303585.0,128,141,-1,-111.0
2026-08-18,34,DN8(SONATA),CA5285226D,A/S,37.0,,0,0.0,28,1025.6,18,683.8,7,244.2,5,195.4,24,888.0,66,2442.0,16,592.0,3,10,4,80,2960.0,32,1184.0,162,5994.0,11,12,-14,-518.0
2026-08-18,34,M-300,299226600,,,,0,0.0,335,21423.4,223,14282.2,80,5100.8,64,4080.6,38,2432.0,797,51008.0,199,12736.0,39,117,49,972,62208.0,51,3264.0,1968,125952.0,87,96,-103,-6592.0
2026-08-18,34,"SX2(KONA,HMC)",201169483,A/S,125.0,518.0,0,0.0,318,39742.5,212,26495.0,76,9462.5,61,7570.0,231,28875.0,757,94625.0,189,23625.0,37,111,46,924,115500.0,306,38250.0,1870,233750.0,101,111,83,10375.0
2026-08-18,34,PAINT,299455188,원재료,,,7788,498432.0,0,0.0,0,0.0,0,0.0,0,0.0,0,0.0,0,0.0,0,0.0,0,0,0,0,0.0,0,0.0,7788,498432.0,0,0,-452,-28928.0
2026-08-18,34,MX5(SANTAFE),206154742,A/S,,,0,0.0,119,7607.0,79,5071.4,28,1811.2,23,1449.0,97,6208.0,283,18112.0,71,4544.0,14,42,17,346,22144.0,128,8192.0,700,44800.0,32,35,-33,-2112.0
2026-08-18,34,EG,299118796,A/S,50.0,214.0,0,0.0,268,13398.0,179,8932.0,64,3190.0,51,2552.0,194,9700.0,638,31900.0,159,7950.0,31,93,39,778,38900.0,257,12850.0,1575,78750.0,100,110,44,2200.0
2026-08-18,34,TQ(STAREX),206177343,A/S,34.0,,0,0.0,276,9367.7,184,6245.1,66,2230.4,52,1784.3,187,6358.0,656,22304.0,164,5576.0,32,96,40,800,27200.0,249,8466.0,1620,55080.0,70,77,69,2346.0
2026-08-18,34,YP(CARNIVAL),299472446,A/S,54.0,,0,0.0,63,3402.0,42,2268.0,15,810.0,12,648.0,56,3024.0,150,8100.0,38,2052.0,7,22,9,183,9882.0,74,3996.0,371,20034.0,27,30,-38,-2052.0
2026-08-18,34,RG3(K9),959W33455,A/S,79.0,258.0,0,0.0,71,5607.4,47,3738.3,17,1335.1,14,1068.1,66,5214.0,169,13351.0,42,3318.0,8,25,10,207,16353.0,88,6952.0,418,33022.0,18,20,-56,-4424.0
2026-08-18,34,AD-100,206188153,A/S,23.0,,0,0.0,33,753.5,22,502.3,8,179.4,6,143.5,27,621.0,78,1794.0,20,460.0,4,12,5,96,2208.0,36,828.0,194,4462.0,14,15,4,92.0
2026-08-18,34,JX1,299836432,A/S,70.0,274.0,0,0.0,195,13671.0,130,9114.0,46,3255.0,37,2604.0,136,9520.0,465,32550.0,116,8120.0,23,68,28,567,39690.0,181,12670.0,1148,80360.0,59,65,113,7910.0
2026-08-18,34,PAINT,299661538,원재료,,,3587,229568.0,0,0.0,0,0.0,0,0.0,0,0.0,0,0.0,0,0.0,0,0.0,0,0,0,0,0.0,0,0.0,3587,229568.0,0,0,133,8512.0
2026-08-18,34,QL(TUCSON),CA3501677C,A/S,72.0,,0,0.0,51,3659.0,34,2439.4,12,871.2,10,697.0,37,2664.0,121,8712.0,30,2160.0,6,18,7,147,10584.0,49,3528.0,298,21456.0,11,12,14,1008.0
2026-08-18,34,SG2,206484855,A/S,63.0,239.0,0,0.0,316,19897.9,211,13265.3,75,4737.6,60,3790.1,212,13356.0,752,47376.0,188,11844.0,37,110,46,918,57834.0,281,17703.0,1858,117054.0,137,151,85,5355.0
2026-08-18,34,HG(GRANDUER),299449953,A/S,,708.0,0,0.0,113,7203.8,75,4802.6,27,1715.2,21,1372.2,88,5632.0,268,17152.0,67,4288.0,13,39,16,327,20928.0,116,7424.0,662,42368.0,45,50,15,960.0
2026-08-18,34,RG3(K9),206720681,A/S,61.0,,0,0.0,140,8531.5,93,5687.6,33,2031.3,27,1625.0,120,7320.0,333,20313.0,83,5063.0,16,49,20,406,24766.0,159,9699.0,822,50142.0,43,47,-35,-2135.0
2026-08-18,34,RESIN,206115431,원재료,147.0,,10382,1526154.0,0,0.0,0,0.0,0,0.0,0,0.0,0,0.0,0,0.0,0,0.0,0,0,0,0,0.0,0,0.0,10382,1526154.0,0,0,-285,-41895.0
2026-08-18,34,JX1,299791920,A/S,50.0,189.0,0,0.0,152,7581.0,101,5054.0,36,1805.0,29,1444.0,122,6100.0,361,18050.0,90,4500.0,18,53,22,441,22050.0,162,8100.0,892,44600.0,45,50,52,2600.0
2026-08-18,34,DN8(SONATA),299997112,A/S,319.0,1211.0,0,0.0,1011,322355.9,674,214903.9,241,76751.4,192,61401.1,676,215644.0,2406,767514.0,602,192038.0,117,352,147,2937,936903.0,896,285824.0,5945,1896455.0,280,308,458,146102.0
2026-08-18,34,PAINT,206937195,원재료,33.0,,923,30459.0,0,0.0,0,0.0,0,0.0,0,0.0,0,0.0,0,0.0,0,0.0,0,0,0,0,0.0,0,0.0,923,30459.0,0,0,105,3465.0
2026-08-18,34,JF(K5),206307377,A/S,254.0,,0,0.0,62,15682.0,41,10454.6,15,3733.8,12,2987.0,46,11684.0,147,37338.0,37,9398.0,7,22,9,180,45720.0,62,15748.0,364,92456.0,12,13,0,0.0
2026-08-18,34,PAINT,206120922,원재료,64.0,,4032,258048.0,0,0.0,0,0.0,0,0.0,0,0.0,0,0.0,0,0.0,0,0.0,0,0,0,0,0.0,0,0.0,4032,258048.0,0,0,309,19776.0
2026-08-18,34,HG(GRANDUER),299652216,B,,,0,0.0,667,42685.4,445,28457.0,159,10163.2,127,8130.6,86,5504.0,1588,101632.0,397,25408.0,78,233,97,1939,124096.0,114,7296.0,3924,251136.0,271,298,230,14720.0
2026-08-18,34,JX1,299897854,,41.0,,0,0.0,14,568.3,9,378.8,3,135.3,3,108.2,11,451.0,33,1353.0,8,328.0,2,5,2,41,1681.0,14,574.0,82,3362.0,7,8,5,205.0
2026-08-18,34,AE(IONIQ),299381828,A/S,75.0,256.0,0,0.0,84,6300.0,56,4200.0,20,1500.0,16,1200.0,64,4800.0,200,15000.0,50,3750.0,10,29,12,244,18300.0,85,6375.0,494,37050.0,30,33,-12,-900.0
2026-08-18,34,JX1,299394529,A/S,34.0,107.0,0,0.0,153,5197.9,102,3465.3,36,1237.6,29,990.1,120,4080.0,364,12376.0,91,3094.0,18,53,22,444,15096.0,159,5406.0,899,30566.0,52,57,1,34.0
2026-08-18,34,AE(IONIQ),299302704,A/S,26.0,,0,0.0,25,644.3,17,429.5,6,153.4,5,122.7,19,494.0,59,1534.0,15,390.0,3,9,4,72,1872.0,25,650.0,146,3796.0,6,7,15,390.0
2026-08-18,34,SP2(SORENTO),299775975,A/S,22.0,108.0,0,0.0,91,2005.1,61,1336.7,22,477.4,17,381.9,95,2090.0,217,4774.0,54,1188.0,11,32,13,265,5830.0,126,2772.0,536,11792.0,33,36,-74,-1628.0
2026-08-18,34,AE(IONIQ),299355019,A/S,30.0,,0,0.0,106,3175.2,71,2116.8,25,756.0,20,604.8,81,2430.0,252,7560.0,63,1890.0,12,37,15,308,9240.0,107,3210.0,623,18690.0,32,35,-9,-270.0
2026-08-18,34,TQ(STAREX),206263704,A/S,29.0,,0,0.0,58,1668.7,38,1112.4,14,397.3,11,317.8,48,1392.0,137,3973.0,34,986.0,7,20,8,167,4843.0,63,1827.0,338,9802.0,15,16,-2,-58.0
2026-08-18,34,CV,299917161,A/S,54.0,,0,0.0,16,839.2,10,559.4,4,199.8,3,159.8,15,810.0,37,1998.0,9,486.0,2,5,2,45,2430.0,20,1080.0,91,4914.0,6,7,-10,-540.0
2026-08-18,34,SM,299592218,A/S,49.0,169.0,0,0.0,150,7347.1,100,4898.0,36,1749.3,29,1399.4,103,5047.0,357,17493.0,89,4361.0,17,52,22,436,21364.0,137,6713.0,882,43218.0,51,56,46,2254.0
2026-08-18,34,AE-PE(IONIQ),CA8426846D,D,32.0,,0,0.0,303,9690.2,202,6460.2,72,2307.2,58,1845.8,34,1088.0,721,23072.0,180,5760.0,35,105,44,879,28128.0,45,1440.0,1780,56960.0,125,138,140,4480.0
2026-08-18,34,JX1,202574628,D,263.0,315.0,0,0.0,1187,312160.0,791,208106.6,283,74323.8,226,59459.0,124,32612.0,2826,743238.0,707,185941.0,138,414,172,3449,907087.0,165,43395.0,6982,1836266.0,411,452,-197,-51811.0
2026-08-18,34,CN7(AVANTE),299344365,E,89.0,118.0,0,0.0,59,5233.2,39,3488.8,14,1246.0,11,996.8,7,623.0,140,12460.0,35,3115.0,7,21,9,171,15219.0,9,801.0,346,30794.0,19,21,35,3115.0
2026-08-18,34,PAINT,299466606,원재료,76.0,81.0,2251,171076.0,0,0.0,0,0.0,0,0.0,0,0.0,0,0.0,0,0.0,0,0.0,0,0,0,0,0.0,0,0.0,2251,171076.0,0,0,-44,-3344.0
2026-08-18,34,CN7(AVANTE),299468345,C,48.0,75.0,0,0.0,994,47698.6,662,31799.0,237,11356.8,189,9085.4,117,5616.0,2366,113568.0,591,28368.0,116,347,144,2888,138624.0,155,7440.0,5845,280560.0,338,372,-154,-7392.0
2026-08-18,34,RG3(K9),299321627,A/S,24.0,105.0,0,0.0,42,1008.0,28,672.0,10,240.0,8,192.0,34,816.0,100,2400.0,25,600.0,5,15,6,122,2928.0,46,1104.0,247,5928.0,13,14,2,48.0
2026-08-18,34,CK(STINGER),299544981,A/S,66.0,306.0,0,0.0,39,2578.0,26,1718.6,9,613.8,7,491.0,30,1980.0,93,6138.0,23,1518.0,5,14,6,113,7458.0,40,2640.0,229,15114.0,14,15,-20,-1320.0
2026-08-18,34,PAINT,299842032,원재료,134.0,113.0,9568,1282112.0,0,0.0,0,0.0,0,0.0,0,0.0,0,0.0,0,0.0,0,0.0,0,0,0,0,0.0,0,0.0,9568,1282112.0,0,0,416,55744.0
2026-08-18,34,AE(IONIQ),299930001,D,11.0,,0,0.0,279,3072.3,186,2048.2,66,731.5,53,585.2,35,385.0,665,7315.0,166,1826.0,32,97,41,812,8932.0,47,517.0,1643,18073.0,86,95,21,231.0
2026-08-18,34,SG2,206549483,A/S,160.0,,0,0.0,474,75868.8,316,50579.2,113,18064.0,90,14451.2,351,56160.0,1129,180640.0,282,45120.0,55,165,69,1378,220480.0,466,74560.0,2789,446240.0,143,157,-134,-21440.0
2026-08-18,34,YP(CARNIVAL),206593743,A/S,43.0,166.0,0,0.0,124,5345.8,83,3563.8,30,1272.8,24,1018.2,101,4343.0,296,12728.0,74,3182.0,14,43,18,362,15566.0,134,5762.0,732,31476.0,50,55,23,989.0
2026-08-18,34,QL(TUCSON),CA5282277C,A/S,314.0,1424.0,0,0.0,577,181071.2,384,120714.2,137,43112.2,110,34489.8,387,121518.0,1373,431122.0,343,107702.0,67,201,84,1676,526264.0,513,161082.0,3392,1065088.0,261,287,225,70650.0
2026-08-18,34,DH(G80),299993056,E,59.0,79.0,0,0.0,902,53227.4,601,35485.0,215,12673.2,172,10138.6,102,6018.0,2148,126732.0,537,31683.0,105,315,131,2621,154639.0,135,7965.0,5306,313054.0,309,340,630,37170.0
2026-08-18,34,M-300,299237057,C,37.0,,0,0.0,885,32727.2,590,21818.2,211,7792.2,168,6233.8,92,3404.0,2106,77922.0,526,19462.0,103,308,128,2570,95090.0,122,4514.0,5202,192474.0,194,213,595,22015.0
2026-08-18,34,AKZO,206765644,원재료,56.0,59.0,9368,524608.0,0,0.0,0,0.0,0,0.0,0,0.0,0,0.0,0,0.0,0,0.0,0,0,0,0,0.0,0,0.0,9368,524608.0,0,0,-504,-28224.0
2026-08-18,34,GN7(GRANDUER),206969208,,46.0,,0,0.0,155,7148.4,104,4765.6,37,1702.0,30,1361.6,119,5474.0,370,17020.0,92,4232.0,18,54,23,451,20746.0,158,7268.0,913,41998.0,50,55,90,4140.0
2026-08-18,34,M-300,299361561,A/S,18.0,67.0,0,0.0,32,582.1,22,388.1,8,138.6,6,110.9,25,450.0,77,1386.0,19,342.0,4,11,5,93,1674.0,33,594.0,189,3402.0,12,13,8,144.0
2026-08-18,34,JF(K5),299154369,A/S,77.0,303.0,0,0.0,116,8893.5,77,5929.0,28,2117.5,22,1694.0,86,6622.0,275,21175.0,69,5313.0,13,40,17,335,25795.0,115,8855.0,679,52283.0,45,50,-11,-847.0
2026-08-18,34,TM,202300318,A/S,201.0,695.0,0,0.0,271,54535.3,181,36356.9,65,12984.6,52,10387.7,223,44823.0,646,129846.0,161,32361.0,32,95,39,788,158388.0,296,59496.0,1595,320595.0,84,92,-76,-15276.0
2026-08-18,34,QL(TUCSON),299731383,A/S,112.0,,0,0.0,111,12465.6,74,8310.4,26,2968.0,21,2374.4,84,9408.0,265,29680.0,66,7392.0,13,39,16,324,36288.0,111,12432.0,655,73360.0,48,53,37,4144.0
2026-08-18,34,SG2,299965032,,89.0,330.0,0,0.0,347,30913.3,232,20608.8,83,7360.3,66,5888.2,264,23496.0,827,73603.0,207,18423.0,40,121,50,1009,89801.0,350,31150.0,2043,181827.0,0,109,3,267.0
2026-08-18,34,LX2(PALISADE),206374794,A/S,58.0,,0,0.0,239,13836.5,159,9224.3,57,3294.4,45,2635.5,199,11542.0,568,32944.0,142,8236.0,28,83,35,693,40194.0,264,15312.0,1403,81374.0,48,53,-71,-4118.0
2026-08-18,34,SM,299662140,C,65.0,100.0,0,0.0,1331,86486.4,887,57657.6,317,20592.0,253,16473.6,160,10400.0,3168,205920.0,792,51480.0,155,464,193,3867,251355.0,212,13780.0,7827,508755.0,280,308,-188,-12220.0
2026-08-18,34,AE-PE(IONIQ),299535235,A/S,194.0,,0,0.0,250,48480.6,167,32320.4,60,11543.0,48,9234.4,162,31428.0,595,115430.0,149,28906.0,29,87,36,726,140844.0,215,41710.0,1470,285180.0,88,97,106,20564.0
2026-08-18,34,JF(K5),299500903,A/S,67.0,162.0,0,0.0,61,4080.3,41,2720.2,14,971.5,12,777.2,50,3350.0,145,9715.0,36,2412.0,7,21,9,178,11926.0,66,4422.0,359,24053.0,21,23,-11,-737.0
2026-08-18,34,GN7(GRANDUER),299387804,D,93.0,94.0,0,0.0,1966,182800.8,1310,121867.2,468,43524.0,374,34819.2,222,20646.0,4680,435240.0,1170,108810.0,228,685,286,5712,531216.0,294,27342.0,11562,1075266.0,749,824,39,3627.0
2026-08-18,34,TQ(STAREX),299972638,A/S,52.0,204.0,0,0.0,32,1638.0,21,1092.0,8,390.0,6,312.0,28,1456.0,75,3900.0,19,988.0,4,11,5,92,4784.0,37,1924.0,186,9672.0,14,15,-13,-676.0
2026-08-18,34,JB,CA9459335C,A/S,42.0,,0,0.0,56,2363.8,38,1575.8,13,562.8,11,450.2,42,1764.0,134,5628.0,34,1428.0,7,20,8,164,6888.0,55,2310.0,332,13944.0,21,23,18,756.0
2026-08-18,34,SG2,201628854,A/S,74.0,,0,0.0,585,43263.4,390,28842.2,139,10300.8,111,8240.6,448,33152.0,1392,103008.0,348,25752.0,68,204,85,1700,125800.0,594,43956.0,3440,254560.0,164,180,20,1480.0
2026-08-18,34,MX5(SANTAFE),202878738,A/S,56.0,228.0,0,0.0,121,6773.8,81,4515.8,29,1612.8,23,1290.2,100,5600.0,288,16128.0,72,4032.0,14,42,18,351,19656.0,133,7448.0,711,39816.0,37,41,-24,-1344.0
2026-08-18,34,TM,CA7452572C,A/S,27.0,119.0,0,0.0,67,1803.1,45,1202.0,16,429.3,13,343.4,50,1350.0,159,4293.0,40,1080.0,8,23,10,194,5238.0,66,1782.0,393,10611.0,23,25,-22,-594.0
2026-08-18,34,DN8(SONATA),299405444,A/S,27.0,76.0,0,0.0,41,1111.3,27,740.9,10,264.6,8,211.7,36,972.0,98,2646.0,25,675.0,5,14,6,120,3240.0,48,1296.0,243,6561.0,13,14,0,0.0
2026-08-18,34,CK(STINGER),202751381,A/S,56.0,162.0,0,0.0,281,15734.9,187,10489.9,67,3746.4,54,2997.1,231,12936.0,669,37464.0,167,9352.0,33,98,41,817,45752.0,307,17192.0,1653,92568.0,69,76,50,2800.0
2026-08-18,34,JF(K5),202330013,A/S,56.0,202.0,0,0.0,130,7291.2,87,4860.8,31,1736.0,25,1388.8,99,5544.0,310,17360.0,78,4368.0,15,45,19,379,21224.0,131,7336.0,767,42952.0,43,47,0,0.0
2026-08-18,34,AD-100,206922700,C,143.0,166.0,0,0.0,161,23063.0,108,15375.4,38,5491.2,31,4393.0,20,2860.0,384,54912.0,96,13728.0,19,56,23,469,67067.0,27,3861.0,949,135707.0,46,51,-35,-5005.0
2026-08-18,34,SM,299686698,A/S,127.0,,0,0.0,493,62567.8,328,41711.9,117,14897.1,94,11917.7,339,43053.0,1173,148971.0,293,37211.0,57,172,72,1431,181737.0,449,57023.0,2897,367919.0,108,119,33,4191.0
2026-08-18,34,JB,299462138,A/S,65.0,287.0,0,0.0,189,12312.3,126,8208.2,45,2931.5,36,2345.2,151,9815.0,451,29315.0,113,7345.0,22,66,28,550,35750.0,201,13065.0,1114,72410.0,69,76,-36,-2340.0
2026-08-18,34,ON(TELLURIDE),202231374,A/S,,774.0,0,0.0,280,17902.1,186,11934.7,67,4262.4,53,3409.9,228,14592.0,666,42624.0,166,10624.0,33,98,41,813,52032.0,302,19328.0,1645,105280.0,112,123,-98,-6272.0
2026-08-18,34,"SX2(KONA,HMC)",141541753,D,134.0,,0,0.0,1058,141825.6,706,94550.4,252,33768.0,202,27014.4,125,16750.0,2520,337680.0,630,84420.0,123,369,154,3076,412184.0,166,22244.0,6226,834284.0,245,270,-259,-34706.0
2026-08-18,34,"SX2(KONA,HMC)",CA4919382D,A/S,61.0,178.0,0,0.0,37,2228.9,24,1486.0,9,530.7,7,424.6,29,1769.0,87,5307.0,22,1342.0,4,13,5,107,6527.0,38,2318.0,216,13176.0,10,11,19,1159.0
2026-08-18,34,JB,299135552,A/S,19.0,,0,0.0,80,1516.2,53,1010.8,19,361.0,15,288.8,72,1368.0,190,3610.0,47,893.0,9,28,12,231,4389.0,95,1805.0,468,8892.0,32,35,-10,-190.0
2026-08-18,34,JB,299287347,A/S,80.0,294.0,0,0.0,164,13137.6,109,8758.4,39,3128.0,31,2502.4,122,9760.0,391,31280.0,98,7840.0,19,57,24,478,38240.0,162,12960.0,967,77360.0,54,59,-16,-1280.0
2026-08-18,34,LX2(PALISADE),299810000,A/S,76.0,,0,0.0,366,27834.2,244,18556.2,87,6627.2,70,5301.8,249,18924.0,872,66272.0,218,16568.0,43,128,53,1064,80864.0,330,25080.0,2154,163704.0,145,160,278,21128.0
2026-08-18,34,TQ(STAREX),206288771,A/S,31.0,104.0,0,0.0,166,5142.9,111,3428.6,40,1224.5,32,979.6,139,4309.0,395,12245.0,99,3069.0,19,58,24,483,14973.0,184,5704.0,977,30287.0,40,44,-81,-2511.0
2026-08-18,34,ON(TELLURIDE),852W91865,A/S,203.0,720.0,0,0.0,894,181433.3,596,120955.5,213,43198.4,170,34558.7,634,128702.0,2128,431984.0,532,107996.0,104,312,130,2598,527394.0,841,170723.0,5258,1067374.0,240,264,868,176204.0
2026-08-18,34,PAINT,105W78130,원재료,40.0,56.0,4763,190520.0,0,0.0,0,0.0,0,0.0,0,0.0,0,0.0,0,0.0,0,0.0,0,0,0,0,0.0,0,0.0,4763,190520.0,0,0,161,6440.0
2026-08-18,34,PAINT,299898526,원재료,108.0,122.0,739,79812.0,0,0.0,0,0.0,0,0.0,0,0.0,0,0.0,0,0.0,0,0.0,0,0,0,0,0.0,0,0.0,739,79812.0,0,0,98,10584.0
2026-08-18,34,MX5(SANTAFE),299531019,A/S,69.0,320.0,0,0.0,33,2260.4,22,1507.0,8,538.2,6,430.6,25,1725.0,78,5382.0,19,1311.0,4,11,5,95,6555.0,33,2277.0,192,13248.0,9,10,7,483.0
2026-08-18,34,CN7(AVANTE),299381515,A/S,106.0,,0,0.0,118,12465.6,78,8310.4,28,2968.0,22,2374.4,96,10176.0,280,29680.0,70,7420.0,14,41,17,341,36146.0,128,13568.0,691,73246.0,0,52,-19,-2014.0
2026-08-18,34,MX5(SANTAFE),202352115,E,98.0,120.0,0,0.0,240,23543.5,160,15695.7,57,5605.6,46,4484.5,30,2940.0,572,56056.0,143,14014.0,28,84,35,698,68404.0,40,3920.0,1413,138474.0,96,106,33,3234.0
2026-08-18,34,LX2(PALISADE),299212301,A/S,37.0,,0,0.0,112,4133.6,74,2755.8,27,984.2,21,787.4,87,3219.0,266,9842.0,66,2442.0,13,39,16,324,11988.0,115,4255.0,656,24272.0,34,37,77,2849.0
2026-08-18,34,AE-PE(IONIQ),299466791,A/S,94.0,360.0,0,0.0,143,13423.2,95,8948.8,34,3196.0,27,2556.8,112,10528.0,340,31960.0,85,7990.0,17,50,21,415,39010.0,148,13912.0,840,78960.0,34,37,-18,-1692.0
2026-08-18,34,AE-PE(IONIQ),202749243,A/S,91.0,322.0,0,0.0,662,60196.5,441,40131.0,158,14332.5,126,11466.0,541,49231.0,1575,143325.0,394,35854.0,77,231,96,1922,174902.0,717,65247.0,3891,354081.0,256,282,80,7280.0
2026-08-18,34,JF(K5),299291674,A,51.0,65.0,0,0.0,331,16900.4,221,11266.9,79,4023.9,63,3219.1,38,1938.0,789,40239.0,197,10047.0,39,116,48,963,49113.0,51,2601.0,1949,99399.0,97,107,28,1428.0
2026-08-18,34,GN7(GRANDUER),206653005,C,37.0,,0,0.0,292,10815.8,195,7210.6,70,2575.2,56,2060.2,39,1443.0,696,25752.0,174,6438.0,34,102,42,849,31413.0,52,1924.0,1719,63603.0,87,96,-100,-3700.0
2026-08-18,34,NX4-PE(TUCSON),299171974,A/S,,278.0,0,0.0,118,7580.2,79,5053.4,28,1804.8,23,1443.8,94,6016.0,282,18048.0,71,4544.0,14,41,17,344,22016.0,124,7936.0,697,44608.0,39,43,10,640.0
2026-08-18,34,SM,206749528,A/S,101.0,,0,0.0,310,31263.5,206,20842.4,74,7443.7,59,5955.0,249,25149.0,737,74437.0,184,18584.0,36,108,45,900,90900.0,329,33229.0,1821,183921.0,100,110,-48,-4848.0
2026-08-18,34,SG2,299353424,D,24.0,,0,0.0,296,7106.4,197,4737.6,70,1692.0,56,1353.6,34,816.0,705,16920.0,176,4224.0,34,103,43,861,20664.0,45,1080.0,1742,41808.0,127,140,94,2256.0
2026-08-18,34,HG(GRANDUER),299631311,D,79.0,77.0,0,0.0,1415,111783.4,943,74522.3,337,26615.1,270,21292.1,155,12245.0,3369,266151.0,842,66518.0,165,494,206,4113,324927.0,206,16274.0,8324,657596.0,498,548,96,7584.0
2026-08-18,34,DN8(SONATA),299653580,A/S,86.0,447.0,0,0.0,316,27198.4,211,18132.2,75,6475.8,60,5180.6,263,22618.0,753,64758.0,188,16168.0,37,110,46,919,79034.0,349,30014.0,1860,159960.0,152,167,52,4472.0
2026-08-18,34,CK(STINGER),206350553,A/S,,598.0,0,0.0,354,22686.7,236,15124.5,84,5401.6,68,4321.3,255,16320.0,844,54016.0,211,13504.0,41,124,52,1030,65920.0,338,21632.0,2085,133440.0,122,134,152,9728.0
2026-08-18,34,AE(IONIQ),299853684,A/S,95.0,278.0,0,0.0,119,11331.6,80,7554.4,28,2698.0,23,2158.4,90,8550.0,284,26980.0,71,6745.0,14,42,17,347,32965.0,120,11400.0,702,66690.0,40,44,20,1900.0
2026-08-18,34,CN7(AVANTE),299893216,E,36.0,,0,0.0,74,2676.2,50,1784.2,18,637.2,14,509.8,10,360.0,177,6372.0,44,1584.0,9,26,11,216,7776.0,13,468.0,437,15732.0,24,26,20,720.0
2026-08-18,34,EG,299689120,A/S,14.0,,0,0.0,5,70.6,3,47.0,1,16.8,1,13.4,5,70.0,12,168.0,3,42.0,1,2,1,15,210.0,6,84.0,30,420.0,2,2,-2,-28.0
2026-08-18,34,JX1,299856661,A/S,61.0,185.0,0,0.0,94,5738.9,63,3825.9,22,1366.4,18,1093.1,78,4758.0,224,13664.0,56,3416.0,11,33,14,273,16653.0,103,6283.0,553,33733.0,35,38,19,1159.0
2026-08-18,34,JX1,299344299,A/S,,,0,0.0,285,18251.5,190,12167.7,68,4345.6,54,3476.5,227,14528.0,679,43456.0,170,10880.0,33,99,41,829,53056.0,301,19264.0,1678,107392.0,94,103,-54,-3456.0
2026-08-18,34,"SX2(KONA,HMC)",206595587,A/S,141.0,646.0,0,0.0,514,72426.1,342,48284.0,122,17244.3,98,13795.4,413,58233.0,1223,172443.0,306,43146.0,60,179,75,1492,210372.0,547,77127.0,3021,425961.0,180,198,-158,-22278.0
2026-08-18,34,EG,299786940,A/S,60.0,,0,0.0,147,8794.8,98,5863.2,35,2094.0,28,1675.2,117,7020.0,349,20940.0,87,5220.0,17,51,21,426,25560.0,155,9300.0,862,51720.0,57,63,71,4260.0
2026-08-18,34,CV,CA9009402C,A/S,55.0,,0,0.0,716,39362.4,477,26241.6,170,9372.0,136,7497.6,504,27720.0,1704,93720.0,426,23430.0,83,250,104,2080,114400.0,668,36740.0,4210,231550.0,224,246,131,7205.0
2026-08-18,34,TQ(STAREX),299383953,A/S,85.0,288.0,0,0.0,629,53442.9,419,35628.6,150,12724.5,120,10179.6,513,43605.0,1497,127245.0,374,31790.0,73,219,91,1827,155295.0,680,57800.0,3698,314330.0,154,169,-277,-23545.0
2026-08-18,34,LX2(PALISADE),299614232,A/S,28.0,120.0,0,0.0,5,152.9,4,101.9,1,36.4,1,29.1,4,112.0,13,364.0,3,84.0,1,2,1,16,448.0,5,140.0,32,896.0,2,2,4,112.0
2026-08-18,34,NX4-PE(TUCSON),299366974,A/S,83.0,305.0,0,0.0,610,50616.7,407,33744.5,145,12051.6,116,9641.3,502,41666.0,1452,120516.0,363,30129.0,71,213,89,1772,147076.0,665,55195.0,3587,297721.0,237,261,-12,-996.0
2026-08-18,34,CK(STINGER),299548241,A/S,36.0,,0,0.0,96,3447.4,64,2298.2,23,820.8,18,656.6,72,2592.0,228,8208.0,57,2052.0,11,33,14,278,10008.0,95,3420.0,563,20268.0,17,19,37,1332.0
2026-08-18,34,AD-100,299299199,C,68.0,,0,0.0,148,10081.7,99,6721.1,35,2400.4,28,1920.3,17,1156.0,353,24004.0,88,5984.0,17,52,22,431,29308.0,22,1496.0,872,59296.0,32,35,82,5576.0
2026-08-18,34,EG,202753464,A/S,180.0,,0,0.0,570,102589.2,380,68392.8,136,24426.0,109,19540.8,467,84060.0,1357,244260.0,339,61020.0,66,199,83,1656,298080.0,620,111600.0,3352,603360.0,141,155,-73,-13140.0
2026-08-18,34,RG3(K9),299545566,A/S,60.0,320.0,0,0.0,34,2066.4,23,1377.6,8,492.0,7,393.6,27,1620.0,82,4920.0,21,1260.0,4,12,5,100,6000.0,36,2160.0,203,12180.0,13,14,10,600.0
2026-08-18,34,VQ,299880496,A/S,39.0,,0,0.0,89,3472.6,59,2315.0,21,826.8,17,661.4,77,3003.0,212,8268.0,53,2067.0,10,31,13,259,10101.0,102,3978.0,524,20436.0,25,28,-22,-858.0
2026-08-18,34,CK(STINGER),201163473,D,145.0,217.0,0,0.0,289,41838.3,192,27892.2,69,9961.5,55,7969.2,35,5075.0,687,99615.0,172,24940.0,34,101,42,839,121655.0,47,6815.0,1698,246210.0,127,140,-166,-24070.0
2026-08-18,34,JB,206792270,A/S,35.0,132.0,0,0.0,42,1484.7,28,989.8,10,353.5,8,282.8,33,1155.0,101,3535.0,25,875.0,5,15,6,123,4305.0,44,1540.0,249,8715.0,14,15,18,630.0
2026-08-18,34,AE-PE(IONIQ),299107475,E,69.0,79.0,0,0.0,1752,120875.6,1168,80583.7,417,28779.9,334,23023.9,211,14559.0,4171,287799.0,1043,71967.0,204,611,255,5091,351279.0,280,19320.0,10305,711045.0,705,776,-311,-21459.0
2026-08-18,34,OS(KONA),206853523,D,75.0,63.0,0,0.0,974,73017.0,649,48678.0,232,17385.0,185,13908.0,116,8700.0,2318,173850.0,580,43500.0,113,339,141,2829,212175.0,153,11475.0,5727,429525.0,373,410,-68,-5100.0
2026-08-18,34,CV,299279949,A/S,86.0,301.0,0,0.0,47,4045.4,31,2697.0,11,963.2,9,770.6,35,3010.0,112,9632.0,28,2408.0,5,16,7,137,11782.0,47,4042.0,277,23822.0,17,19,15,1290.0
2026-08-18,34,"SX2(KONA,HMC)",202771557,A/S,421.0,1703.0,0,0.0,5924,2494046.1,3949,1662697.4,1410,593820.5,1128,475056.4,4568,1923128.0,14105,5938205.0,3526,1484446.0,689,2066,861,17217,7248357.0,6056,2549576.0,34848,14671008.0,2475,2722,-2128,-895888.0
2026-08-18,34,JF(K5),299628264,A/S,52.0,225.0,0,0.0,107,5547.4,71,3698.2,25,1320.8,20,1056.6,88,4576.0,254,13208.0,64,3328.0,12,37,16,310,16120.0,117,6084.0,628,32656.0,38,42,-44,-2288.0
2026-08-18,34,AE-PE(IONIQ),299557593,E,29.0,,0,0.0,369,10706.2,246,7137.5,88,2549.1,70,2039.3,41,1189.0,879,25491.0,220,6380.0,43,129,54,1073,31117.0,54,1566.0,2172,62988.0,136,150,-2,-58.0
2026-08-18,34,CV,299106896,A/S,69.0,271.0,0,0.0,824,56887.7,550,37925.2,196,13544.7,157,10835.8,625,43125.0,1963,135447.0,491,33879.0,96,288,120,2396,165324.0,829,57201.0,4850,334650.0,374,411,293,20217.0
2026-08-18,34,SM,299633057,A/S,52.0,,0,0.0,113,5875.0,75,3916.6,27,1398.8,22,1119.0,93,4836.0,269,13988.0,67,3484.0,13,39,16,328,17056.0,123,6396.0,664,34528.0,53,58,-25,-1300.0
2026-08-18,34,"SX2(KONA,HMC)",201447364,A/S,21.0,77.0,0,0.0,69,1446.5,46,964.3,16,344.4,13,275.5,52,1092.0,164,3444.0,41,861.0,8,24,10,200,4200.0,70,1470.0,405,8505.0,24,26,12,252.0
2026-08-18,34,VQ,299423030,A/S,68.0,,0,0.0,363,24675.8,242,16450.6,86,5875.2,69,4700.2,289,19652.0,864,58752.0,216,14688.0,42,126,53,1054,71672.0,384,26112.0,2134,145112.0,125,138,-122,-8296.0
2026-08-18,34,EG,299997881,A/S,110.0,429.0,0,0.0,139,15338.4,93,10225.6,33,3652.0,27,2921.6,114,12540.0,332,36520.0,83,9130.0,16,49,20,406,44660.0,150,16500.0,821,90310.0,51,56,-88,-9680.0
2026-08-18,34,TQ(STAREX),299109718,E,23.0,,0,0.0,125,2878.7,83,1919.1,30,685.4,24,548.3,16,368.0,298,6854.0,75,1725.0,15,44,18,364,8372.0,21,483.0,737,16951.0,53,58,8,184.0
2026-08-18,34,SP2(SORENTO),299611509,A/S,54.0,,0,0.0,219,11816.3,146,7877.5,52,2813.4,42,2250.7,197,10638.0,521,28134.0,130,7020.0,25,76,32,636,34344.0,261,14094.0,1287,69498.0,68,75,-18,-972.0
2026-08-18,34,VQ,299276353,A/S,138.0,559.0,0,0.0,450,62133.1,300,41422.1,107,14793.6,86,11834.9,352,48576.0,1072,147936.0,268,36984.0,52,157,65,1309,180642.0,466,64308.0,2649,365562.0,159,175,-252,-34776.0
2026-08-18,34,RESIN,206442066,원재료,135.0,,9158,1236330.0,0,0.0,0,0.0,0,0.0,0,0.0,0,0.0,0,0.0,0,0.0,0,0,0,0,0.0,0,0.0,9158,1236330.0,0,0,711,95985.0
2026-08-18,34,M-300,299326801,B,52.0,54.0,0,0.0,1138,59186.4,759,39457.6,271,14092.0,217,11273.6,146,7592.0,2710,140920.0,677,35204.0,132,397,165,3307,171964.0,193,10036.0,6694,348088.0,521,573,-286,-14872.0
2026-08-18,34,VQ,201952736,C,,,0,0.0,680,43545.6,454,29030.4,162,10368.0,130,8294.4,80,5120.0,1620,103680.0,405,25920.0,79,237,99,1978,126592.0,106,6784.0,4003,256192.0,159,175,220,14080.0
2026-08-18,34,AE(IONIQ),299425792,A/S,119.0,389.0,0,0.0,218,25989.6,146,17326.4,52,6188.0,42,4950.4,173,20587.0,520,61880.0,130,15470.0,25,76,32,634,75446.0,230,27370.0,1284,152796.0,61,67,-129,-15351.0
2026-08-18,34,VQ,299354651,A/S,131.0,428.0,0,0.0,447,58541.3,298,39027.5,106,13938.4,85,11150.7,315,41265.0,1064,139384.0,266,34846.0,52,156,65,1299,170169.0,418,54758.0,2629,344399.0,121,133,44,5764.0
2026-08-18,34,SP2(SORENTO),299394270,A/S,61.0,,0,0.0,116,7045.5,77,4697.0,28,1677.5,22,1342.0,94,5734.0,275,16775.0,69,4209.0,13,40,17,336,20496.0,124,7564.0,680,41480.0,41,45,-14,-854.0
2026-08-18,34,OS(KONA),299216570,E,157.0,192.0,0,0.0,973,152783.0,649,101855.3,232,36376.9,185,29101.5,114,17898.0,2317,363769.0,579,90903.0,113,339,141,2828,443996.0,151,23707.0,5724,898668.0,297,327,-434,-68138.0
2026-08-18,34,CK(STINGER),299815655,A/S,91.0,,0,0.0,313,28512.1,209,19008.1,75,6788.6,60,5430.9,272,24752.0,746,67886.0,187,17017.0,36,109,46,911,82901.0,361,32851.0,1844,167804.0,126,139,-239,-21749.0
2026-08-18,34,ON(TELLURIDE),299737950,A/S,208.0,924.0,0,0.0,949,197346.2,633,131564.2,226,46987.2,181,37589.8,696,144768.0,2259,469872.0,565,117520.0,110,331,138,2757,573456.0,922,191776.0,5581,1160848.0,246,271,295,61360.0
2026-08-18,34,AE-PE(IONIQ),299400372,A,79.0,,0,0.0,915,72266.0,610,48177.4,218,17206.2,174,13765.0,103,8137.0,2178,172062.0,544,42976.0,106,319,133,2658,209982.0,137,10823.0,5380,425020.0,322,354,-191,-15089.0
2026-08-18,34,JX1,399W50644,A/S,221.0,744.0,0,0.0,58,12902.0,39,8601.3,14,3071.9,11,2457.5,42,9282.0,139,30719.0,35,7735.0,7,20,8,170,37570.0,56,12376.0,344,76024.0,18,20,1,221.0
2026-08-18,34,VQ,299274005,A/S,37.0,,0,0.0,125,4615.4,83,3076.9,30,1098.9,24,879.1,105,3885.0,297,10989.0,74,2738.0,14,43,18,362,13394.0,140,5180.0,733,27121.0,42,46,-12,-444.0
2026-08-18,34,AE(IONIQ),299511023,A/S,166.0,,0,0.0,112,18615.2,75,12410.2,27,4432.2,21,3545.8,84,13944.0,267,44322.0,67,11122.0,13,39,16,326,54116.0,112,18592.0,660,109560.0,34,37,1,166.0
2026-08-18,34,TM,299499832,A/S,72.0,294.0,0,0.0,125,8981.3,83,5987.5,30,2138.4,24,1710.7,94,6768.0,297,21384.0,74,5328.0,15,44,18,363,26136.0,124,8928.0,734,52848.0,45,50,10,720.0
2026-08-18,34,CV,299879882,A/S,9.0,36.0,0,0.0,4,34.0,3,22.7,1,8.1,1,6.5,3,27.0,9,81.0,2,18.0,0,1,1,11,99.0,4,36.0,22,198.0,1,1,2,18.0
2026-08-18,34,HG(GRANDUER),299577089,A/S,43.0,142.0,0,0.0,24,1011.4,16,674.2,6,240.8,4,192.6,20,860.0,56,2408.0,14,602.0,3,8,3,69,2967.0,27,1161.0,139,5977.0,8,9,3,129.0
2026-08-18,34,AE-PE(IONIQ),299273447,D,42.0,,0,0.0,165,6914.9,110,4609.9,39,1646.4,31,1317.1,20,840.0,392,16464.0,98,4116.0,19,57,24,479,20118.0,26,1092.0,969,40698.0,53,58,28,1176.0
2026-08-18,34,OS(KONA),206608541,A/S,21.0,72.0,0,0.0,10,211.7,7,141.1,2,50.4,2,40.3,8,168.0,24,504.0,6,126.0,1,4,2,30,630.0,11,231.0,60,1260.0,4,4,6,126.0
2026-08-18,34,TQ(STAREX),299491503,A/S,83.0,285.0,0,0.0,635,52708.3,423,35138.9,151,12549.6,121,10039.7,529,43907.0,1512,125496.0,378,31374.0,74,221,92,1845,153135.0,701,58183.0,3735,310005.0,260,286,81,6723.0
2026-08-18,34,SP2(SORENTO),299344384,A/S,181.0,682.0,0,0.0,658,119047.3,438,79364.9,157,28344.6,125,22675.7,476,86156.0,1566,283446.0,391,70771.0,76,229,96,1911,345891.0,631,114211.0,3868,700108.0,306,337,-32,-5792.0
2026-08-18,34,OS(KONA),299406892,A/S,67.0,187.0,0,0.0,163,10890.2,108,7260.1,39,2592.9,31,2074.3,124,8308.0,387,25929.0,97,6499.0,19,57,24,472,31624.0,164,10988.0,956,64052.0,53,58,55,3685.0
2026-08-18,34,GN7(GRANDUER),299369225,A/S,,337.0,0,0.0,518,33169.9,346,22113.3,123,7897.6,99,6318.1,413,26432.0,1234,78976.0,309,19776.0,60,181,75,1506,96384.0,547,35008.0,3049,195136.0,161,177,-137,-8768.0
2026-08-18,34,AE-PE(IONIQ),299959031,A/S,86.0,308.0,0,0.0,477,40996.2,318,27330.8,114,9761.0,91,7808.8,387,33282.0,1135,97610.0,284,24424.0,55,166,69,1385,119110.0,513,44118.0,2804,241144.0,152,167,52,4472.0
2026-08-18,34,TM,299862418,A,215.0,211.0,0,0.0,230,49394.1,153,32929.4,55,11760.5,44,9408.4,28,6020.0,547,117605.0,137,29455.0,27,80,33,668,143620.0,38,8170.0,1352,290680.0,65,72,37,7955.0
2026-08-18,34,YP(CARNIVAL),299992350,A/S,,,0,0.0,197,12633.6,132,8422.4,47,3008.0,38,2406.4,157,10048.0,470,30080.0,117,7488.0,23,69,29,574,36736.0,207,13248.0,1161,74304.0,49,54,-76,-4864.0
2026-08-18,34,CK(STINGER),299294469,A/S,89.0,,0,0.0,144,12784.0,96,8522.6,34,3043.8,27,2435.0,112,9968.0,342,30438.0,85,7565.0,17,50,21,417,37113.0,149,13261.0,844,75116.0,44,48,14,1246.0
2026-08-18,34,SG2,299148043,A/S,32.0,,0,0.0,64,2042.9,43,1361.9,15,486.4,12,389.1,54,1728.0,152,4864.0,38,1216.0,7,22,9,186,5952.0,72,2304.0,376,12032.0,27,30,2,64.0
2026-08-18,34,SG2,206970242,C,33.0,,0,0.0,195,6431.0,130,4287.4,46,1531.2,37,1225.0,25,825.0,464,15312.0,116,3828.0,23,68,28,567,18711.0,33,1089.0,1147,37851.0,67,74,-125,-4125.0
2026-08-18,34,LX2(PALISADE),299935528,A/S,14.0,53.0,0,0.0,11,158.8,8,105.8,3,37.8,2,30.2,10,140.0,27,378.0,7,98.0,1,4,2,33,462.0,13,182.0,67,938.0,4,4,3,42.0
2026-08-18,34,SM,299188306,A/S,88.0,264.0,0,0.0,321,28237.4,214,18825.0,76,6723.2,61,5378.6,230,20240.0,764,67232.0,191,16808.0,37,112,47,933,82104.0,305,26840.0,1888,166144.0,113,124,-88,-7744.0
2026-08-18,34,JF(K5),299198920,A/S,174.0,599.0,0,0.0,791,137682.7,528,91788.5,188,32781.6,151,26225.3,634,110316.0,1884,327816.0,471,81954.0,92,276,115,2300,400200.0,840,146160.0,4655,809970.0,309,340,-470,-81780.0
2026-08-18,34,VQ,299772161,A/S,47.0,148.0,0,0.0,86,4027.0,57,2684.6,20,958.8,16,767.0,70,3290.0,204,9588.0,51,2397.0,10,30,12,249,11703.0,92,4324.0,504,23688.0,28,31,-8,-376.0
2026-08-18,34,CN7(AVANTE),299688465,B,44.0,57.0,0,0.0,492,21658.6,328,14439.0,117,5156.8,94,4125.4,53,2332.0,1172,51568.0,293,12892.0,57,172,72,1431,62964.0,70,3080.0,2896,127424.0,103,113,23,1012.0
2026-08-18,34,AD-100,299302813,A/S,14.0,67.0,0,0.0,33,458.6,22,305.8,8,109.2,6,87.4,25,350.0,78,1092.0,20,280.0,4,11,5,95,1330.0,33,462.0,193,2702.0,11,12,-9,-126.0
2026-08-18,34,DN8(SONATA),299289619,A/S,88.0,,0,0.0,171,15042.7,114,10028.5,41,3581.6,33,2865.3,135,11880.0,407,35816.0,102,8976.0,20,60,25,497,43736.0,179,15752.0,1006,88528.0,0,48,-43,-3784.0
2026-08-18,34,ON(TELLURIDE),299367611,A/S,36.0,146.0,0,0.0,72,2585.5,48,1723.7,17,615.6,14,492.5,50,1800.0,171,6156.0,43,1548.0,8,25,10,209,7524.0,66,2376.0,423,15228.0,23,25,50,1800.0
2026-08-18,34,AE(IONIQ),299704941,A/S,21.0,,0,0.0,72,1508.2,48,1005.5,17,359.1,14,287.3,55,1155.0,171,3591.0,43,903.0,8,25,10,209,4389.0,73,1533.0,423,8883.0,0,20,4,84.0
2026-08-18,34,VQ,299422104,A/S,159.0,,0,0.0,751,119402.6,501,79601.8,179,28429.2,143,22743.4,572,90948.0,1788,284292.0,447,71073.0,87,262,109,2182,346938.0,759,120681.0,4417,702303.0,270,297,205,32595.0
2026-08-18,34,M-300,201596270,A/S,20.0,,0,0.0,11,226.8,8,151.2,3,54.0,2,43.2,8,160.0,27,540.0,7,140.0,1,4,2,33,660.0,11,220.0,67,1340.0,4,4,8,160.0
2026-08-18,34,TM,299290195,A/S,34.0,105.0,0,0.0,114,3884.2,76,2589.4,27,924.8,22,739.8,94,3196.0,272,9248.0,68,2312.0,13,40,17,333,11322.0,125,4250.0,673,22882.0,41,45,-48,-1632.0
2026-08-18,34,ON(TELLURIDE),299920900,A/S,54.0,199.0,0,0.0,79,4263.8,53,2842.6,19,1015.2,15,812.2,65,3510.0,188,10152.0,47,2538.0,9,28,12,230,12420.0,86,4644.0,465,25110.0,30,33,-105,-5670.0
2026-08-18,34,CN7(AVANTE),299602810,A/S,49.0,156.0,0,0.0,57,2778.3,38,1852.2,14,661.5,11,529.2,49,2401.0,135,6615.0,34,1666.0,7,20,8,164,8036.0,65,3185.0,333,16317.0,30,33,-25,-1225.0
2026-08-18,34,GN7(GRANDUER),206346202,A/S,94.0,338.0,0,0.0,69,6474.7,46,4316.5,16,1541.6,13,1233.3,56,5264.0,164,15416.0,41,3854.0,8,24,10,200,18800.0,75,7050.0,405,38070.0,17,19,-32,-3008.0
2026-08-18,34,DN8(SONATA),299498697,A/S,28.0,124.0,0,0.0,75,2093.3,50,1395.5,18,498.4,14,398.7,66,1848.0,178,4984.0,44,1232.0,9,26,11,217,6076.0,88,2464.0,439,12292.0,29,32,-10,-280.0
2026-08-18,34,JF(K5),CA6958106C,A/S,27.0,98.0,0,0.0,104,2801.0,69,1867.3,25,666.9,20,533.5,81,2187.0,247,6669.0,62,1674.0,12,36,15,301,8127.0,107,2889.0,610,16470.0,38,42,19,513.0
2026-08-18,34,TM,299974812,A/S,186.0,,0,0.0,146,27107.6,97,18071.8,35,6454.2,28,5163.4,126,23436.0,347,64542.0,87,16182.0,17,51,21,424,78864.0,167,31062.0,858,159588.0,54,59,-67,-12462.0
2026-08-18,34,JB,206488305,E,19.0,,0,0.0,553,10501.7,368,7001.1,132,2500.4,105,2000.3,65,1235.0,1316,25004.0,329,6251.0,64,193,80,1607,30533.0,86,1634.0,3252,61788.0,166,183,98,1862.0
2026-08-18,34,LX2(PALISADE),206340936,E,78.0,114.0,0,0.0,362,28206.4,241,18804.2,86,6715.8,69,5372.6,42,3276.0,861,67158.0,215,16770.0,42,126,53,1051,81978.0,56,4368.0,2127,165906.0,113,124,5,390.0
2026-08-18,34,CV,299942482,A/S,105.0,,0,0.0,177,18566.1,118,12377.4,42,4420.5,34,3536.4,123,12915.0,421,44205.0,105,11025.0,21,62,26,977,102543.0,162,17010.0,1503,157773.0,13,41,178,18690.0
2026-08-18,34,TM,299950073,A/S,51.0,,0,0.0,20,1028.2,13,685.4,5,244.8,4,195.8,17,867.0,48,2448.0,12,612.0,2,7,3,58,2958.0,22,1122.0,118,6018.0,6,7,9,459.0
2026-08-18,34,YP(CARNIVAL),299893072,A/S,158.0,,0,0.0,180,28468.4,120,18979.0,43,6778.2,34,5422.6,125,19750.0,429,67782.0,107,16906.0,21,63,26,524,82792.0,165,26070.0,1060,167480.0,69,76,-66,-10428.0
2026-08-18,34,QL(TUCSON),299450115,B,70.0,98.0,0,0.0,262,18375.0,175,12250.0,62,4375.0,50,3500.0,30,2100.0,625,43750.0,156,10920.0,31,92,38,763,53410.0,40,2800.0,1544,108080.0,79,87,-242,-16940.0
2026-08-18,34,CV,206914867,A/S,27.0,102.0,0,0.0,29,771.1,19,514.1,7,183.6,5,146.9,24,648.0,68,1836.0,17,459.0,3,10,4,83,2241.0,32,864.0,168,4536.0,9,10,2,54.0
2026-08-18,34,DN8(SONATA),201229901,A/S,51.0,167.0,0,0.0,9,449.8,6,299.9,2,107.1,2,85.7,7,357.0,21,1071.0,5,255.0,1,3,1,25,1275.0,9,459.0,51,2601.0,0,3,0,0.0
2026-08-18,34,PAINT,299417566,원재료,75.0,84.0,8736,655200.0,0,0.0,0,0.0,0,0.0,0,0.0,0,0.0,0,0.0,0,0.0,0,0,0,0,0.0,0,0.0,8736,655200.0,0,0,699,52425.0
2026-08-18,34,AE(IONIQ),299496375,A/S,,109.0,0,0.0,134,8601.6,90,5734.4,32,2048.0,26,1638.4,105,6720.0,320,20480.0,80,5120.0,16,47,20,390,24960.0,138,8832.0,790,50560.0,48,53,9,576.0
2026-08-18,34,DH(G80),299692880,A/S,27.0,,0,0.0,59,1598.9,39,1066.0,14,380.7,11,304.6,51,1377.0,141,3807.0,35,945.0,7,21,9,172,4644.0,67,1809.0,348,9396.0,31,34,5,135.0
2026-08-18,34,AE-PE(IONIQ),299233400,C,16.0,,0,0.0,281,4502.4,188,3001.6,67,1072.0,54,857.6,35,560.0,670,10720.0,168,2688.0,33,98,41,818,13088.0,46,736.0,1656,26496.0,69,76,-10,-160.0
2026-08-18,34,QL(TUCSON),299467201,A/S,84.0,263.0,0,0.0,309,25930.8,206,17287.2,74,6174.0,59,4939.2,231,19404.0,735,61740.0,184,15456.0,36,108,45,897,75348.0,307,25788.0,1816,152544.0,75,82,-64,-5376.0
2026-08-18,34,HG(GRANDUER),299516475,A/S,49.0,,0,0.0,94,4589.3,62,3059.6,22,1092.7,18,874.2,76,3724.0,223,10927.0,56,2744.0,11,33,14,272,13328.0,101,4949.0,551,26999.0,26,29,-30,-1470.0
2026-08-18,34,M-300,864W52389,D,105.0,116.0,0,0.0,2300,241535.7,1534,161023.8,548,57508.5,438,46006.8,291,30555.0,5477,575085.0,1369,143745.0,267,802,334,6685,701925.0,386,40530.0,13531,1420755.0,765,842,-1146,-120330.0
2026-08-18,34,"SX2(KONA,HMC)",299461406,E,29.0,37.0,0,0.0,71,2058.4,47,1372.3,17,490.1,14,392.1,8,232.0,169,4901.0,42,1218.0,8,25,10,207,6003.0,11,319.0,418,12122.0,15,16,19,551.0
2026-08-18,34,DH(G80),299104376,A/S,111.0,395.0,0,0.0,398,44195.8,265,29463.8,95,10522.8,76,8418.2,339,37629.0,948,105228.0,237,26307.0,46,139,58,1157,128427.0,449,49839.0,2342,259962.0,168,185,-141,-15651.0
2026-08-18,34,DH(G80),299795411,E,57.0,,0,0.0,257,14627.3,171,9751.6,61,3482.7,49,2786.2,30,1710.0,611,34827.0,153,8721.0,30,90,37,746,42522.0,40,2280.0,1510,86070.0,88,97,39,2223.0
2026-08-18,34,ON(TELLURIDE),206947372,A/S,130.0,,0,0.0,67,8736.0,45,5824.0,16,2080.0,13,1664.0,50,6500.0,160,20800.0,40,5200.0,8,24,10,196,25480.0,67,8710.0,396,51480.0,16,18,28,3640.0
2026-08-18,34,CV,299182948,A/S,44.0,169.0,0,0.0,111,4878.7,74,3252.5,26,1161.6,21,929.3,86,3784.0,264,11616.0,66,2904.0,13,39,16,322,14168.0,115,5060.0,652,28688.0,46,51,29,1276.0
2026-08-18,34,CK(STINGER),299631467,A/S,94.0,326.0,0,0.0,227,21319.2,151,14212.8,54,5076.0,43,4060.8,152,14288.0,540,50760.0,135,12690.0,26,79,33,659,61946.0,202,18988.0,1334,125396.0,83,91,0,0.0
2026-08-18,34,DN8(SONATA),299822854,C,92.0,,0,0.0,1221,112365.1,814,74910.1,291,26753.6,233,21402.9,146,13432.0,2908,267536.0,727,66884.0,142,426,177,3549,326508.0,193,17756.0,7184,660928.0,522,574,-670,-61640.0
2026-08-18,34,MX5(SANTAFE),299657075,A/S,418.0,1617.0,0,0.0,3735,1561430.6,2490,1040953.8,889,371769.2,712,297415.4,2802,1171236.0,8894,3717692.0,2223,929214.0,434,1303,543,10855,4537390.0,3714,1552452.0,21972,9184296.0,1065,1172,1525,637450.0
2026-08-18,34,SM,299984704,A/S,71.0,301.0,0,0.0,155,11033.4,104,7355.6,37,2627.0,30,2101.6,122,8662.0,370,26270.0,92,6532.0,18,54,23,452,32092.0,161,11431.0,914,64894.0,46,51,50,3550.0
2026-08-18,34,AE-PE(IONIQ),299160325,A/S,25.0,91.0,0,0.0,58,1449.0,39,966.0,14,345.0,11,276.0,47,1175.0,138,3450.0,35,875.0,7,20,8,169,4225.0,62,1550.0,342,8550.0,24,26,16,400.0
2026-08-18,34,SP2(SORENTO),206641195,A/S,118.0,403.0,0,0.0,172,20319.6,115,13546.4,41,4838.0,33,3870.4,129,15222.0,410,48380.0,102,12036.0,20,60,25,500,59000.0,172,20296.0,1012,119416.0,50,55,-9,-1062.0
2026-08-18,34,YP(CARNIVAL),299590457,A/S,177.0,625.0,0,0.0,114,20220.5,76,13480.3,27,4814.4,22,3851.5,84,14868.0,272,48144.0,68,12036.0,13,40,17,332,58764.0,111,19647.0,672,118944.0,26,29,-44,-7788.0
2026-08-18,34,DH(G80),299517540,A/S,252.0,,0,0.0,110,27835.9,74,18557.3,26,6627.6,21,5302.1,80,20160.0,263,66276.0,66,16632.0,13,39,16,321,80892.0,105,26460.0,650,163800.0,40,44,32,8064.0
2026-08-18,34,AE(IONIQ),299154897,A/S,32.0,,0,0.0,379,12136.3,253,8090.9,90,2889.6,72,2311.7,298,9536.0,903,28896.0,226,7232.0,44,132,55,1102,35264.0,395,12640.0,2231,71392.0,120,132,215,6880.0
2026-08-18,34,"SX2(KONA,HMC)",202741159,E,,34.0,0,0.0,607,38868.5,405,25912.3,145,9254.4,116,7403.5,77,4928.0,1446,92544.0,362,23168.0,71,212,88,1765,112960.0,103,6592.0,3573,228672.0,212,233,-231,-14784.0
2026-08-18,34,TM,299743400,A/S,12.0,43.0,0,0.0,20,241.9,13,161.3,5,57.6,4,46.1,17,204.0,48,576.0,12,144.0,2,7,3,58,696.0,22,264.0,118,1416.0,7,8,-2,-24.0
2026-08-18,34,PAINT,202936975,원재료,72.0,85.0,1040,74880.0,0,0.0,0,0.0,0,0.0,0,0.0,0,0.0,0,0.0,0,0.0,0,0,0,0,0.0,0,0.0,1040,74880.0,0,0,113,8136.0
2026-08-18,34,M-300,299588586,A/S,19.0,,0,0.0,26,494.8,17,329.8,6,117.8,5,94.2,18,342.0,62,1178.0,16,304.0,3,9,4,76,1444.0,24,456.0,154,2926.0,6,7,18,342.0
2026-08-18,34,AE(IONIQ),299578374,A/S,,,0,0.0,47,3037.4,32,2025.0,11,723.2,9,578.6,35,2240.0,113,7232.0,28,1792.0,6,17,7,138,8832.0,46,2944.0,279,17856.0,0,21,24,1536.0
2026-08-18,34,RG3(K9),299947070,A,45.0,45.0,0,0.0,714,32148.9,476,21432.6,170,7654.5,136,6123.6,92,4140.0,1701,76545.0,425,19125.0,83,249,104,2077,93465.0,122,5490.0,4203,189135.0,238,262,-491,-22095.0
2026-08-18,34,JB,299887415,A/S,57.0,,0,0.0,437,24897.6,291,16598.4,104,5928.0,83,4742.4,383,21831.0,1040,59280.0,260,14820.0,51,152,63,1269,72333.0,507,28899.0,2569,146433.0,135,148,-360,-20520.0
2026-08-18,34,JF(K5),299535007,A/S,60.0,,0,0.0,147,8794.8,98,5863.2,35,2094.0,28,1675.2,111,6660.0,349,20940.0,87,5220.0,17,51,21,426,25560.0,147,8820.0,862,51720.0,60,66,105,6300.0
2026-08-18,34,M-300,CA4870142D,D,32.0,,0,0.0,192,6155.5,128,4103.7,46,1465.6,37,1172.5,24,768.0,458,14656.0,114,3648.0,22,67,28,559,17888.0,31,992.0,1131,36192.0,69,76,-69,-2208.0
2026-08-18,34,JF(K5),202905164,A/S,123.0,,0,0.0,71,8678.9,47,5785.9,17,2066.4,13,1653.1,54,6642.0,168,20664.0,42,5166.0,8,25,10,205,25215.0,72,8856.0,415,51045.0,29,32,-30,-3690.0
2026-08-18,34,CV,206748503,A/S,45.0,166.0,0,0.0,37,1663.2,25,1108.8,9,396.0,7,316.8,26,1170.0,88,3960.0,22,990.0,4,13,5,108,4860.0,34,1530.0,218,9810.0,11,12,-2,-90.0
2026-08-18,34,MX5(SANTAFE),299499149,A/S,111.0,437.0,0,0.0,367,40745.9,245,27163.9,87,9701.4,70,7761.1,288,31968.0,874,97014.0,218,24198.0,43,128,53,1066,118326.0,382,42402.0,2158,239538.0,111,122,140,15540.0
2026-08-18,34,EG,202320332,A/S,89.0,395.0,0,0.0,153,13606.3,102,9070.9,36,3239.6,29,2591.7,137,12193.0,364,32396.0,91,8099.0,18,53,22,444,39516.0,182,16198.0,899,80011.0,62,68,-26,-2314.0
2026-08-18,34,ON(TELLURIDE),299950072,A,64.0,,0,0.0,226,14461.4,151,9641.0,54,3443.2,43,2754.6,25,1600.0,538,34432.0,134,8576.0,26,79,33,657,42048.0,33,2112.0,1329,85056.0,74,81,-3,-192.0
2026-08-18,34,JB,201769804,A/S,31.0,105.0,0,0.0,92,2838.4,61,1892.2,22,675.8,17,540.6,71,2201.0,218,6758.0,55,1705.0,11,32,13,266,8246.0,94,2914.0,539,16709.0,28,31,3,93.0
2026-08-18,34,OS(KONA),299853487,A/S,132.0,,0,0.0,52,6819.1,34,4546.1,12,1623.6,10,1298.9,37,4884.0,123,16236.0,31,4092.0,6,18,8,150,19800.0,49,6468.0,304,40128.0,19,21,36,4752.0
2026-08-18,34,EG,202361787,A/S,64.0,287.0,0,0.0,170,10886.4,113,7257.6,40,2592.0,32,2073.6,146,9344.0,405,25920.0,101,6464.0,20,59,25,495,31680.0,193,12352.0,1001,64064.0,59,65,-44,-2816.0
2026-08-18,34,LX2(PALISADE),299557274,A,47.0,,0,0.0,287,13502.2,192,9001.4,68,3214.8,55,2571.8,34,1598.0,684,32148.0,171,8037.0,33,100,42,834,39198.0,44,2068.0,1689,79383.0,76,84,-112,-5264.0
2026-08-18,34,MX5(SANTAFE),299222606,A/S,80.0,,0,0.0,297,23788.8,198,15859.2,71,5664.0,57,4531.2,231,18480.0,708,56640.0,177,14160.0,35,104,43,864,69120.0,307,24560.0,1749,139920.0,98,108,-177,-14160.0
2026-08-18,34,M-300,299788993,A/S,63.0,194.0,0,0.0,12,767.3,8,511.6,3,182.7,2,146.2,10,630.0,29,1827.0,7,441.0,1,4,2,35,2205.0,13,819.0,71,4473.0,5,6,1,63.0
2026-08-18,34,LX2(PALISADE),299770186,A/S,74.0,266.0,0,0.0,140,10380.7,94,6920.5,33,2471.6,27,1977.3,105,7770.0,334,24716.0,83,6142.0,16,49,20,407,30118.0,138,10212.0,824,60976.0,42,46,26,1924.0
2026-08-18,34,MX5(SANTAFE),CA3025974C,A/S,69.0,238.0,0,0.0,134,9273.6,90,6182.4,32,2208.0,26,1766.4,104,7176.0,320,22080.0,80,5520.0,16,47,20,743,51260.1,138,9522.0,1143,78860.1,14,43,28,1932.0
2026-08-18,34,CV,CA2561361B,A/S,,234.0,0,0.0,7,430.1,4,286.7,2,102.4,1,81.9,6,384.0,16,1024.0,4,256.0,1,2,1,20,1280.0,8,512.0,40,2560.0,2,2,-4,-256.0
2026-08-18,34,"SX2(KONA,HMC)",299193083,A/S,123.0,458.0,0,0.0,64,7904.0,43,5269.3,15,1881.9,12,1505.5,47,5781.0,153,18819.0,38,4674.0,7,22,9,186,22878.0,62,7626.0,377,46371.0,21,23,3,369.0
2026-08-18,34,M-300,299168872,D,60.0,69.0,0,0.0,572,34322.4,381,22881.6,136,8172.0,109,6537.6,70,4200.0,1362,81720.0,340,20400.0,66,199,83,1662,99720.0,93,5580.0,3364,201840.0,161,177,-55,-3300.0
2026-08-18,34,ON(TELLURIDE),201722692,A/S,58.0,,0,0.0,116,6723.4,77,4482.2,28,1600.8,22,1280.6,85,4930.0,276,16008.0,69,4002.0,13,40,17,336,19488.0,113,6554.0,681,39498.0,36,40,56,3248.0
2026-08-18,34,SG2,299137795,D,22.0,26.0,0,0.0,72,1589.3,48,1059.5,17,378.4,14,302.7,9,198.0,172,3784.0,43,946.0,8,25,10,209,4598.0,12,264.0,424,9328.0,26,29,3,66.0
2026-08-18,34,PAINT,299418534,원재료,29.0,,866,25114.0,0,0.0,0,0.0,0,0.0,0,0.0,0,0.0,0,0.0,0,0.0,0,0,0,0,0.0,0,0.0,866,25114.0,0,0,-8,-232.0
2026-08-18,34,JB,206618321,A/S,108.0,,0,0.0,1215,131181.1,810,87454.1,289,31233.6,231,24986.9,943,101844.0,2892,312336.0,723,78084.0,141,424,176,3530,381240.0,1250,135000.0,7145,771660.0,444,488,-455,-49140.0
2026-08-18,34,VQ,299812004,A/S,133.0,,0,0.0,998,132723.4,665,88482.2,238,31600.8,190,25280.6,710,94430.0,2376,316008.0,594,79002.0,116,348,145,2900,385700.0,942,125286.0,5870,780710.0,362,398,-78,-10374.0
2026-08-18,34,SP2(SORENTO),299361168,D,72.0,85.0,0,0.0,963,69340.3,642,46226.9,229,16509.6,183,13207.7,115,8280.0,2293,165096.0,573,41256.0,112,336,140,2798,201456.0,152,10944.0,5664,407808.0,290,319,-147,-10584.0
2026-08-18,34,RG3(K9),299982603,A/S,95.0,348.0,0,0.0,259,24618.3,173,16412.2,62,5861.5,49,4689.2,187,17765.0,617,58615.0,154,14630.0,30,90,38,753,71535.0,248,23560.0,1524,144780.0,106,117,167,15865.0
2026-08-18,34,EG,299752644,A/S,78.0,277.0,0,0.0,338,26371.8,225,17581.2,80,6279.0,64,5023.2,275,21450.0,805,62790.0,201,15678.0,39,118,49,982,76596.0,365,28470.0,1988,155064.0,112,123,-149,-11622.0
2026-08-18,34,RESIN,206882963,원재료,235.0,,8703,2045205.0,0,0.0,0,0.0,0,0.0,0,0.0,0,0.0,0,0.0,0,0.0,0,0,0,0,0.0,0,0.0,8703,2045205.0,0,0,7,1645.0
2026-08-18,34,AD-100,299939718,A/S,,167.0,0,0.0,263,16853.8,176,11235.8,63,4012.8,50,3210.2,217,13888.0,627,40128.0,157,10048.0,31,92,38,765,48960.0,287,18368.0,1549,99136.0,70,77,84,5376.0
2026-08-18,34,DH(G80),206782471,A/S,88.0,,0,0.0,24,2143.7,16,1429.1,6,510.4,5,408.3,18,1584.0,58,5104.0,15,1320.0,3,9,4,71,6248.0,24,2112.0,144,12672.0,11,12,8,704.0
2026-08-18,34,RG3(K9),299546810,E,119.0,,0,0.0,897,106757.3,598,71171.5,214,25418.4,171,20334.7,102,12138.0,2136,254184.0,534,63546.0,104,313,130,2608,310352.0,135,16065.0,5278,628082.0,295,324,-430,-51170.0
2026-08-18,34,DN8(SONATA),299713928,A/S,27.0,118.0,0,0.0,200,5397.8,133,3598.6,48,1285.2,38,1028.2,145,3915.0,476,12852.0,119,3213.0,23,70,29,581,15687.0,192,5184.0,1176,31752.0,56,62,152,4104.0
2026-08-18,34,MX5(SANTAFE),299399212,A/S,144.0,563.0,0,0.0,48,6894.7,32,4596.5,11,1641.6,9,1313.3,38,5472.0,114,16416.0,28,4032.0,6,17,7,139,20016.0,50,7200.0,281,40464.0,12,13,-21,-3024.0
2026-08-18,34,AE(IONIQ),299705015,A/S,,291.0,0,0.0,371,23735.0,247,15823.4,88,5651.2,71,4521.0,271,17344.0,883,56512.0,221,14144.0,43,129,54,1078,68992.0,360,23040.0,2182,139648.0,124,136,22,1408.0
2026-08-18,34,PAINT,299126563,원재료,15.0,15.0,4136,62040.0,0,0.0,0,0.0,0,0.0,0,0.0,0,0.0,0,0.0,0,0.0,0,0,0,0,0.0,0,0.0,4136,62040.0,0,0,176,2640.0
2026-08-18,34,VQ,299271132,A/S,41.0,,0,0.0,53,2169.7,35,1446.5,13,516.6,10,413.3,43,1763.0,126,5166.0,32,1312.0,6,18,8,154,6314.0,58,2378.0,312,12792.0,16,18,-17,-697.0
2026-08-18,34,CK(STINGER),206845349,A/S,26.0,106.0,0,0.0,44,1135.7,29,757.1,10,270.4,8,216.3,35,910.0,104,2704.0,26,676.0,5,15,6,126,3276.0,47,1222.0,256,6656.0,13,14,-1,-26.0
2026-08-18,34,ON(TELLURIDE),206277076,A/S,45.0,171.0,0,0.0,110,4970.7,74,3313.8,26,1183.5,21,946.8,98,4410.0,263,11835.0,66,2970.0,13,39,16,321,14445.0,130,5850.0,650,29250.0,42,46,6,270.0
2026-08-18,34,JF(K5),299918321,D,25.0,30.0,0,0.0,126,3139.5,84,2093.0,30,747.5,24,598.0,15,375.0,299,7475.0,75,1875.0,15,44,18,366,9150.0,20,500.0,740,18500.0,35,38,1,25.0
2026-08-18,34,DN8(SONATA),299620900,A/S,95.0,,0,0.0,74,7022.4,49,4681.6,18,1672.0,14,1337.6,57,5415.0,176,16720.0,44,4180.0,9,26,11,215,20425.0,76,7220.0,435,41325.0,16,18,10,950.0
2026-08-18,34,TM,299812794,A/S,102.0,348.0,0,0.0,365,37228.0,243,24818.6,87,8863.8,70,7091.0,294,29988.0,869,88638.0,217,22134.0,42,127,53,1061,108222.0,389,39678.0,2147,218994.0,133,146,81,8262.0
2026-08-18,34,PAINT,CA8203182C,원재료,35.0,24.0,1491,52185.0,0,0.0,0,0.0,0,0.0,0,0.0,0,0.0,0,0.0,0,0.0,0,0,0,0,0.0,0,0.0,1491,52185.0,0,0,29,1015.0
2026-08-18,34,CV,299610403,A/S,275.0,1092.0,0,0.0,168,46084.5,112,30723.0,40,10972.5,32,8778.0,140,38500.0,399,109725.0,100,27500.0,19,58,24,487,133925.0,186,51150.0,986,271150.0,61,67,-103,-28325.0
2026-08-18,34,M-300,299495861,A/S,20.0,75.0,0,0.0,52,1041.6,35,694.4,12,248.0,10,198.4,37,740.0,124,2480.0,31,620.0,6,18,8,151,3020.0,49,980.0,306,6120.0,15,16,0,0.0
2026-08-18,34,ON(TELLURIDE),299461025,A/S,140.0,438.0,0,0.0,107,14994.0,71,9996.0,26,3570.0,20,2856.0,81,11340.0,255,35700.0,64,8960.0,12,37,16,312,43680.0,107,14980.0,631,88340.0,37,41,-9,-1260.0
2026-08-18,34,AE(IONIQ),201477923,D,118.0,,0,0.0,568,67005.1,379,44670.1,135,15953.6,108,12762.9,66,7788.0,1352,159536.0,338,39884.0,66,198,82,1650,194700.0,87,10266.0,3340,394120.0,194,213,-10,-1180.0
2026-08-18,34,TQ(STAREX),299129971,A/S,125.0,442.0,0,0.0,131,16432.5,88,10955.0,31,3912.5,25,3130.0,94,11750.0,313,39125.0,78,9750.0,15,46,19,382,47750.0,124,15500.0,773,96625.0,54,59,29,3625.0
2026-08-18,34,CV,206155039,A/S,185.0,472.0,0,0.0,13,2331.0,8,1554.0,3,555.0,2,444.0,9,1665.0,30,5550.0,8,1480.0,1,4,2,37,6845.0,11,2035.0,75,13875.0,4,4,2,370.0
2026-08-18,34,CV,206669576,E,65.0,71.0,0,0.0,227,14742.0,151,9828.0,54,3510.0,43,2808.0,26,1690.0,540,35100.0,135,8775.0,26,79,33,659,42835.0,34,2210.0,1334,86710.0,73,80,31,2015.0
2026-08-18,34,AD-100,202615001,A/S,77.0,,0,0.0,438,33698.3,292,22465.5,104,8023.4,83,6418.7,352,27104.0,1042,80234.0,261,20097.0,51,153,64,1272,97944.0,466,35882.0,2575,198275.0,135,148,-151,-11627.0
2026-08-18,34,GN7(GRANDUER),299536769,A/S,106.0,410.0,0,0.0,71,7523.9,47,5015.9,17,1791.4,14,1433.1,44,4664.0,169,17914.0,42,4452.0,8,25,10,206,21836.0,58,6148.0,417,44202.0,20,22,51,5406.0
2026-08-18,34,ON(TELLURIDE),660W51827,C,56.0,72.0,0,0.0,342,19145.3,228,12763.5,81,4558.4,65,3646.7,41,2296.0,814,45584.0,203,11368.0,40,119,50,993,55608.0,54,3024.0,2010,112560.0,99,109,-132,-7392.0
2026-08-18,34,AE-PE(IONIQ),206766475,A/S,31.0,117.0,0,0.0,124,3853.9,83,2569.3,30,917.6,24,734.1,95,2945.0,296,9176.0,74,2294.0,14,43,18,361,11191.0,127,3937.0,731,22661.0,40,44,31,961.0
2026-08-18,34,SP2(SORENTO),299884124,A/S,38.0,121.0,0,0.0,106,4037.9,71,2691.9,25,961.4,20,769.1,81,3078.0,253,9614.0,63,2394.0,12,37,15,309,11742.0,107,4066.0,625,23750.0,32,35,22,836.0
2026-08-18,34,QL(TUCSON),206909336,E,34.0,48.0,0,0.0,213,7254.2,142,4836.2,51,1727.2,41,1381.8,26,884.0,508,17272.0,127,4318.0,25,74,31,619,21046.0,34,1156.0,1254,42636.0,89,98,-70,-2380.0
2026-08-18,34,OS(KONA),299699633,A/S,7.0,,0,0.0,6,44.1,4,29.4,2,10.5,1,8.4,5,35.0,15,105.0,4,28.0,1,2,1,18,126.0,7,49.0,37,259.0,2,2,2,14.0
2026-08-18,34,CN7(AVANTE),206282046,A/S,111.0,498.0,0,0.0,237,26293.7,158,17529.1,56,6260.4,45,5008.3,200,22200.0,564,62604.0,141,15651.0,28,83,34,688,76368.0,265,29415.0,1393,154623.0,100,110,-107,-11877.0
2026-08-18,34,GN7(GRANDUER),299786914,A/S,146.0,560.0,0,0.0,210,30660.0,140,20440.0,50,7300.0,40,5840.0,149,21754.0,500,73000.0,125,18250.0,24,73,30,610,89060.0,198,28908.0,1235,180310.0,72,79,11,1606.0
2026-08-18,34,RG3(K9),961W78566,A/S,50.0,212.0,0,0.0,56,2814.0,38,1876.0,13,670.0,11,536.0,42,2100.0,134,6700.0,33,1650.0,7,20,8,163,8150.0,56,2800.0,330,16500.0,18,20,28,1400.0
2026-08-18,34,QL(TUCSON),299978895,A/S,129.0,550.0,0,0.0,188,24218.5,125,16145.6,45,5766.3,36,4613.0,144,18576.0,447,57663.0,112,14448.0,22,66,27,546,70434.0,191,24639.0,1105,142545.0,80,88,-33,-4257.0
2026-08-18,34,TQ(STAREX),299683071,A/S,24.0,,0,0.0,70,1683.4,47,1122.2,17,400.8,13,320.6,61,1464.0,167,4008.0,42,1008.0,8,24,10,204,4896.0,81,1944.0,413,9912.0,30,33,-24,-576.0
2026-08-18,34,DH(G80),206369130,A/S,23.0,,0,0.0,20,463.7,13,309.1,5,110.4,4,88.3,17,391.0,48,1104.0,12,276.0,2,7,3,59,1357.0,22,506.0,119,2737.0,7,8,-7,-161.0
2026-08-18,34,MX5(SANTAFE),299413769,D,124.0,,0,0.0,1019,126398.2,680,84265.4,243,30094.8,194,24075.8,129,15996.0,2427,300948.0,607,75268.0,118,355,148,2962,367288.0,171,21204.0,5996,743504.0,306,337,-746,-92504.0
2026-08-18,34,SP2(SORENTO),299771835,D,75.0,94.0,0,0.0,1398,104863.5,932,69909.0,333,24967.5,266,19974.0,151,11325.0,3329,249675.0,832,62400.0,163,488,203,4063,304725.0,200,15000.0,8224,616800.0,578,636,188,14100.0
2026-08-18,34,MX5(SANTAFE),299640454,E,383.0,438.0,0,0.0,4315,1652514.8,2876,1101676.5,1027,393455.9,822,314764.7,445,170435.0,10273,3934559.0,2568,983544.0,502,1505,627,12539,4802437.0,590,225970.0,25380,9720540.0,936,1030,-1277,-489091.0
2026-08-18,34,TQ(STAREX),206104834,A/S,51.0,192.0,0,0.0,175,8932.1,117,5954.8,42,2126.7,33,1701.4,132,6732.0,417,21267.0,104,5304.0,20,61,25,509,25959.0,175,8925.0,1030,52530.0,53,58,-10,-510.0
2026-08-18,34,"SX2(KONA,HMC)",299508741,A/S,83.0,326.0,0,0.0,148,12305.6,99,8203.7,35,2929.9,28,2343.9,117,9711.0,353,29299.0,88,7304.0,17,52,22,431,35773.0,155,12865.0,872,72376.0,51,56,-37,-3071.0
2026-08-18,34,TM,299736742,A/S,24.0,,0,0.0,95,2288.2,64,1525.4,23,544.8,18,435.8,75,1800.0,227,5448.0,57,1368.0,11,33,14,277,6648.0,99,2376.0,561,13464.0,32,35,20,480.0
2026-08-18,34,MX5(SANTAFE),206252027,E,90.0,98.0,0,0.0,676,60820.2,451,40546.8,161,14481.0,129,11584.8,78,7020.0,1609,144810.0,402,36180.0,79,236,98,1964,176760.0,104,9360.0,3975,357750.0,318,350,-544,-48960.0
2026-08-18,34,VQ,206612269,A/S,25.0,,0,0.0,32,798.0,21,532.0,8,190.0,6,152.0,28,700.0,76,1900.0,19,475.0,4,11,5,93,2325.0,37,925.0,188,4700.0,14,15,2,50.0
2026-08-18,34,JF(K5),299872305,D,1028.0,1122.0,0,0.0,14717,15128870.4,9811,10085913.6,3504,3602112.0,2803,2881689.6,1593,1637604.0,35040,36021120.0,8760,9005280.0,1711,5132,2138,42769,43966532.0,2112,2171136.0,86569,88992932.0,6688,7357,2364,2430192.0
2026-08-18,34,DN8(SONATA),CA3904823E,C,17.0,,0,0.0,129,2192.0,86,1461.3,31,521.9,25,417.5,15,255.0,307,5219.0,77,1309.0,15,45,19,374,6358.0,19,323.0,758,12886.0,44,48,33,561.0
2026-08-18,34,EG,299352586,A/S,77.0,317.0,0,0.0,52,4042.5,35,2695.0,12,962.5,10,770.0,40,3080.0,125,9625.0,31,2387.0,6,18,8,153,11781.0,53,4081.0,309,23793.0,17,19,3,231.0
2026-08-18,34,NX4-PE(TUCSON),299354065,A/S,72.0,,0,0.0,81,5806.1,54,3870.7,19,1382.4,15,1105.9,58,4176.0,192,13824.0,48,3456.0,9,28,12,234,16848.0,76,5472.0,474,34128.0,23,25,67,4824.0
2026-08-18,34,QL(TUCSON),299982704,A/S,98.0,,0,0.0,79,7738.1,53,5158.7,19,1842.4,15,1473.9,49,4802.0,188,18424.0,47,4606.0,9,27,11,229,22442.0,65,6370.0,464,45472.0,30,33,78,7644.0
2026-08-18,34,HG(GRANDUER),299570889,A/S,95.0,,0,0.0,737,70024.5,491,46683.0,176,16672.5,140,13338.0,568,53960.0,1755,166725.0,439,41705.0,86,257,107,2143,203585.0,753,71535.0,4337,412015.0,214,235,266,25270.0
2026-08-18,34,RG3(K9),299157101,A/S,77.0,276.0,0,0.0,399,30723.0,266,20482.0,95,7315.0,76,5852.0,310,23870.0,950,73150.0,237,18249.0,46,139,58,1159,89243.0,411,31647.0,2346,180642.0,93,102,403,31031.0
2026-08-18,34,DN8(SONATA),299344356,A/S,92.0,,0,0.0,77,7071.1,51,4714.1,18,1683.6,15,1346.9,59,5428.0,183,16836.0,46,4232.0,9,27,11,224,20608.0,77,7084.0,453,41676.0,31,34,19,1748.0
2026-08-18,34,M-300,299332369,A/S,81.0,,0,0.0,258,20922.3,172,13948.2,62,4981.5,49,3985.2,188,15228.0,615,49815.0,154,12474.0,30,90,38,751,60831.0,249,20169.0,1520,123120.0,91,100,65,5265.0
2026-08-18,34,DH(G80),299528858,A/S,37.0,141.0,0,0.0,124,4599.8,83,3066.6,30,1095.2,24,876.2,108,3996.0,296,10952.0,74,2738.0,14,43,18,362,13394.0,143,5291.0,732,27084.0,45,50,-87,-3219.0
2026-08-18,34,QL(TUCSON),299153617,A/S,58.0,171.0,0,0.0,396,22971.5,264,15314.3,94,5469.4,75,4375.5,352,20416.0,943,54694.0,236,13688.0,46,138,58,1151,66758.0,466,27028.0,2330,135140.0,142,156,-131,-7598.0
2026-08-18,34,QL(TUCSON),299453348,A/S,,,0,0.0,85,5456.6,57,3637.8,20,1299.2,16,1039.4,66,4224.0,203,12992.0,51,3264.0,10,30,12,248,15872.0,88,5632.0,502,32128.0,34,37,49,3136.0
2026-08-18,34,LX2(PALISADE),701W73508,A/S,45.0,132.0,0,0.0,102,4592.7,68,3061.8,24,1093.5,19,874.8,76,3420.0,243,10935.0,61,2745.0,12,36,15,297,13365.0,101,4545.0,601,27045.0,40,44,-4,-180.0
2026-08-18,34,RG3(K9),202745727,A/S,36.0,137.0,0,0.0,119,4294.1,80,2862.7,28,1022.4,23,817.9,98,3528.0,284,10224.0,71,2556.0,14,42,17,346,12456.0,129,4644.0,701,25236.0,44,48,51,1836.0
2026-08-18,34,QL(TUCSON),299184600,E,25.0,,0,0.0,719,17976.0,479,11984.0,171,4280.0,137,3424.0,87,2175.0,1712,42800.0,428,10700.0,84,251,104,2090,52250.0,115,2875.0,4230,105750.0,327,360,356,8900.0
2026-08-18,34,AD-100,299400390,,264.0,,0,0.0,3435,906776.6,2290,604517.8,818,215899.2,654,172719.4,409,107976.0,8178,2158992.0,2044,539616.0,399,1198,499,9981,2634984.0,542,143088.0,20203,5333592.0,1045,1150,-147,-38808.0
2026-08-18,34,SP2(SORENTO),206525667,A/S,63.0,,0,0.0,197,12436.2,132,8290.8,47,2961.0,38,2368.8,142,8946.0,470,29610.0,118,7434.0,23,69,29,574,36162.0,189,11907.0,1162,73206.0,33,36,-12,-756.0
2026-08-18,34,MX5(SANTAFE),299251886,A/S,153.0,453.0,0,0.0,719,109948.9,479,73299.2,171,26178.3,137,20942.6,554,84762.0,1711,261783.0,428,65484.0,84,251,104,2088,319464.0,735,112455.0,4227,646731.0,224,246,209,31977.0
2026-08-18,34,SG2,299384089,A/S,13.0,55.0,0,0.0,10,136.5,7,91.0,2,32.5,2,26.0,9,117.0,25,325.0,6,78.0,1,4,2,30,390.0,13,169.0,61,793.0,4,4,-4,-52.0
2026-08-18,34,DH(G80),206969570,A/S,27.0,110.0,0,0.0,135,3640.1,90,2426.8,32,866.7,26,693.4,104,2808.0,321,8667.0,80,2160.0,16,47,20,392,10584.0,138,3726.0,793,21411.0,40,44,83,2241.0
2026-08-18,34,CV,299863320,A/S,,226.0,0,0.0,944,60426.2,629,40284.2,225,14387.2,180,11509.8,795,50880.0,2248,143872.0,562,35968.0,110,329,137,2743,175552.0,1053,67392.0,5553,355392.0,444,488,-265,-16960.0
2026-08-18,34,SM,299703898,A/S,82.0,230.0,0,0.0,49,4029.5,33,2686.3,12,959.4,9,767.5,40,3280.0,117,9594.0,29,2378.0,6,17,7,143,11726.0,53,4346.0,289,23698.0,16,18,23,1886.0
2026-08-18,34,JX1,732W96460,A/S,341.0,1334.0,0,0.0,2659,906725.8,1773,604483.9,633,215887.1,506,172709.7,1882,641762.0,6331,2158871.0,1583,539803.0,309,927,386,7728,2635248.0,2495,850795.0,15642,5333922.0,945,1040,337,114917.0
2026-08-18,34,YP(CARNIVAL),299302721,E,53.0,58.0,0,0.0,448,23729.2,298,15819.4,107,5649.8,85,4519.8,50,2650.0,1066,56498.0,267,14151.0,52,156,65,1302,69006.0,66,3498.0,2635,139655.0,184,202,78,4134.0
2026-08-18,34,JF(K5),449W60750,A/S,154.0,698.0,0,0.0,155,23931.6,104,15954.4,37,5698.0,30,4558.4,131,20174.0,370,56980.0,92,14168.0,18,54,23,451,69454.0,174,26796.0,913,140602.0,52,57,-46,-7084.0
2026-08-18,34,CV,299854987,A,30.0,27.0,0,0.0,475,14263.2,317,9508.8,113,3396.0,91,2716.8,53,1590.0,1132,33960.0,283,8490.0,55,166,69,1381,41430.0,70,2100.0,2796,83880.0,136,150,137,4110.0
2026-08-18,34,CN7(AVANTE),299875047,A/S,17.0,59.0,0,0.0,32,535.5,21,357.0,8,127.5,6,102.0,27,459.0,75,1275.0,19,323.0,4,11,5,92,1564.0,36,612.0,186,3162.0,11,12,6,102.0
2026-08-18,34,GN7(GRANDUER),299460359,A/S,85.0,414.0,0,0.0,126,10710.0,84,7140.0,30,2550.0,24,2040.0,95,8075.0,300,25500.0,75,6375.0,15,44,18,366,31110.0,126,10710.0,741,62985.0,41,45,-26,-2210.0
2026-08-18,34,RG3(K9),299954421,A/S,22.0,86.0,0,0.0,75,1654.0,50,1102.6,18,393.8,14,315.0,58,1276.0,179,3938.0,45,990.0,9,26,11,218,4796.0,77,1694.0,442,9724.0,34,37,-1,-22.0
2026-08-18,34,JF(K5),202922969,A/S,53.0,188.0,0,0.0,77,4095.8,52,2730.6,18,975.2,15,780.2,59,3127.0,184,9752.0,46,2438.0,9,27,11,225,11925.0,78,4134.0,455,24115.0,22,24,28,1484.0
2026-08-18,34,AD-100,299342166,A,137.0,155.0,0,0.0,1959,268366.6,1306,178911.0,466,63896.8,373,51117.4,247,33839.0,4664,638968.0,1166,159742.0,228,683,285,5693,779941.0,327,44799.0,11523,1578651.0,619,681,-580,-79460.0
2026-08-18,34,AE(IONIQ),299685098,A/S,85.0,,0,0.0,510,43375.5,340,28917.0,122,10327.5,97,8262.0,402,34170.0,1215,103275.0,304,25840.0,59,178,74,1483,126055.0,533,45305.0,3002,255170.0,209,230,28,2380.0
2026-08-18,34,JF(K5),206375954,A/S,43.0,155.0,0,0.0,52,2239.4,35,1493.0,12,533.2,10,426.6,41,1763.0,124,5332.0,31,1333.0,6,18,8,151,6493.0,55,2365.0,306,13158.0,17,19,22,946.0
2026-08-18,34,NX4-PE(TUCSON),331W85301,A/S,29.0,117.0,0,0.0,18,511.6,12,341.0,4,121.8,3,97.4,14,406.0,42,1218.0,11,319.0,2,6,3,52,1508.0,19,551.0,105,3045.0,6,7,-2,-58.0
2026-08-18,34,PAINT,299414002,원재료,90.0,89.0,7828,704520.0,0,0.0,0,0.0,0,0.0,0,0.0,0,0.0,0,0.0,0,0.0,0,0,0,0,0.0,0,0.0,7828,704520.0,0,0,-287,-25830.0
2026-08-18,34,NX4-PE(TUCSON),206658191,D,56.0,58.0,0,0.0,499,27918.2,332,18612.2,119,6647.2,95,5317.8,57,3192.0,1187,66472.0,297,16632.0,58,174,72,1448,81088.0,75,4200.0,2932,164192.0,186,205,113,6328.0
2026-08-18,34,AE(IONIQ),299309620,A/S,9.0,37.0,0,0.0,3,30.2,2,20.2,1,7.2,1,5.8,3,27.0,8,72.0,2,18.0,0,1,0,9,81.0,4,36.0,19,171.0,0,1,-1,-9.0
2026-08-18,34,TM,206563427,A/S,158.0,620.0,0,0.0,454,71801.5,303,47867.7,108,17095.6,87,13676.5,335,52930.0,1082,170956.0,271,42818.0,53,159,66,1321,208718.0,444,70152.0,2674,422492.0,166,183,75,11850.0
2026-08-18,34,LX2(PALISADE),CA8687444A,A/S,48.0,202.0,0,0.0,202,9697.0,135,6464.6,48,2308.8,38,1847.0,177,8496.0,481,23088.0,120,5760.0,23,70,29,587,28176.0,235,11280.0,1188,57024.0,75,82,-146,-7008.0
2026-08-18,34,"SX2(KONA,HMC)",CA1317263A,E,41.0,48.0,0,0.0,63,2600.2,42,1733.5,15,619.1,12,495.3,7,287.0,151,6191.0,38,1558.0,7,22,9,185,7585.0,10,410.0,374,15334.0,27,30,28,1148.0
2026-08-18,34,OS(KONA),299394964,A/S,90.0,,0,0.0,21,1890.0,14,1260.0,5,450.0,4,360.0,17,1530.0,50,4500.0,12,1080.0,2,7,3,61,5490.0,23,2070.0,123,11070.0,7,8,7,630.0
2026-08-18,34,PAINT,299377596,원재료,117.0,,1035,121095.0,0,0.0,0,0.0,0,0.0,0,0.0,0,0.0,0,0.0,0,0.0,0,0,0,0,0.0,0,0.0,1035,121095.0,0,0,46,5382.0
2026-08-18,34,ON(TELLURIDE),202781944,A/S,605.0,1822.0,0,0.0,1522,921112.5,1015,614075.0,362,219312.5,290,175450.0,1173,709665.0,3625,2193125.0,906,548130.0,177,531,221,4424,2676520.0,1555,940775.0,8955,5417775.0,644,708,562,340010.0
2026-08-18,34,CN7(AVANTE),299998079,A/S,38.0,,0,0.0,31,1165.1,20,776.7,7,277.4,6,221.9,23,874.0,73,2774.0,18,684.0,4,11,4,89,3382.0,31,1178.0,180,6840.0,11,12,3,114.0
2026-08-18,34,YP(CARNIVAL),299312705,A/S,14.0,56.0,0,0.0,32,452.8,22,301.8,8,107.8,6,86.2,25,350.0,77,1078.0,19,266.0,4,11,5,94,1316.0,33,462.0,190,2660.0,9,10,6,84.0
2026-08-18,34,HG(GRANDUER),206970136,A/S,130.0,,0,0.0,88,11411.4,59,7607.6,21,2717.0,17,2173.6,68,8840.0,209,27170.0,52,6760.0,10,31,13,255,33150.0,90,11700.0,516,67080.0,38,42,12,1560.0
2026-08-18,34,CK(STINGER),201899637,D,55.0,56.0,0,0.0,647,35574.0,431,23716.0,154,8470.0,123,6776.0,76,4180.0,1540,84700.0,385,21175.0,75,225,94,1879,103345.0,101,5555.0,3804,209220.0,161,177,-121,-6655.0
2026-08-18,34,PAINT,299724729,원재료,14.0,11.0,369,5166.0,0,0.0,0,0.0,0,0.0,0,0.0,0,0.0,0,0.0,0,0.0,0,0,0,0,0.0,0,0.0,369,5166.0,0,0,20,280.0
2026-08-18,34,OS(KONA),206451195,E,81.0,114.0,0,0.0,771,62460.7,514,41640.5,184,14871.6,147,11897.3,90,7290.0,1836,148716.0,459,37179.0,90,269,112,2241,181521.0,119,9639.0,4536,367416.0,246,271,259,20979.0
2026-08-18,34,VQ,206636266,A/S,30.0,,0,0.0,111,3326.4,74,2217.6,26,792.0,21,633.6,102,3060.0,264,7920.0,66,1980.0,13,39,16,322,9660.0,135,4050.0,652,19560.0,26,29,4,120.0
2026-08-18,34,CV,206774942,A/S,107.0,,0,0.0,573,61343.1,382,40895.4,136,14605.5,109,11684.4,423,45261.0,1365,146055.0,341,36487.0,67,200,83,1666,178262.0,561,60027.0,3372,360804.0,0,163,-227,-24289.0
2026-08-18,34,CN7(AVANTE),299713952,A/S,25.0,,0,0.0,21,525.0,14,350.0,5,125.0,4,100.0,19,475.0,50,1250.0,13,325.0,2,7,3,61,1525.0,25,625.0,124,3100.0,6,7,-4,-100.0
2026-08-18,34,PAINT,299897924,원재료,76.0,66.0,3264,248064.0,0,0.0,0,0.0,0,0.0,0,0.0,0,0.0,0,0.0,0,0.0,0,0,0,0,0.0,0,0.0,3264,248064.0,0,0,477,36252.0
2026-08-18,34,RESIN,299372016,원재료,149.0,203.0,15099,2249751.0,0,0.0,0,0.0,0,0.0,0,0.0,0,0.0,0,0.0,0,0.0,0,0,0,0,0.0,0,0.0,15099,2249751.0,0,0,-860,-128140.0
2026-08-18,34,JF(K5),299675784,A/S,35.0,130.0,0,0.0,10,367.5,7,245.0,2,87.5,2,70.0,9,315.0,25,875.0,6,210.0,1,4,2,31,1085.0,12,420.0,62,2170.0,3,3,-4,-140.0
2026-08-18,34,RG3(K9),299231289,A/S,40.0,164.0,0,0.0,30,1192.8,20,795.2,7,284.0,6,227.2,23,920.0,71,2840.0,18,720.0,3,10,4,86,3440.0,31,1240.0,175,7000.0,9,10,7,280.0
2026-08-18,34,PAINT,206716724,원재료,67.0,83.0,6126,410442.0,0,0.0,0,0.0,0,0.0,0,0.0,0,0.0,0,0.0,0,0.0,0,0,0,0,0.0,0,0.0,6126,410442.0,0,0,304,20368.0
2026-08-18,34,LX2(PALISADE),485W62660,A/S,4.0,,0,0.0,3,10.1,2,6.7,1,2.4,0,1.9,2,8.0,6,24.0,1,4.0,0,1,0,7,28.0,2,8.0,14,56.0,1,1,-1,-4.0
2026-08-18,34,M-300,299818750,D,32.0,34.0,0,0.0,166,5322.2,111,3548.2,40,1267.2,32,1013.8,18,576.0,396,12672.0,99,3168.0,19,58,24,483,15456.0,24,768.0,978,31296.0,68,75,-2,-64.0
2026-08-18,34,M-300,299657598,A/S,96.0,,0,0.0,139,13305.6,92,8870.4,33,3168.0,26,2534.4,100,9600.0,330,31680.0,82,7872.0,16,48,20,403,38688.0,133,12768.0,815,78240.0,46,51,83,7968.0
2026-08-18,34,TM,299922522,A/S,72.0,258.0,0,0.0,785,56548.8,524,37699.2,187,13464.0,150,10771.2,659,47448.0,1870,134640.0,467,33624.0,91,274,114,2282,164304.0,874,62928.0,4619,332568.0,285,314,-136,-9792.0
2026-08-18,34,RG3(K9),206101424,C,59.0,45.0,0,0.0,511,30157.3,341,20104.8,122,7180.3,97,5744.2,68,4012.0,1217,71803.0,304,17936.0,59,178,74,1485,87615.0,90,5310.0,3006,177354.0,208,229,-251,-14809.0
2026-08-18,34,SG2,299661137,D,174.0,168.0,0,0.0,730,126940.0,486,84626.6,174,30223.8,139,24179.0,90,15660.0,1737,302238.0,434,75516.0,85,254,106,2120,368880.0,119,20706.0,4291,746634.0,279,307,-480,-83520.0
2026-08-18,34,SP2(SORENTO),299580402,E,44.0,58.0,0,0.0,108,4730.9,72,3153.9,26,1126.4,20,901.1,12,528.0,256,11264.0,64,2816.0,13,38,16,313,13772.0,17,748.0,633,27852.0,28,31,-7,-308.0
2026-08-18,34,VQ,206126526,A/S,56.0,283.0,0,0.0,112,6256.3,74,4170.9,27,1489.6,21,1191.7,95,5320.0,266,14896.0,66,3696.0,13,39,16,324,18144.0,125,7000.0,656,36736.0,47,52,-23,-1288.0
2026-08-18,34,CN7(AVANTE),299574480,A/S,43.0,,0,0.0,92,3955.1,61,2636.8,22,941.7,18,753.4,75,3225.0,219,9417.0,55,2365.0,11,32,13,268,11524.0,100,4300.0,542,23306.0,26,29,-29,-1247.0
2026-08-18,34,GN7(GRANDUER),299607442,A/S,143.0,,0,0.0,554,79219.1,369,52812.8,132,18861.7,106,15089.4,404,57772.0,1319,188617.0,330,47190.0,64,193,80,1610,230230.0,536,76648.0,3259,466037.0,163,179,180,25740.0
2026-08-18,34,AD-100,299756342,A/S,,125.0,0,0.0,127,8117.8,85,5411.8,30,1932.8,24,1546.2,97,6208.0,302,19328.0,76,4864.0,15,44,18,369,23616.0,129,8256.0,747,47808.0,45,50,18,1152.0
2026-08-18,34,JB,299592822,A/S,143.0,633.0,0,0.0,21,3063.1,14,2042.0,5,729.3,4,583.4,17,2431.0,51,7293.0,13,1859.0,3,8,3,63,9009.0,22,3146.0,127,18161.0,8,9,4,572.0
2026-08-18,34,PAINT,299791181,원재료,48.0,56.0,2497,119856.0,0,0.0,0,0.0,0,0.0,0,0.0,0,0.0,0,0.0,0,0.0,0,0,0,0,0.0,0,0.0,2497,119856.0,0,0,-244,-11712.0
2026-08-18,34,YP(CARNIVAL),299672474,A/S,85.0,367.0,0,0.0,723,61475.4,482,40983.6,172,14637.0,138,11709.6,508,43180.0,1722,146370.0,431,36635.0,84,252,105,2102,178670.0,674,57290.0,4255,361675.0,98,108,235,19975.0
2026-08-18,34,SM,299334283,A/S,32.0,139.0,0,0.0,95,3037.4,63,2025.0,23,723.2,18,578.6,74,2368.0,226,7232.0,56,1792.0,11,33,14,275,8800.0,99,3168.0,557,17824.0,29,32,-8,-256.0
2026-08-18,34,AE-PE(IONIQ),299643360,A/S,88.0,310.0,0,0.0,65,5728.8,43,3819.2,16,1364.0,12,1091.2,52,4576.0,155,13640.0,39,3432.0,8,23,9,189,16632.0,69,6072.0,383,33704.0,21,23,-30,-2640.0
2026-08-18,34,SM,206813579,A/S,50.0,,0,0.0,62,3108.0,41,2072.0,15,740.0,12,592.0,53,2650.0,148,7400.0,37,1850.0,7,22,9,180,9000.0,70,3500.0,365,18250.0,29,32,-19,-950.0
2026-08-18,34,DH(G80),206410256,A/S,53.0,,0,0.0,148,7857.8,99,5238.5,35,1870.9,28,1496.7,121,6413.0,353,18709.0,88,4664.0,17,52,22,430,22790.0,160,8480.0,871,46163.0,40,44,43,2279.0
2026-08-18,34,CN7(AVANTE),202916336,A/S,53.0,,0,0.0,22,1179.8,15,786.5,5,280.9,4,224.7,17,901.0,53,2809.0,13,689.0,3,8,3,65,3445.0,22,1166.0,131,6943.0,9,10,10,530.0
2026-08-18,34,AD-100,299252684,A/S,103.0,,0,0.0,357,36727.7,238,24485.2,85,8744.7,68,6995.8,286,29458.0,849,87447.0,212,21836.0,41,124,52,1037,106811.0,380,39140.0,2098,216094.0,80,88,9,927.0
2026-08-18,34,YP(CARNIVAL),202432720,A/S,78.0,284.0,0,0.0,10,753.5,6,502.3,2,179.4,2,143.5,7,546.0,23,1794.0,6,468.0,1,3,1,28,2184.0,9,702.0,57,4446.0,4,4,5,390.0
2026-08-18,34,AE(IONIQ),299640574,A/S,997.0,4476.0,0,0.0,2616,2607912.7,1744,1738608.5,623,620931.6,498,496745.3,1947,1941159.0,6228,6209316.0,1557,1552329.0,304,912,380,7602,7579194.0,2580,2572260.0,15387,15340839.0,897,987,-2018,-2011946.0
2026-08-18,34,JX1,206587625,D,34.0,35.0,0,0.0,165,5597.8,110,3731.8,39,1332.8,31,1066.2,18,612.0,392,13328.0,98,3332.0,19,57,24,478,16252.0,24,816.0,968,32912.0,55,61,39,1326.0
2026-08-18,34,EG,202991324,A/S,66.0,,0,0.0,160,10561.3,107,7040.9,38,2514.6,30,2011.7,132,8712.0,381,25146.0,95,6270.0,19,56,23,466,30756.0,175,11550.0,942,62172.0,45,50,63,4158.0
2026-08-18,34,QL(TUCSON),299263922,A/S,72.0,281.0,0,0.0,32,2268.0,21,1512.0,8,540.0,6,432.0,27,1944.0,75,5400.0,19,1368.0,4,11,5,91,6552.0,36,2592.0,185,13320.0,10,11,0,0.0
2026-08-18,34,JB,299480728,A/S,31.0,109.0,0,0.0,39,1197.8,26,798.6,9,285.2,7,228.2,31,961.0,92,2852.0,23,713.0,5,14,6,113,3503.0,41,1271.0,228,7068.0,17,19,-21,-651.0
2026-08-18,34,PAINT,206703285,원재료,58.0,,19264,1117312.0,0,0.0,0,0.0,0,0.0,0,0.0,0,0.0,0,0.0,0,0.0,0,0,0,0,0.0,0,0.0,19264,1117312.0,0,0,-871,-50518.0
2026-08-18,34,NX4-PE(TUCSON),299628452,A/S,440.0,1526.0,0,0.0,1509,664171.2,1006,442780.8,359,158136.0,288,126508.8,1066,469040.0,3594,1581360.0,898,395120.0,175,526,219,4387,1930280.0,1413,621720.0,8879,3906760.0,518,570,-640,-281600.0
2026-08-18,34,CV,299939927,A/S,42.0,179.0,0,0.0,72,3016.4,48,2011.0,17,718.2,14,574.6,55,2310.0,171,7182.0,43,1806.0,8,25,10,208,8736.0,73,3066.0,422,17724.0,33,36,37,1554.0
2026-08-18,34,HG(GRANDUER),299703422,A/S,117.0,523.0,0,0.0,212,24766.6,141,16511.0,50,5896.8,40,4717.4,158,18486.0,504,58968.0,126,14742.0,25,74,31,1168,136714.5,209,24453.0,1798,210424.5,22,70,-16,-1872.0
2026-08-18,34,TM,299109392,A/S,161.0,550.0,0,0.0,630,101430.0,420,67620.0,150,24150.0,120,19320.0,439,70679.0,1500,241500.0,375,60375.0,73,220,92,1831,294791.0,581,93541.0,3706,596666.0,177,195,218,35098.0
2026-08-18,34,EG,654W17475,D,96.0,109.0,0,0.0,564,54190.1,376,36126.7,134,12902.4,108,10321.9,73,7008.0,1344,129024.0,336,32256.0,66,197,82,1641,157536.0,97,9312.0,3321,318816.0,214,235,-476,-45696.0
2026-08-18,34,JF(K5),299192477,A/S,276.0,993.0,0,0.0,290,80100.7,193,53400.5,69,19071.6,55,15257.3,228,62928.0,691,190716.0,173,47748.0,34,101,42,843,232668.0,302,83352.0,1707,471132.0,73,80,-181,-49956.0
2026-08-18,34,CV,524W86472,A/S,,204.0,0,0.0,87,5537.3,58,3691.5,21,1318.4,16,1054.7,68,4352.0,206,13184.0,51,3264.0,10,30,13,251,16064.0,90,5760.0,508,32512.0,24,26,38,2432.0
2026-08-18,34,NX4-PE(TUCSON),299828634,A/S,95.0,378.0,0,0.0,507,48159.3,338,32106.2,121,11466.5,97,9173.2,381,36195.0,1207,114665.0,302,28690.0,59,177,74,1473,139935.0,505,47975.0,2982,283290.0,179,197,173,16435.0
2026-08-18,34,QL(TUCSON),206220019,A/S,47.0,225.0,0,0.0,72,3375.5,48,2250.4,17,803.7,14,643.0,62,2914.0,171,8037.0,43,2021.0,8,25,10,209,9823.0,82,3854.0,423,19881.0,32,35,8,376.0
2026-08-18,34,AE-PE(IONIQ),299747875,A/S,47.0,198.0,0,0.0,133,6257.6,89,4171.7,32,1489.9,25,1191.9,107,5029.0,317,14899.0,79,3713.0,15,46,19,387,18189.0,142,6674.0,783,36801.0,48,53,24,1128.0
2026-08-18,34,JX1,299267002,D,395.0,524.0,0,0.0,14962,5910187.5,9975,3940125.0,3562,1407187.5,2850,1125750.0,1682,664390.0,35625,14071875.0,8906,3517870.0,1739,5218,2174,43483,17175785.0,2229,880455.0,88014,34765530.0,5621,6183,7145,2822275.0
2026-08-18,34,CN7(AVANTE),299386683,A/S,72.0,,0,0.0,67,4838.4,45,3225.6,16,1152.0,13,921.6,51,3672.0,160,11520.0,40,2880.0,8,24,10,196,14112.0,68,4896.0,396,28512.0,17,19,3,216.0
2026-08-18,34,EG,299146860,A/S,114.0,426.0,0,0.0,229,26094.6,153,17396.4,54,6213.0,44,4970.4,153,17442.0,545,62130.0,136,15504.0,27,80,33,666,75924.0,203,23142.0,1347,153558.0,61,67,-15,-1710.0
2026-08-18,34,YP(CARNIVAL),299318600,A/S,24.0,,0,0.0,27,655.2,18,436.8,6,156.0,5,124.8,23,552.0,65,1560.0,16,384.0,3,10,4,80,1920.0,31,744.0,161,3864.0,7,8,7,168.0
2026-08-18,34,GN7(GRANDUER),299344576,A/S,42.0,,0,0.0,113,4745.2,75,3163.4,27,1129.8,22,903.8,86,3612.0,269,11298.0,67,2814.0,13,39,16,329,13818.0,114,4788.0,665,27930.0,42,46,48,2016.0
2026-08-18,34,EG,206915540,A/S,58.0,,0,0.0,418,24262.6,279,16175.0,100,5776.8,80,4621.4,296,17168.0,996,57768.0,249,14442.0,49,146,61,1216,70528.0,393,22794.0,2461,142738.0,124,136,354,20532.0
2026-08-18,34,AD-100,299547970,A/S,43.0,146.0,0,0.0,73,3124.4,48,2082.9,17,743.9,14,595.1,57,2451.0,173,7439.0,43,1849.0,8,25,11,211,9073.0,76,3268.0,427,18361.0,29,32,-33,-1419.0
2026-08-18,34,CK(STINGER),299858445,A/S,245.0,,0,0.0,1363,334013.4,909,222675.6,325,79527.0,260,63621.6,1142,279790.0,3246,795270.0,811,198695.0,158,475,198,3962,970690.0,1514,370930.0,8019,1964655.0,375,413,-856,-209720.0
2026-08-18,34,DH(G80),299722334,A/S,95.0,,0,0.0,588,55820.1,392,37213.4,140,13290.5,112,10632.4,447,42465.0,1399,132905.0,350,33250.0,68,205,85,1708,162260.0,593,56335.0,3457,328415.0,250,275,4,380.0
2026-08-18,34,SP2(SORENTO),299105345,A/S,34.0,101.0,0,0.0,193,6568.8,129,4379.2,46,1564.0,37,1251.2,151,5134.0,460,15640.0,115,3910.0,22,67,28,562,19108.0,200,6800.0,1137,38658.0,98,108,79,2686.0
2026-08-18,34,CN7(AVANTE),299183185,A/S,330.0,,0,0.0,171,56271.6,114,37514.4,41,13398.0,32,10718.4,137,45210.0,406,133980.0,102,33660.0,20,60,25,496,163680.0,181,59730.0,1004,331320.0,69,76,-6,-1980.0
2026-08-18,34,JF(K5),299736414,A/S,19.0,74.0,0,0.0,45,845.9,30,563.9,11,201.4,8,161.1,37,703.0,106,2014.0,27,513.0,5,16,6,130,2470.0,49,931.0,263,4997.0,22,24,-11,-209.0
2026-08-18,34,CN7(AVANTE),299670868,E,104.0,124.0,0,0.0,2846,295975.7,1897,197317.1,678,70470.4,542,56376.3,312,32448.0,6776,704704.0,1694,176176.0,331,992,414,8270,860080.0,413,42952.0,16740,1740960.0,1023,1125,701,72904.0
2026-08-18,34,RG3(K9),299414013,E,87.0,,0,0.0,851,74066.6,568,49377.7,203,17634.9,162,14107.9,100,8700.0,2027,176349.0,507,44109.0,99,297,124,2474,215238.0,132,11484.0,5008,435696.0,251,276,-16,-1392.0
2026-08-18,34,VQ,CA7488512E,A/S,130.0,,0,0.0,268,34780.2,178,23186.8,64,8281.0,51,6624.8,191,24830.0,637,82810.0,159,20670.0,31,93,39,777,101010.0,253,32890.0,1573,204490.0,73,80,134,17420.0
2026-08-18,34,TQ(STAREX),299667773,D,31.0,,0,0.0,234,7252.1,156,4834.8,56,1726.7,45,1381.4,26,806.0,557,17267.0,139,4309.0,27,81,34,679,21049.0,34,1054.0,1375,42625.0,83,91,177,5487.0
2026-08-18,34,JB,CA2655068D,,40.0,,0,0.0,35,1394.4,23,929.6,8,332.0,7,265.6,27,1080.0,83,3320.0,21,840.0,4,12,5,102,4080.0,36,1440.0,206,8240.0,15,16,-1,-40.0
2026-08-18,34,PAINT,299856181,원재료,18.0,,4380,78840.0,0,0.0,0,0.0,0,0.0,0,0.0,0,0.0,0,0.0,0,0.0,0,0,0,0,0.0,0,0.0,4380,78840.0,0,0,380,6840.0
2026-08-18,34,RG3(K9),299338334,A,59.0,,0,0.0,1181,69656.6,787,46437.7,281,16584.9,225,13267.9,143,8437.0,2811,165849.0,703,41477.0,137,412,172,3432,202488.0,189,11151.0,6946,409814.0,434,477,382,22538.0
2026-08-18,34,DH(G80),206645145,A/S,16.0,,0,0.0,19,302.4,13,201.6,4,72.0,4,57.6,15,240.0,45,720.0,11,176.0,2,7,3,55,880.0,19,304.0,111,1776.0,6,7,4,64.0
2026-08-18,34,VQ,299386418,A/S,17.0,76.0,0,0.0,9,157.1,6,104.7,2,37.4,2,29.9,7,119.0,22,374.0,5,85.0,1,3,1,26,442.0,9,153.0,53,901.0,2,2,2,34.0
2026-08-18,34,OS(KONA),299460266,A/S,114.0,,0,0.0,358,40841.6,239,27227.8,85,9724.2,68,7779.4,290,33060.0,853,97242.0,213,24282.0,42,125,52,1041,118674.0,385,43890.0,2107,240198.0,100,110,-320,-36480.0
2026-08-18,34,AE(IONIQ),299376076,A/S,32.0,,0,0.0,202,6478.1,135,4318.7,48,1542.4,39,1233.9,145,4640.0,482,15424.0,120,3840.0,24,71,29,588,18816.0,192,6144.0,1190,38080.0,0,87,182,5824.0
2026-08-18,34,SG2,299217637,A/S,69.0,,0,0.0,269,18576.2,179,12384.1,64,4422.9,51,3538.3,237,16353.0,641,44229.0,160,11040.0,31,94,39,783,54027.0,314,21666.0,1584,109296.0,100,110,-141,-9729.0
2026-08-18,34,PAINT,299582414,원재료,26.0,41.0,1160,30160.0,0,0.0,0,0.0,0,0.0,0,0.0,0,0.0,0,0.0,0,0.0,0,0,0,0,0.0,0,0.0,1160,30160.0,0,0,-36,-936.0
2026-08-18,34,AE(IONIQ),299304904,D,65.0,54.0,0,0.0,54,3521.7,36,2347.8,13,838.5,10,670.8,6,390.0,129,8385.0,32,2080.0,6,19,8,157,10205.0,8,520.0,318,20670.0,17,19,19,1235.0
2026-08-18,34,AKZO,299105493,원재료,28.0,,8112,227136.0,0,0.0,0,0.0,0,0.0,0,0.0,0,0.0,0,0.0,0,0.0,0,0,0,0,0.0,0,0.0,8112,227136.0,0,0,-832,-23296.0
2026-08-18,34,OS(KONA),299897465,A/S,147.0,,0,0.0,284,41674.5,189,27783.0,68,9922.5,54,7938.0,204,29988.0,675,99225.0,169,24843.0,33,99,41,824,121128.0,271,39837.0,1668,245196.0,93,102,128,18816.0
2026-08-18,34,JB,299365124,B,,328.0,0,0.0,851,54458.9,567,36305.9,203,12966.4,162,10373.1,113,7232.0,2026,129664.0,507,32448.0,99,297,124,2473,158272.0,149,9536.0,5006,320384.0,239,263,-481,-30784.0
2026-08-18,34,CN7(AVANTE),206137168,A/S,26.0,79.0,0,0.0,59,1539.7,39,1026.5,14,366.6,11,293.3,50,1300.0,141,3666.0,35,910.0,7,21,9,172,4472.0,66,1716.0,348,9048.0,24,26,19,494.0
2026-08-18,34,HG(GRANDUER),299146772,A/S,44.0,,0,0.0,213,9369.4,142,6246.2,51,2230.8,41,1784.6,170,7480.0,507,22308.0,127,5588.0,25,74,31,618,27192.0,226,9944.0,1252,55088.0,64,70,16,704.0
2026-08-18,34,NX4-PE(TUCSON),299505004,A/S,43.0,132.0,0,0.0,163,6989.2,108,4659.5,39,1664.1,31,1331.3,125,5375.0,387,16641.0,97,4171.0,19,57,24,473,20339.0,165,7095.0,957,41151.0,43,47,70,3010.0
2026-08-18,34,SG2,299871250,A/S,37.0,121.0,0,0.0,83,3061.4,55,2040.9,20,728.9,16,583.1,63,2331.0,197,7289.0,49,1813.0,10,29,12,241,8917.0,84,3108.0,487,18019.0,25,28,15,555.0
2026-08-18,34,SM,299799818,A/S,24.0,,0,0.0,220,5271.8,146,3514.6,52,1255.2,42,1004.2,152,3648.0,523,12552.0,131,3144.0,26,77,32,638,15312.0,202,4848.0,1292,31008.0,96,106,24,576.0
2026-08-18,34,SP2(SORENTO),299449519,A/S,271.0,900.0,0,0.0,223,60324.6,148,40216.4,53,14363.0,42,11490.4,165,44715.0,530,143630.0,132,35772.0,26,78,32,646,175066.0,219,59349.0,1308,354468.0,69,76,60,16260.0
2026-08-18,34,MX5(SANTAFE),206671341,B,52.0,65.0,0,0.0,476,24744.7,317,16496.5,113,5891.6,91,4713.3,56,2912.0,1133,58916.0,283,14716.0,55,166,69,1382,71864.0,74,3848.0,2798,145496.0,224,246,160,8320.0
2026-08-18,34,QL(TUCSON),299432053,A/S,70.0,284.0,0,0.0,20,1381.8,13,921.2,5,329.0,4,263.2,14,980.0,47,3290.0,12,840.0,2,7,3,57,3990.0,19,1330.0,116,8120.0,7,8,3,210.0
2026-08-18,34,SG2,206156970,A/S,132.0,559.0,0,0.0,593,78281.3,395,52187.5,141,18638.4,113,14910.7,461,60852.0,1412,186384.0,353,46596.0,69,207,86,1723,227436.0,611,80652.0,3488,460416.0,201,221,-299,-39468.0
2026-08-18,34,CK(STINGER),661130581,D,102.0,131.0,0,0.0,819,83580.8,546,55720.6,195,19900.2,156,15920.2,96,9792.0,1951,199002.0,488,49776.0,95,286,119,2381,242862.0,127,12954.0,4820,491640.0,271,298,217,22134.0
2026-08-18,34,SG2,299233257,A/S,37.0,115.0,0,0.0,54,1989.1,36,1326.1,13,473.6,10,378.9,41,1517.0,128,4736.0,32,1184.0,6,19,8,157,5809.0,54,1998.0,317,11729.0,16,18,11,407.0
2026-08-18,34,DH(G80),299264023,A/S,40.0,,0,0.0,136,5460.0,91,3640.0,32,1300.0,26,1040.0,108,4320.0,325,13000.0,81,3240.0,16,48,20,396,15840.0,143,5720.0,802,32080.0,60,66,12,480.0
2026-08-18,34,LX2(PALISADE),202339357,A/S,219.0,,0,0.0,589,128956.0,393,85970.6,140,30703.8,112,24563.0,432,94608.0,1402,307038.0,350,76650.0,68,205,86,1711,374709.0,572,125268.0,3463,758397.0,164,180,-184,-40296.0
2026-08-18,34,CV,299936880,A/S,66.0,255.0,0,0.0,29,1885.0,19,1256.6,7,448.8,5,359.0,24,1584.0,68,4488.0,17,1122.0,3,10,4,83,5478.0,32,2112.0,168,11088.0,11,12,2,132.0
2026-08-18,34,AE(IONIQ),299768378,E,25.0,,0,0.0,49,1218.0,32,812.0,12,290.0,9,232.0,7,175.0,116,2900.0,29,725.0,6,17,7,141,3525.0,9,225.0,286,7150.0,18,20,-26,-650.0
2026-08-18,34,QL(TUCSON),206929023,A/S,177.0,577.0,0,0.0,407,71961.1,271,47974.1,97,17133.6,77,13706.9,305,53985.0,968,171336.0,242,42834.0,47,142,59,1182,209214.0,404,71508.0,2392,423384.0,116,128,-144,-25488.0
2026-08-18,34,CV,299136227,A/S,41.0,168.0,0,0.0,255,10435.3,170,6956.9,61,2484.6,48,1987.7,197,8077.0,606,24846.0,152,6232.0,30,89,37,740,30340.0,262,10742.0,1498,61418.0,0,95,127,5207.0
2026-08-18,34,OS(KONA),299874053,A/S,123.0,525.0,0,0.0,244,30066.1,163,20044.1,58,7158.6,47,5726.9,188,23124.0,582,71586.0,145,17835.0,28,85,36,710,87330.0,249,30627.0,1437,176751.0,82,90,16,1968.0
2026-08-18,34,DN8(SONATA),299202492,C,49.0,55.0,0,0.0,37,1831.6,25,1221.1,9,436.1,7,348.9,5,245.0,89,4361.0,22,1078.0,4,13,5,109,5341.0,6,294.0,220,10780.0,15,16,-2,-98.0
2026-08-18,34,JX1,206659671,D,39.0,,0,0.0,307,11957.4,204,7971.6,73,2847.0,58,2277.6,32,1248.0,730,28470.0,182,7098.0,36,107,45,891,34749.0,43,1677.0,1803,70317.0,99,109,105,4095.0
2026-08-18,34,M-300,299837846,A/S,44.0,,0,0.0,640,28163.5,427,18775.7,152,6705.6,122,5364.5,516,22704.0,1524,67056.0,381,16764.0,74,223,93,1860,81840.0,684,30096.0,3765,165660.0,0,242,287,12628.0
2026-08-18,34,CN7(AVANTE),201528273,A/S,29.0,,0,0.0,23,669.9,15,446.6,6,159.5,4,127.6,18,522.0,55,1595.0,14,406.0,3,8,3,68,1972.0,24,696.0,137,3973.0,8,9,4,116.0
2026-08-18,34,JB,299946618,A/S,118.0,,0,0.0,220,25969.4,147,17313.0,52,6183.2,42,4946.6,167,19706.0,524,61832.0,131,15458.0,26,77,32,640,75520.0,222,26196.0,1295,152810.0,78,86,8,944.0
2026-08-18,34,HG(GRANDUER),299311524,A/S,60.0,,0,0.0,233,13960.8,155,9307.2,55,3324.0,44,2659.2,184,11040.0,554,33240.0,139,8340.0,27,81,34,677,40620.0,245,14700.0,1370,82200.0,86,95,51,3060.0
2026-08-18,34,CN7(AVANTE),299991208,A/S,10.0,38.0,0,0.0,13,134.4,9,89.6,3,32.0,3,25.6,12,120.0,32,320.0,8,80.0,2,5,2,40,400.0,16,160.0,80,800.0,6,7,-5,-50.0
2026-08-18,34,NX4-PE(TUCSON),299424812,A/S,96.0,342.0,0,0.0,228,21853.4,152,14569.0,54,5203.2,43,4162.6,177,16992.0,542,52032.0,135,12960.0,26,79,33,661,63456.0,235,22560.0,1338,128448.0,76,84,-117,-11232.0
2026-08-18,34,DN8(SONATA),299427326,A/S,48.0,,0,0.0,80,3850.6,53,2567.0,19,916.8,15,733.4,66,3168.0,191,9168.0,48,2304.0,9,28,12,234,11232.0,87,4176.0,473,22704.0,34,37,11,528.0
2026-08-18,34,CN7(AVANTE),206658017,A/S,,474.0,0,0.0,139,8897.3,93,5931.5,33,2118.4,26,1694.7,98,6272.0,331,21184.0,83,5312.0,16,48,20,403,25792.0,130,8320.0,817,52288.0,46,51,96,6144.0
2026-08-18,34,HG(GRANDUER),299358535,D,112.0,132.0,0,0.0,612,68490.2,408,45660.2,146,16307.2,116,13045.8,67,7504.0,1456,163072.0,364,40768.0,71,213,89,1777,199024.0,88,9856.0,3597,402864.0,206,227,-190,-21280.0
2026-08-18,34,JX1,299788899,E,29.0,30.0,0,0.0,388,11266.5,259,7511.0,92,2682.5,74,2146.0,47,1363.0,925,26825.0,231,6699.0,45,135,56,1128,32712.0,63,1827.0,2284,66236.0,99,109,-82,-2378.0
2026-08-18,34,EG,299677768,A/S,74.0,348.0,0,0.0,1042,77140.6,695,51427.0,248,18366.8,199,14693.4,794,58756.0,2482,183668.0,621,45954.0,121,364,152,3030,224220.0,1053,77922.0,6133,453842.0,409,450,658,48692.0
2026-08-18,34,DH(G80),202778556,E,83.0,91.0,0,0.0,654,54242.2,436,36161.4,156,12914.8,124,10331.8,73,6059.0,1556,129148.0,389,32287.0,76,228,95,1899,157617.0,97,8051.0,3844,319052.0,270,297,195,16185.0
2026-08-18,34,DN8(SONATA),299593236,A/S,72.0,286.0,0,0.0,84,6017.8,56,4011.8,20,1432.8,16,1146.2,75,5400.0,199,14328.0,50,3600.0,10,29,12,243,17496.0,99,7128.0,492,35424.0,31,34,-67,-4824.0
2026-08-18,34,PAINT,206494259,원재료,87.0,82.0,5400,469800.0,0,0.0,0,0.0,0,0.0,0,0.0,0,0.0,0,0.0,0,0.0,0,0,0,0,0.0,0,0.0,5400,469800.0,0,0,267,23229.0
2026-08-18,34,GN7(GRANDUER),206490469,A,,64.0,0,0.0,963,61635.8,642,41090.6,229,14675.2,183,11740.2,112,7168.0,2293,146752.0,573,36672.0,112,336,140,2799,179136.0,148,9472.0,5665,362560.0,242,266,-146,-9344.0
2026-08-18,34,DN8(SONATA),299995464,A/S,112.0,,0,0.0,377,42194.9,251,28129.9,90,10046.4,72,8037.1,314,35168.0,897,100464.0,224,25088.0,44,131,55,1095,122640.0,416,46592.0,2216,248192.0,114,125,-56,-6272.0
2026-08-18,34,CN7(AVANTE),206917488,A/S,43.0,,0,0.0,282,12136.3,188,8090.9,67,2889.6,54,2311.7,200,8600.0,672,28896.0,168,7224.0,33,98,41,820,35260.0,265,11395.0,1660,71380.0,100,110,178,7654.0
2026-08-18,34,HG(GRANDUER),299483952,A/S,127.0,597.0,0,0.0,111,14081.8,74,9387.8,26,3352.8,21,2682.2,77,9779.0,264,33528.0,66,8382.0,13,39,16,323,41021.0,102,12954.0,653,82931.0,39,43,28,3556.0
2026-08-18,34,JX1,299739163,A/S,214.0,1161.0,0,0.0,1407,301008.1,938,200672.1,335,71668.6,268,57334.9,993,212502.0,3349,716686.0,837,179118.0,164,491,204,4088,874832.0,1317,281838.0,8274,1770636.0,432,475,477,102078.0
2026-08-18,34,JB,299104029,A/S,28.0,80.0,0,0.0,35,976.1,23,650.7,8,232.4,7,185.9,27,756.0,83,2324.0,21,588.0,4,12,5,101,2828.0,35,980.0,205,5740.0,15,16,27,756.0
2026-08-18,34,JF(K5),299791395,A/S,56.0,,0,0.0,171,9572.6,114,6381.8,41,2279.2,33,1823.4,125,7000.0,407,22792.0,102,5712.0,20,60,25,497,27832.0,165,9240.0,1006,56336.0,37,41,-91,-5096.0
2026-08-18,34,NX4-PE(TUCSON),299741787,A/S,40.0,137.0,0,0.0,109,4368.0,73,2912.0,26,1040.0,21,832.0,83,3320.0,260,10400.0,65,2600.0,13,38,16,317,12680.0,110,4400.0,642,25680.0,31,34,17,680.0
2026-08-18,34,JX1,299715650,D,23.0,,0,0.0,65,1487.6,43,991.8,15,354.2,12,283.4,7,161.0,154,3542.0,39,897.0,8,23,9,188,4324.0,10,230.0,381,8763.0,26,29,-3,-69.0
2026-08-18,34,DN8(SONATA),299996401,A/S,72.0,,0,0.0,158,11340.0,105,7560.0,38,2700.0,30,2160.0,124,8928.0,375,27000.0,94,6768.0,18,55,23,458,32976.0,164,11808.0,927,66744.0,48,53,-22,-1584.0
2026-08-18,34,ON(TELLURIDE),206239067,A/S,11.0,44.0,0,0.0,22,240.2,15,160.2,5,57.2,4,45.8,17,187.0,52,572.0,13,143.0,3,8,3,64,704.0,22,242.0,129,1419.0,6,7,16,176.0
2026-08-18,34,SG2,299395585,A/S,38.0,,0,0.0,46,1739.6,31,1159.8,11,414.2,9,331.4,39,1482.0,109,4142.0,27,1026.0,5,16,7,133,5054.0,52,1976.0,269,10222.0,17,19,-17,-646.0
2026-08-18,34,JX1,299216626,A/S,59.0,251.0,0,0.0,115,6764.9,76,4510.0,27,1610.7,22,1288.6,90,5310.0,273,16107.0,68,4012.0,13,40,17,333,19647.0,119,7021.0,674,39766.0,42,46,49,2891.0
2026-08-18,34,PAINT,206967214,원재료,44.0,,8753,385132.0,0,0.0,0,0.0,0,0.0,0,0.0,0,0.0,0,0.0,0,0.0,0,0,0,0,0.0,0,0.0,8753,385132.0,0,0,287,12628.0
2026-08-18,34,AE-PE(IONIQ),299278004,A/S,13.0,,0,0.0,8,98.3,5,65.5,2,23.4,1,18.7,6,78.0,18,234.0,4,52.0,1,3,1,22,286.0,8,104.0,44,572.0,2,2,5,65.0
2026-08-18,34,SG2,206149633,A/S,56.0,214.0,0,0.0,166,9313.9,111,6209.3,40,2217.6,32,1774.1,131,7336.0,396,22176.0,99,5544.0,19,58,24,483,27048.0,174,9744.0,978,54768.0,47,52,24,1344.0
2026-08-18,34,SG2,299892917,A/S,99.0,378.0,0,0.0,362,35800.4,241,23866.9,86,8523.9,69,6819.1,275,27225.0,861,85239.0,215,21285.0,42,126,53,1051,104049.0,365,36135.0,2127,210573.0,110,121,165,16335.0
2026-08-18,34,GN7(GRANDUER),299427864,A/S,52.0,185.0,0,0.0,8,415.0,5,276.6,2,98.8,2,79.0,7,364.0,19,988.0,5,260.0,1,3,1,23,1196.0,9,468.0,47,2444.0,3,3,-1,-52.0
2026-08-18,34,CV,299538331,A/S,36.0,,0,0.0,35,1255.0,23,836.6,8,298.8,7,239.0,27,972.0,83,2988.0,21,756.0,4,12,5,102,3672.0,36,1296.0,206,7416.0,12,13,14,504.0
2026-08-18,34,DN8(SONATA),299679340,A/S,53.0,182.0,0,0.0,101,5364.7,67,3576.4,24,1277.3,19,1021.8,84,4452.0,241,12773.0,60,3180.0,12,35,15,294,15582.0,111,5883.0,595,31535.0,39,43,-3,-159.0
2026-08-18,34,MX5(SANTAFE),299308753,A/S,25.0,,0,0.0,155,3864.0,103,2576.0,37,920.0,29,736.0,117,2925.0,368,9200.0,92,2300.0,18,54,22,450,11250.0,155,3875.0,910,22750.0,47,52,-51,-1275.0
2026-08-18,34,CV,299250432,A/S,38.0,,0,0.0,50,1899.2,33,1266.2,12,452.2,10,361.8,41,1558.0,119,4522.0,30,1140.0,6,18,7,146,5548.0,54,2052.0,295,11210.0,14,15,11,418.0
2026-08-18,34,RG3(K9),299463902,A/S,32.0,106.0,0,0.0,90,2889.6,60,1926.4,22,688.0,17,550.4,77,2464.0,215,6880.0,54,1728.0,11,32,13,263,8416.0,102,3264.0,532,17024.0,34,37,-6,-192.0
2026-08-18,34,YP(CARNIVAL),CA3983518C,D,259.0,351.0,0,0.0,4145,1073549.8,2763,715699.9,987,255607.1,790,204485.7,476,123284.0,9869,2556071.0,2467,638953.0,482,1446,602,12046,3119914.0,630,163170.0,24382,6314938.0,987,1086,-797,-206423.0
2026-08-18,34,MX5(SANTAFE),299744385,A/S,37.0,111.0,0,0.0,137,5066.0,91,3377.4,33,1206.2,26,965.0,111,4107.0,326,12062.0,81,2997.0,16,48,20,398,14726.0,147,5439.0,805,29785.0,29,32,-7,-259.0
2026-08-18,34,RESIN,125W14911,원재료,177.0,233.0,4557,806589.0,0,0.0,0,0.0,0,0.0,0,0.0,0,0.0,0,0.0,0,0.0,0,0,0,0,0.0,0,0.0,4557,806589.0,0,0,-390,-69030.0
2026-08-18,34,LX2(PALISADE),299300834,A,14.0,18.0,0,0.0,367,5133.2,244,3422.2,87,1222.2,70,977.8,45,630.0,873,12222.0,218,3052.0,43,128,53,1065,14910.0,60,840.0,2156,30184.0,88,97,44,616.0
2026-08-18,34,M-300,206689430,A/S,35.0,107.0,0,0.0,78,2734.2,52,1822.8,19,651.0,15,520.8,61,2135.0,186,6510.0,46,1610.0,9,27,11,227,7945.0,80,2800.0,459,16065.0,30,33,-1,-35.0
2026-08-18,34,YP(CARNIVAL),206311547,C,,,0,0.0,479,30670.1,319,20446.7,114,7302.4,91,5841.9,55,3520.0,1141,73024.0,285,18240.0,56,167,70,1393,89152.0,73,4672.0,2819,180416.0,183,201,-361,-23104.0
2026-08-18,34,QL(TUCSON),299950974,A/S,41.0,149.0,0,0.0,153,6268.1,102,4178.7,36,1492.4,29,1193.9,115,4715.0,364,14924.0,91,3731.0,18,53,22,444,18204.0,153,6273.0,899,36859.0,56,62,75,3075.0
2026-08-18,34,NX4-PE(TUCSON),201630694,A/S,64.0,,0,0.0,37,2392.3,25,1594.9,9,569.6,7,455.7,29,1856.0,89,5696.0,22,1408.0,4,13,5,109,6976.0,39,2496.0,220,14080.0,13,14,-3,-192.0
2026-08-18,34,SG2,299333998,A,113.0,146.0,0,0.0,575,64925.3,383,43283.5,137,15458.4,109,12366.7,64,7232.0,1368,154584.0,342,38646.0,67,200,84,1670,188710.0,85,9605.0,3380,381940.0,243,267,135,15255.0
2026-08-18,34,SM,299820496,A/S,41.0,173.0,0,0.0,29,1188.2,19,792.1,7,282.9,6,226.3,22,902.0,69,2829.0,17,697.0,3,10,4,85,3485.0,29,1189.0,171,7011.0,9,10,2,82.0
2026-08-18,34,M-300,299849425,A/S,36.0,,0,0.0,244,8769.6,162,5846.4,58,2088.0,46,1670.4,197,7092.0,580,20880.0,145,5220.0,28,85,35,708,25488.0,261,9396.0,1433,51588.0,73,80,45,1620.0
2026-08-18,34,OS(KONA),299835093,A/S,47.0,178.0,0,0.0,339,15910.4,226,10607.0,81,3788.2,64,3030.6,295,13865.0,806,37882.0,201,9447.0,39,118,49,983,46201.0,391,18377.0,1990,93530.0,102,112,-147,-6909.0
2026-08-18,34,DN8(SONATA),201938538,A/S,186.0,751.0,0,0.0,943,175457.5,629,116971.7,225,41775.6,180,33420.5,675,125550.0,2246,417756.0,562,104532.0,110,329,137,2742,510012.0,895,166470.0,5550,1032300.0,293,322,887,164982.0
2026-08-18,34,JF(K5),299209674,A/S,28.0,,0,0.0,60,1669.9,40,1113.3,14,397.6,11,318.1,50,1400.0,142,3976.0,35,980.0,7,21,9,173,4844.0,66,1848.0,350,9800.0,24,26,-27,-756.0
2026-08-18,34,OS(KONA),299988373,D,76.0,84.0,0,0.0,1043,79257.4,695,52838.2,248,18870.8,199,15096.6,121,9196.0,2483,188708.0,621,47196.0,121,364,152,3030,230280.0,160,12160.0,6134,466184.0,415,457,476,36176.0
2026-08-18,34,OS(KONA),299414351,A/S,74.0,293.0,0,0.0,290,21445.2,193,14296.8,69,5106.0,55,4084.8,205,15170.0,690,51060.0,172,12728.0,34,101,42,842,62308.0,271,20054.0,1704,126096.0,86,95,110,8140.0
2026-08-18,34,EG,299799321,A/S,89.0,374.0,0,0.0,118,10541.2,79,7027.4,28,2509.8,23,2007.8,81,7209.0,282,25098.0,70,6230.0,14,41,17,344,30616.0,107,9523.0,696,61944.0,32,35,64,5696.0
2026-08-18,34,DH(G80),299837665,E,73.0,,0,0.0,765,55862.5,510,37241.7,182,13300.6,146,10640.5,90,6570.0,1822,133006.0,455,33215.0,89,267,111,2224,162352.0,119,8687.0,4501,328573.0,267,294,18,1314.0
2026-08-18,34,PAINT,299368503,원재료,51.0,,2649,135099.0,0,0.0,0,0.0,0,0.0,0,0.0,0,0.0,0,0.0,0,0.0,0,0,0,0,0.0,0,0.0,2649,135099.0,0,0,109,5559.0
2026-08-18,34,M-300,299835959,A/S,390.0,,0,0.0,121,47338.2,81,31558.8,29,11271.0,23,9016.8,94,36660.0,289,112710.0,72,28080.0,14,42,18,353,137670.0,124,48360.0,714,278460.0,48,53,-27,-10530.0
2026-08-18,34,DN8(SONATA),299714700,A/S,,390.0,0,0.0,179,11450.9,119,7633.9,43,2726.4,34,2181.1,143,9152.0,426,27264.0,107,6848.0,21,62,26,520,33280.0,190,12160.0,1053,67392.0,56,62,69,4416.0
2026-08-18,34,JB,529W48245,A/S,79.0,,0,0.0,286,22595.6,191,15063.7,68,5379.9,54,4303.9,223,17617.0,681,53799.0,170,13430.0,33,100,42,831,65649.0,295,23305.0,1682,132878.0,85,94,59,4661.0
2026-08-18,34,SG2,299991826,D,44.0,44.0,0,0.0,37,1626.2,25,1084.2,9,387.2,7,309.8,4,176.0,88,3872.0,22,968.0,4,13,5,107,4708.0,5,220.0,217,9548.0,12,13,-1,-44.0
2026-08-18,34,YP(CARNIVAL),202717277,E,133.0,154.0,0,0.0,612,81388.0,408,54258.7,146,19378.1,117,15502.5,76,10108.0,1457,193781.0,364,48412.0,71,213,89,1779,236607.0,100,13300.0,3600,478800.0,175,193,-206,-27398.0
2026-08-18,34,VQ,299704696,A/S,60.0,256.0,0,0.0,50,3024.0,34,2016.0,12,720.0,10,576.0,39,2340.0,120,7200.0,30,1800.0,6,18,7,146,8760.0,52,3120.0,296,17760.0,17,19,-12,-720.0
2026-08-18,34,SM,141698966,A/S,116.0,,0,0.0,669,77611.0,446,51740.6,159,18478.8,127,14783.0,553,64148.0,1593,184788.0,398,46168.0,78,233,97,1944,225504.0,734,85144.0,3935,456460.0,201,221,-269,-31204.0
2026-08-18,34,AE(IONIQ),299245266,A/S,71.0,219.0,0,0.0,47,3310.0,31,2206.7,11,788.1,9,630.5,37,2627.0,111,7881.0,28,1988.0,5,16,7,136,9656.0,49,3479.0,275,19525.0,8,9,-7,-497.0
2026-08-18,34,NX4-PE(TUCSON),299392307,A/S,8.0,28.0,0,0.0,10,77.3,6,51.5,2,18.4,2,14.7,8,64.0,23,184.0,6,48.0,1,3,1,28,224.0,11,88.0,57,456.0,3,3,-2,-16.0
2026-08-18,34,DN8(SONATA),206202269,A/S,175.0,794.0,0,0.0,418,73206.0,279,48804.0,100,17430.0,80,13944.0,328,57400.0,996,174300.0,249,43575.0,49,146,61,1216,212800.0,434,75950.0,2461,430675.0,103,113,-144,-25200.0
2026-08-18,34,TQ(STAREX),299517095,A/S,30.0,,0,0.0,119,3565.8,79,2377.2,28,849.0,23,679.2,95,2850.0,283,8490.0,71,2130.0,14,42,17,346,10380.0,127,3810.0,700,21000.0,34,37,32,960.0
2026-08-18,34,AD-100,CA5458448B,A/S,120.0,323.0,0,0.0,278,33314.4,185,22209.6,66,7932.0,53,6345.6,222,26640.0,661,79320.0,165,19800.0,32,97,40,806,96720.0,295,35400.0,1632,195840.0,72,79,-70,-8400.0
2026-08-18,34,HG(GRANDUER),CA8542032D,D,86.0,111.0,0,0.0,605,52012.8,403,34675.2,144,12384.0,115,9907.2,70,6020.0,1440,123840.0,360,30960.0,70,211,88,1758,151188.0,92,7912.0,3558,305988.0,256,282,-96,-8256.0
2026-08-18,34,AE-PE(IONIQ),206631685,A/S,189.0,856.0,0,0.0,602,113830.9,402,75887.3,143,27102.6,115,21682.1,458,86562.0,1434,271026.0,359,67851.0,70,210,88,1751,330939.0,608,114912.0,3544,669816.0,160,176,-184,-34776.0
2026-08-18,34,PAINT,299513891,원재료,74.0,100.0,8687,642838.0,0,0.0,0,0.0,0,0.0,0,0.0,0,0.0,0,0.0,0,0.0,0,0,0,0,0.0,0,0.0,8687,642838.0,0,0,-495,-36630.0
2026-08-18,34,YP(CARNIVAL),206355494,A/S,54.0,,0,0.0,338,18257.4,225,12171.6,80,4347.0,64,3477.6,277,14958.0,805,43470.0,201,10854.0,39,118,49,983,53082.0,368,19872.0,1989,107406.0,112,123,-8,-432.0
2026-08-18,34,CK(STINGER),299639711,E,60.0,61.0,0,0.0,741,44452.8,494,29635.2,176,10584.0,141,8467.2,82,4920.0,1764,105840.0,441,26460.0,86,258,108,2154,129240.0,109,6540.0,4359,261540.0,158,174,-96,-5760.0
2026-08-18,34,TQ(STAREX),299340795,A/S,88.0,265.0,0,0.0,303,26648.2,202,17765.4,72,6344.8,58,5075.8,242,21296.0,721,63448.0,180,15840.0,35,106,44,880,77440.0,321,28248.0,1781,156728.0,84,92,-107,-9416.0
2026-08-18,34,TM,299207937,A/S,50.0,142.0,0,0.0,124,6195.0,83,4130.0,30,1475.0,24,1180.0,91,4550.0,295,14750.0,74,3700.0,14,43,18,360,18000.0,120,6000.0,729,36450.0,58,64,69,3450.0
2026-08-18,34,JB,299649118,A/S,94.0,,0,0.0,144,13502.2,96,9001.4,34,3214.8,27,2571.8,120,11280.0,342,32148.0,86,8084.0,17,50,21,418,39292.0,159,14946.0,846,79524.0,49,54,54,5076.0
2026-08-18,34,TM,299840958,A/S,228.0,858.0,0,0.0,307,70096.3,205,46730.9,73,16689.6,59,13351.7,233,53124.0,732,166896.0,183,41724.0,36,107,45,893,203604.0,309,70452.0,1808,412224.0,106,117,-155,-35340.0
2026-08-18,34,CN7(AVANTE),299229742,A/S,30.0,,0,0.0,46,1373.4,31,915.6,11,327.0,9,261.6,35,1050.0,109,3270.0,27,810.0,5,16,7,133,3990.0,46,1380.0,269,8070.0,15,16,4,120.0
2026-08-18,34,SG2,206577365,D,106.0,,0,0.0,1362,144333.8,908,96222.6,324,34365.2,259,27492.2,162,17172.0,3242,343652.0,810,85860.0,158,475,198,3957,419442.0,215,22790.0,8009,848954.0,514,565,-705,-74730.0
2026-08-18,34,AE-PE(IONIQ),206309240,A/S,36.0,133.0,0,0.0,17,604.8,11,403.2,4,144.0,3,115.2,13,468.0,40,1440.0,10,360.0,2,6,2,48,1728.0,17,612.0,98,3528.0,4,4,9,324.0
2026-08-18,34,OS(KONA),299923267,A/S,46.0,183.0,0,0.0,322,14818.4,215,9879.0,77,3528.2,61,2822.6,237,10902.0,767,35282.0,192,8832.0,37,112,47,936,43056.0,314,14444.0,1895,87170.0,71,78,160,7360.0
2026-08-18,34,HG(GRANDUER),206151784,A/S,39.0,,0,0.0,100,3914.8,67,2609.9,24,932.1,19,745.7,81,3159.0,239,9321.0,60,2340.0,12,35,15,291,11349.0,108,4212.0,590,23010.0,31,34,58,2262.0
2026-08-18,34,AE-PE(IONIQ),299571170,C,67.0,,0,0.0,178,11959.5,119,7973.0,42,2847.5,34,2278.0,19,1273.0,425,28475.0,106,7102.0,21,62,26,519,34773.0,26,1742.0,1050,70350.0,47,52,10,670.0
2026-08-18,34,TM,299432640,A/S,63.0,242.0,0,0.0,313,19739.2,209,13159.4,75,4699.8,60,3759.8,249,15687.0,746,46998.0,187,11781.0,36,109,46,911,57393.0,329,20727.0,1844,116172.0,109,120,-12,-756.0
2026-08-18,34,JF(K5),299504361,A/S,110.0,,0,0.0,309,34003.2,206,22668.8,74,8096.0,59,6476.8,263,28930.0,736,80960.0,184,20240.0,36,108,45,898,98780.0,349,38390.0,1818,199980.0,122,134,-1,-110.0
2026-08-18,34,CK(STINGER),299619808,A/S,12.0,38.0,0,0.0,60,715.7,40,477.1,14,170.4,11,136.3,51,612.0,142,1704.0,35,420.0,7,21,9,173,2076.0,67,804.0,350,4200.0,18,20,24,288.0
2026-08-18,34,MX5(SANTAFE),201489619,A/S,82.0,284.0,0,0.0,87,7163.5,58,4775.7,21,1705.6,17,1364.5,62,5084.0,208,17056.0,52,4264.0,10,30,13,254,20828.0,83,6806.0,514,42148.0,36,40,-22,-1804.0
2026-08-18,34,PAINT,299907928,원재료,65.0,,5926,385190.0,0,0.0,0,0.0,0,0.0,0,0.0,0,0.0,0,0.0,0,0.0,0,0,0,0,0.0,0,0.0,5926,385190.0,0,0,540,35100.0
2026-08-18,34,VQ,299304219,A/S,11.0,39.0,0,0.0,20,217.1,13,144.8,5,51.7,4,41.4,17,187.0,47,517.0,12,132.0,2,7,3,57,627.0,22,242.0,116,1276.0,6,7,-2,-22.0
2026-08-18,34,RG3(K9),299568858,A,101.0,126.0,0,0.0,38,3860.2,25,2573.5,9,919.1,7,735.3,5,505.0,91,9191.0,23,2323.0,4,13,6,111,11211.0,6,606.0,225,22725.0,16,18,-5,-505.0
2026-08-18,34,JF(K5),299575013,A/S,167.0,522.0,0,0.0,352,58777.3,235,39184.9,84,13994.6,67,11195.7,274,45758.0,838,139946.0,210,35070.0,41,123,51,1023,170841.0,364,60788.0,2071,345857.0,80,88,90,15030.0
2026-08-18,34,"SX2(KONA,HMC)",299411093,A/S,53.0,,0,0.0,104,5520.5,69,3680.3,25,1314.4,20,1051.5,83,4399.0,248,13144.0,62,3286.0,12,36,15,303,16059.0,109,5777.0,613,32489.0,27,30,-47,-2491.0
2026-08-18,34,AE-PE(IONIQ),299363536,A/S,12.0,37.0,0,0.0,18,221.8,12,147.8,4,52.8,4,42.2,15,180.0,44,528.0,11,132.0,2,6,3,54,648.0,20,240.0,109,1308.0,6,7,8,96.0
2026-08-18,34,AE-PE(IONIQ),206288541,A/S,25.0,80.0,0,0.0,248,6195.0,165,4130.0,59,1475.0,47,1180.0,208,5200.0,590,14750.0,147,3675.0,29,86,36,720,18000.0,276,6900.0,1457,36425.0,107,118,54,1350.0
2026-08-18,34,OS(KONA),299508170,A/S,45.0,,0,0.0,28,1247.4,18,831.6,7,297.0,5,237.6,22,990.0,66,2970.0,16,720.0,3,10,4,80,3600.0,29,1305.0,162,7290.0,9,10,-16,-720.0
2026-08-18,34,MX5(SANTAFE),206276962,A/S,154.0,596.0,0,0.0,61,9378.6,41,6252.4,14,2233.0,12,1786.4,45,6930.0,145,22330.0,36,5544.0,7,21,9,176,27104.0,60,9240.0,357,54978.0,15,16,-38,-5852.0
